Timing Analyzer report for week9
Sun Sep 13 19:18:06 2026
Quartus Prime Version 22.1std.1 Build 917 02/14/2023 SC Lite Edition


---------------------
; Table of Contents ;
---------------------
  1. Legal Notice
  2. Timing Analyzer Summary
  3. Parallel Compilation
  4. Clocks
  5. Slow 1200mV 85C Model Fmax Summary
  6. Timing Closure Recommendations
  7. Slow 1200mV 85C Model Setup Summary
  8. Slow 1200mV 85C Model Hold Summary
  9. Slow 1200mV 85C Model Recovery Summary
 10. Slow 1200mV 85C Model Removal Summary
 11. Slow 1200mV 85C Model Minimum Pulse Width Summary
 12. Slow 1200mV 85C Model Setup: 'clk'
 13. Slow 1200mV 85C Model Hold: 'clk'
 14. Slow 1200mV 85C Model Recovery: 'clk'
 15. Slow 1200mV 85C Model Removal: 'clk'
 16. Slow 1200mV 85C Model Metastability Summary
 17. Slow 1200mV 0C Model Fmax Summary
 18. Slow 1200mV 0C Model Setup Summary
 19. Slow 1200mV 0C Model Hold Summary
 20. Slow 1200mV 0C Model Recovery Summary
 21. Slow 1200mV 0C Model Removal Summary
 22. Slow 1200mV 0C Model Minimum Pulse Width Summary
 23. Slow 1200mV 0C Model Setup: 'clk'
 24. Slow 1200mV 0C Model Hold: 'clk'
 25. Slow 1200mV 0C Model Recovery: 'clk'
 26. Slow 1200mV 0C Model Removal: 'clk'
 27. Slow 1200mV 0C Model Metastability Summary
 28. Fast 1200mV 0C Model Setup Summary
 29. Fast 1200mV 0C Model Hold Summary
 30. Fast 1200mV 0C Model Recovery Summary
 31. Fast 1200mV 0C Model Removal Summary
 32. Fast 1200mV 0C Model Minimum Pulse Width Summary
 33. Fast 1200mV 0C Model Setup: 'clk'
 34. Fast 1200mV 0C Model Hold: 'clk'
 35. Fast 1200mV 0C Model Recovery: 'clk'
 36. Fast 1200mV 0C Model Removal: 'clk'
 37. Fast 1200mV 0C Model Metastability Summary
 38. Multicorner Timing Analysis Summary
 39. Board Trace Model Assignments
 40. Input Transition Times
 41. Signal Integrity Metrics (Slow 1200mv 0c Model)
 42. Signal Integrity Metrics (Slow 1200mv 85c Model)
 43. Signal Integrity Metrics (Fast 1200mv 0c Model)
 44. Setup Transfers
 45. Hold Transfers
 46. Recovery Transfers
 47. Removal Transfers
 48. Report TCCS
 49. Report RSKM
 50. Unconstrained Paths Summary
 51. Clock Status Summary
 52. Unconstrained Input Ports
 53. Unconstrained Output Ports
 54. Unconstrained Input Ports
 55. Unconstrained Output Ports
 56. Timing Analyzer Messages



----------------
; Legal Notice ;
----------------
Copyright (C) 2023  Intel Corporation. All rights reserved.
Your use of Intel Corporation's design tools, logic functions 
and other software and tools, and any partner logic 
functions, and any output files from any of the foregoing 
(including device programming or simulation files), and any 
associated documentation or information are expressly subject 
to the terms and conditions of the Intel Program License 
Subscription Agreement, the Intel Quartus Prime License Agreement,
the Intel FPGA IP License Agreement, or other applicable license
agreement, including, without limitation, that your use is for
the sole purpose of programming logic devices manufactured by
Intel and sold by Intel or its authorized distributors.  Please
refer to the applicable agreement for further details, at
https://fpgasoftware.intel.com/eula.



+--------------------------------------------------------------------------------+
; Timing Analyzer Summary                                                        ;
+-----------------------+--------------------------------------------------------+
; Quartus Prime Version ; Version 22.1std.1 Build 917 02/14/2023 SC Lite Edition ;
; Timing Analyzer       ; Legacy Timing Analyzer                                 ;
; Revision Name         ; week9                                                  ;
; Device Family         ; Cyclone IV E                                           ;
; Device Name           ; EP4CE22F17C6                                           ;
; Timing Models         ; Final                                                  ;
; Delay Model           ; Combined                                               ;
; Rise/Fall Delays      ; Enabled                                                ;
+-----------------------+--------------------------------------------------------+


+------------------------------------------+
; Parallel Compilation                     ;
+----------------------------+-------------+
; Processors                 ; Number      ;
+----------------------------+-------------+
; Number detected on machine ; 4           ;
; Maximum allowed            ; 2           ;
;                            ;             ;
; Average used               ; 1.21        ;
; Maximum used               ; 2           ;
;                            ;             ;
; Usage by Processor         ; % Time Used ;
;     Processor 1            ; 100.0%      ;
;     Processor 2            ;  21.1%      ;
+----------------------------+-------------+


+---------------------------------------------------------------------------------------------------------------------------------------------------------------------------------+
; Clocks                                                                                                                                                                          ;
+------------+------+--------+------------+-------+-------+------------+-----------+-------------+-------+--------+-----------+------------+----------+--------+--------+---------+
; Clock Name ; Type ; Period ; Frequency  ; Rise  ; Fall  ; Duty Cycle ; Divide by ; Multiply by ; Phase ; Offset ; Edge List ; Edge Shift ; Inverted ; Master ; Source ; Targets ;
+------------+------+--------+------------+-------+-------+------------+-----------+-------------+-------+--------+-----------+------------+----------+--------+--------+---------+
; clk        ; Base ; 1.000  ; 1000.0 MHz ; 0.000 ; 0.500 ;            ;           ;             ;       ;        ;           ;            ;          ;        ;        ; { clk } ;
+------------+------+--------+------------+-------+-------+------------+-----------+-------------+-------+--------+-----------+------------+----------+--------+--------+---------+


+--------------------------------------------------+
; Slow 1200mV 85C Model Fmax Summary               ;
+------------+-----------------+------------+------+
; Fmax       ; Restricted Fmax ; Clock Name ; Note ;
+------------+-----------------+------------+------+
; 125.06 MHz ; 125.06 MHz      ; clk        ;      ;
+------------+-----------------+------------+------+
This panel reports FMAX for every clock in the design, regardless of the user-specified clock periods.  FMAX is only computed for paths where the source and destination registers or ports are driven by the same clock.  Paths of different clocks, including generated clocks, are ignored.  For paths between a clock and its inversion, FMAX is computed as if the rising and falling edges are scaled along with FMAX, such that the duty cycle (in terms of a percentage) is maintained. Altera recommends that you always use clock constraints and other slack reports for sign-off analysis.


----------------------------------
; Timing Closure Recommendations ;
----------------------------------
HTML report is unavailable in plain text report export.


+-------------------------------------+
; Slow 1200mV 85C Model Setup Summary ;
+-------+--------+--------------------+
; Clock ; Slack  ; End Point TNS      ;
+-------+--------+--------------------+
; clk   ; -6.996 ; -3876.733          ;
+-------+--------+--------------------+


+------------------------------------+
; Slow 1200mV 85C Model Hold Summary ;
+-------+-------+--------------------+
; Clock ; Slack ; End Point TNS      ;
+-------+-------+--------------------+
; clk   ; 0.321 ; 0.000              ;
+-------+-------+--------------------+


+----------------------------------------+
; Slow 1200mV 85C Model Recovery Summary ;
+-------+--------+-----------------------+
; Clock ; Slack  ; End Point TNS         ;
+-------+--------+-----------------------+
; clk   ; -0.938 ; -45.116               ;
+-------+--------+-----------------------+


+---------------------------------------+
; Slow 1200mV 85C Model Removal Summary ;
+-------+-------+-----------------------+
; Clock ; Slack ; End Point TNS         ;
+-------+-------+-----------------------+
; clk   ; 1.188 ; 0.000                 ;
+-------+-------+-----------------------+


+---------------------------------------------------+
; Slow 1200mV 85C Model Minimum Pulse Width Summary ;
+-------+--------+----------------------------------+
; Clock ; Slack  ; End Point TNS                    ;
+-------+--------+----------------------------------+
; clk   ; -3.000 ; -1073.370                        ;
+-------+--------+----------------------------------+


+--------------------------------------------------------------------------------------------------------------------------------------------------------------------------------------------------------------------------------------------------------------------------------------+
; Slow 1200mV 85C Model Setup: 'clk'                                                                                                                                                                                                                                                   ;
+--------+----------------------------------------------------------------------------------------------+--------------------------------------------------------------------------------------------------------+--------------+-------------+--------------+------------+------------+
; Slack  ; From Node                                                                                    ; To Node                                                                                                ; Launch Clock ; Latch Clock ; Relationship ; Clock Skew ; Data Delay ;
+--------+----------------------------------------------------------------------------------------------+--------------------------------------------------------------------------------------------------------+--------------+-------------+--------------+------------+------------+
; -6.996 ; picorv32:u_cpu|mem_addr[29]                                                                  ; picorv32:u_cpu|altsyncram:cpuregs_rtl_0|altsyncram_7sd1:auto_generated|ram_block1a0~portb_address_reg0 ; clk          ; clk         ; 1.000        ; 0.255      ; 8.279      ;
; -6.969 ; picorv32:u_cpu|mem_addr[23]                                                                  ; picorv32:u_cpu|altsyncram:cpuregs_rtl_0|altsyncram_7sd1:auto_generated|ram_block1a0~portb_address_reg0 ; clk          ; clk         ; 1.000        ; 0.255      ; 8.252      ;
; -6.857 ; picorv32:u_cpu|mem_addr[9]                                                                   ; picorv32:u_cpu|altsyncram:cpuregs_rtl_0|altsyncram_7sd1:auto_generated|ram_block1a0~portb_address_reg0 ; clk          ; clk         ; 1.000        ; 0.237      ; 8.122      ;
; -6.849 ; picorv32:u_cpu|mem_addr[7]                                                                   ; picorv32:u_cpu|altsyncram:cpuregs_rtl_0|altsyncram_7sd1:auto_generated|ram_block1a0~portb_address_reg0 ; clk          ; clk         ; 1.000        ; 0.237      ; 8.114      ;
; -6.842 ; picorv32:u_cpu|mem_addr[16]                                                                  ; picorv32:u_cpu|altsyncram:cpuregs_rtl_0|altsyncram_7sd1:auto_generated|ram_block1a0~portb_address_reg0 ; clk          ; clk         ; 1.000        ; 0.263      ; 8.133      ;
; -6.835 ; picorv32:u_cpu|mem_addr[15]                                                                  ; picorv32:u_cpu|altsyncram:cpuregs_rtl_0|altsyncram_7sd1:auto_generated|ram_block1a0~portb_address_reg0 ; clk          ; clk         ; 1.000        ; 0.263      ; 8.126      ;
; -6.798 ; picorv32:u_cpu|mem_addr[27]                                                                  ; picorv32:u_cpu|altsyncram:cpuregs_rtl_0|altsyncram_7sd1:auto_generated|ram_block1a0~portb_address_reg0 ; clk          ; clk         ; 1.000        ; 0.255      ; 8.081      ;
; -6.784 ; picorv32:u_cpu|mem_addr[25]                                                                  ; picorv32:u_cpu|altsyncram:cpuregs_rtl_0|altsyncram_7sd1:auto_generated|ram_block1a0~portb_address_reg0 ; clk          ; clk         ; 1.000        ; 0.263      ; 8.075      ;
; -6.767 ; picorv32:u_cpu|mem_addr[5]                                                                   ; picorv32:u_cpu|altsyncram:cpuregs_rtl_0|altsyncram_7sd1:auto_generated|ram_block1a0~portb_address_reg0 ; clk          ; clk         ; 1.000        ; 0.263      ; 8.058      ;
; -6.759 ; picorv32:u_cpu|mem_addr[22]                                                                  ; picorv32:u_cpu|altsyncram:cpuregs_rtl_0|altsyncram_7sd1:auto_generated|ram_block1a0~portb_address_reg0 ; clk          ; clk         ; 1.000        ; 0.255      ; 8.042      ;
; -6.754 ; picorv32:u_cpu|mem_addr[11]                                                                  ; picorv32:u_cpu|altsyncram:cpuregs_rtl_0|altsyncram_7sd1:auto_generated|ram_block1a0~portb_address_reg0 ; clk          ; clk         ; 1.000        ; 0.263      ; 8.045      ;
; -6.753 ; picorv32:u_cpu|mem_addr[19]                                                                  ; picorv32:u_cpu|altsyncram:cpuregs_rtl_0|altsyncram_7sd1:auto_generated|ram_block1a0~portb_address_reg0 ; clk          ; clk         ; 1.000        ; 0.255      ; 8.036      ;
; -6.742 ; picorv32:u_cpu|mem_addr[29]                                                                  ; picorv32:u_cpu|decoded_rs1[0]                                                                          ; clk          ; clk         ; 1.000        ; 0.290      ; 8.027      ;
; -6.740 ; picorv32:u_cpu|mem_addr[29]                                                                  ; picorv32:u_cpu|decoded_rs1[4]                                                                          ; clk          ; clk         ; 1.000        ; 0.290      ; 8.025      ;
; -6.721 ; picorv32:u_cpu|mem_addr[29]                                                                  ; picorv32:u_cpu|decoded_rs1[2]                                                                          ; clk          ; clk         ; 1.000        ; 0.290      ; 8.006      ;
; -6.715 ; picorv32:u_cpu|mem_addr[23]                                                                  ; picorv32:u_cpu|decoded_rs1[0]                                                                          ; clk          ; clk         ; 1.000        ; 0.290      ; 8.000      ;
; -6.713 ; picorv32:u_cpu|mem_addr[23]                                                                  ; picorv32:u_cpu|decoded_rs1[4]                                                                          ; clk          ; clk         ; 1.000        ; 0.290      ; 7.998      ;
; -6.701 ; picorv32:u_cpu|mem_addr[31]                                                                  ; picorv32:u_cpu|altsyncram:cpuregs_rtl_0|altsyncram_7sd1:auto_generated|ram_block1a0~portb_address_reg0 ; clk          ; clk         ; 1.000        ; 0.255      ; 7.984      ;
; -6.701 ; picorv32:u_cpu|mem_addr[24]                                                                  ; picorv32:u_cpu|altsyncram:cpuregs_rtl_0|altsyncram_7sd1:auto_generated|ram_block1a0~portb_address_reg0 ; clk          ; clk         ; 1.000        ; 0.255      ; 7.984      ;
; -6.694 ; picorv32:u_cpu|mem_addr[23]                                                                  ; picorv32:u_cpu|decoded_rs1[2]                                                                          ; clk          ; clk         ; 1.000        ; 0.290      ; 7.979      ;
; -6.687 ; picorv32:u_cpu|mem_addr[10]                                                                  ; picorv32:u_cpu|altsyncram:cpuregs_rtl_0|altsyncram_7sd1:auto_generated|ram_block1a0~portb_address_reg0 ; clk          ; clk         ; 1.000        ; 0.237      ; 7.952      ;
; -6.685 ; picorv32:u_cpu|mem_addr[26]                                                                  ; picorv32:u_cpu|altsyncram:cpuregs_rtl_0|altsyncram_7sd1:auto_generated|ram_block1a0~portb_address_reg0 ; clk          ; clk         ; 1.000        ; 0.263      ; 7.976      ;
; -6.675 ; picorv32:u_cpu|mem_addr[18]                                                                  ; picorv32:u_cpu|altsyncram:cpuregs_rtl_0|altsyncram_7sd1:auto_generated|ram_block1a0~portb_address_reg0 ; clk          ; clk         ; 1.000        ; 0.263      ; 7.966      ;
; -6.648 ; ram_16kb:u_ram|altsyncram:ram_byte0|altsyncram_94q3:auto_generated|ram_block1a5~porta_we_reg ; picorv32:u_cpu|altsyncram:cpuregs_rtl_0|altsyncram_7sd1:auto_generated|ram_block1a0~portb_address_reg0 ; clk          ; clk         ; 1.000        ; -0.068     ; 7.608      ;
; -6.643 ; picorv32:u_cpu|mem_addr[28]                                                                  ; picorv32:u_cpu|altsyncram:cpuregs_rtl_0|altsyncram_7sd1:auto_generated|ram_block1a0~portb_address_reg0 ; clk          ; clk         ; 1.000        ; 0.263      ; 7.934      ;
; -6.606 ; picorv32:u_cpu|mem_addr[4]                                                                   ; picorv32:u_cpu|altsyncram:cpuregs_rtl_0|altsyncram_7sd1:auto_generated|ram_block1a0~portb_address_reg0 ; clk          ; clk         ; 1.000        ; 0.263      ; 7.897      ;
; -6.603 ; picorv32:u_cpu|mem_addr[9]                                                                   ; picorv32:u_cpu|decoded_rs1[0]                                                                          ; clk          ; clk         ; 1.000        ; 0.272      ; 7.870      ;
; -6.601 ; picorv32:u_cpu|mem_addr[9]                                                                   ; picorv32:u_cpu|decoded_rs1[4]                                                                          ; clk          ; clk         ; 1.000        ; 0.272      ; 7.868      ;
; -6.596 ; picorv32:u_cpu|mem_addr[21]                                                                  ; picorv32:u_cpu|altsyncram:cpuregs_rtl_0|altsyncram_7sd1:auto_generated|ram_block1a0~portb_address_reg0 ; clk          ; clk         ; 1.000        ; 0.255      ; 7.879      ;
; -6.595 ; picorv32:u_cpu|mem_addr[7]                                                                   ; picorv32:u_cpu|decoded_rs1[0]                                                                          ; clk          ; clk         ; 1.000        ; 0.272      ; 7.862      ;
; -6.593 ; picorv32:u_cpu|mem_addr[7]                                                                   ; picorv32:u_cpu|decoded_rs1[4]                                                                          ; clk          ; clk         ; 1.000        ; 0.272      ; 7.860      ;
; -6.588 ; picorv32:u_cpu|mem_addr[16]                                                                  ; picorv32:u_cpu|decoded_rs1[0]                                                                          ; clk          ; clk         ; 1.000        ; 0.298      ; 7.881      ;
; -6.586 ; picorv32:u_cpu|mem_addr[16]                                                                  ; picorv32:u_cpu|decoded_rs1[4]                                                                          ; clk          ; clk         ; 1.000        ; 0.298      ; 7.879      ;
; -6.582 ; picorv32:u_cpu|mem_addr[9]                                                                   ; picorv32:u_cpu|decoded_rs1[2]                                                                          ; clk          ; clk         ; 1.000        ; 0.272      ; 7.849      ;
; -6.581 ; picorv32:u_cpu|mem_addr[15]                                                                  ; picorv32:u_cpu|decoded_rs1[0]                                                                          ; clk          ; clk         ; 1.000        ; 0.298      ; 7.874      ;
; -6.580 ; picorv32:u_cpu|mem_addr[8]                                                                   ; picorv32:u_cpu|altsyncram:cpuregs_rtl_0|altsyncram_7sd1:auto_generated|ram_block1a0~portb_address_reg0 ; clk          ; clk         ; 1.000        ; 0.237      ; 7.845      ;
; -6.579 ; picorv32:u_cpu|mem_addr[17]                                                                  ; picorv32:u_cpu|altsyncram:cpuregs_rtl_0|altsyncram_7sd1:auto_generated|ram_block1a0~portb_address_reg0 ; clk          ; clk         ; 1.000        ; 0.263      ; 7.870      ;
; -6.579 ; picorv32:u_cpu|mem_addr[15]                                                                  ; picorv32:u_cpu|decoded_rs1[4]                                                                          ; clk          ; clk         ; 1.000        ; 0.298      ; 7.872      ;
; -6.574 ; picorv32:u_cpu|mem_addr[7]                                                                   ; picorv32:u_cpu|decoded_rs1[2]                                                                          ; clk          ; clk         ; 1.000        ; 0.272      ; 7.841      ;
; -6.567 ; picorv32:u_cpu|mem_addr[16]                                                                  ; picorv32:u_cpu|decoded_rs1[2]                                                                          ; clk          ; clk         ; 1.000        ; 0.298      ; 7.860      ;
; -6.560 ; picorv32:u_cpu|mem_addr[15]                                                                  ; picorv32:u_cpu|decoded_rs1[2]                                                                          ; clk          ; clk         ; 1.000        ; 0.298      ; 7.853      ;
; -6.544 ; picorv32:u_cpu|mem_addr[27]                                                                  ; picorv32:u_cpu|decoded_rs1[0]                                                                          ; clk          ; clk         ; 1.000        ; 0.290      ; 7.829      ;
; -6.542 ; ram_16kb:u_ram|altsyncram:ram_byte0|altsyncram_94q3:auto_generated|ram_block1a4~porta_we_reg ; picorv32:u_cpu|altsyncram:cpuregs_rtl_0|altsyncram_7sd1:auto_generated|ram_block1a0~portb_address_reg0 ; clk          ; clk         ; 1.000        ; -0.067     ; 7.503      ;
; -6.542 ; picorv32:u_cpu|mem_addr[27]                                                                  ; picorv32:u_cpu|decoded_rs1[4]                                                                          ; clk          ; clk         ; 1.000        ; 0.290      ; 7.827      ;
; -6.530 ; picorv32:u_cpu|mem_addr[25]                                                                  ; picorv32:u_cpu|decoded_rs1[0]                                                                          ; clk          ; clk         ; 1.000        ; 0.298      ; 7.823      ;
; -6.528 ; picorv32:u_cpu|mem_addr[25]                                                                  ; picorv32:u_cpu|decoded_rs1[4]                                                                          ; clk          ; clk         ; 1.000        ; 0.298      ; 7.821      ;
; -6.524 ; ram_16kb:u_ram|altsyncram:ram_byte0|altsyncram_94q3:auto_generated|ram_block1a2~porta_we_reg ; picorv32:u_cpu|altsyncram:cpuregs_rtl_0|altsyncram_7sd1:auto_generated|ram_block1a0~portb_address_reg0 ; clk          ; clk         ; 1.000        ; -0.052     ; 7.500      ;
; -6.523 ; picorv32:u_cpu|mem_addr[27]                                                                  ; picorv32:u_cpu|decoded_rs1[2]                                                                          ; clk          ; clk         ; 1.000        ; 0.290      ; 7.808      ;
; -6.513 ; picorv32:u_cpu|mem_addr[5]                                                                   ; picorv32:u_cpu|decoded_rs1[0]                                                                          ; clk          ; clk         ; 1.000        ; 0.298      ; 7.806      ;
; -6.511 ; picorv32:u_cpu|mem_addr[5]                                                                   ; picorv32:u_cpu|decoded_rs1[4]                                                                          ; clk          ; clk         ; 1.000        ; 0.298      ; 7.804      ;
; -6.509 ; picorv32:u_cpu|mem_addr[25]                                                                  ; picorv32:u_cpu|decoded_rs1[2]                                                                          ; clk          ; clk         ; 1.000        ; 0.298      ; 7.802      ;
; -6.505 ; picorv32:u_cpu|mem_addr[22]                                                                  ; picorv32:u_cpu|decoded_rs1[0]                                                                          ; clk          ; clk         ; 1.000        ; 0.290      ; 7.790      ;
; -6.503 ; picorv32:u_cpu|mem_addr[22]                                                                  ; picorv32:u_cpu|decoded_rs1[4]                                                                          ; clk          ; clk         ; 1.000        ; 0.290      ; 7.788      ;
; -6.500 ; picorv32:u_cpu|mem_addr[11]                                                                  ; picorv32:u_cpu|decoded_rs1[0]                                                                          ; clk          ; clk         ; 1.000        ; 0.298      ; 7.793      ;
; -6.499 ; picorv32:u_cpu|mem_addr[19]                                                                  ; picorv32:u_cpu|decoded_rs1[0]                                                                          ; clk          ; clk         ; 1.000        ; 0.290      ; 7.784      ;
; -6.498 ; picorv32:u_cpu|mem_addr[11]                                                                  ; picorv32:u_cpu|decoded_rs1[4]                                                                          ; clk          ; clk         ; 1.000        ; 0.298      ; 7.791      ;
; -6.497 ; picorv32:u_cpu|mem_addr[20]                                                                  ; picorv32:u_cpu|altsyncram:cpuregs_rtl_0|altsyncram_7sd1:auto_generated|ram_block1a0~portb_address_reg0 ; clk          ; clk         ; 1.000        ; 0.255      ; 7.780      ;
; -6.497 ; picorv32:u_cpu|mem_addr[19]                                                                  ; picorv32:u_cpu|decoded_rs1[4]                                                                          ; clk          ; clk         ; 1.000        ; 0.290      ; 7.782      ;
; -6.496 ; ram_16kb:u_ram|altsyncram:ram_byte0|altsyncram_94q3:auto_generated|ram_block1a0~porta_we_reg ; picorv32:u_cpu|altsyncram:cpuregs_rtl_0|altsyncram_7sd1:auto_generated|ram_block1a0~portb_address_reg0 ; clk          ; clk         ; 1.000        ; -0.066     ; 7.458      ;
; -6.496 ; picorv32:u_cpu|mem_addr[13]                                                                  ; picorv32:u_cpu|altsyncram:cpuregs_rtl_0|altsyncram_7sd1:auto_generated|ram_block1a0~portb_address_reg0 ; clk          ; clk         ; 1.000        ; 0.263      ; 7.787      ;
; -6.492 ; picorv32:u_cpu|mem_addr[5]                                                                   ; picorv32:u_cpu|decoded_rs1[2]                                                                          ; clk          ; clk         ; 1.000        ; 0.298      ; 7.785      ;
; -6.488 ; picorv32:u_cpu|mem_addr[29]                                                                  ; picorv32:u_cpu|reg_out[30]                                                                             ; clk          ; clk         ; 1.000        ; -0.062     ; 7.421      ;
; -6.484 ; picorv32:u_cpu|mem_addr[22]                                                                  ; picorv32:u_cpu|decoded_rs1[2]                                                                          ; clk          ; clk         ; 1.000        ; 0.290      ; 7.769      ;
; -6.479 ; picorv32:u_cpu|mem_addr[11]                                                                  ; picorv32:u_cpu|decoded_rs1[2]                                                                          ; clk          ; clk         ; 1.000        ; 0.298      ; 7.772      ;
; -6.478 ; picorv32:u_cpu|mem_addr[19]                                                                  ; picorv32:u_cpu|decoded_rs1[2]                                                                          ; clk          ; clk         ; 1.000        ; 0.290      ; 7.763      ;
; -6.460 ; picorv32:u_cpu|mem_addr[23]                                                                  ; picorv32:u_cpu|reg_out[30]                                                                             ; clk          ; clk         ; 1.000        ; -0.062     ; 7.393      ;
; -6.458 ; ram_16kb:u_ram|altsyncram:ram_byte3|altsyncram_c4q3:auto_generated|ram_block1a6~porta_we_reg ; picorv32:u_cpu|altsyncram:cpuregs_rtl_0|altsyncram_7sd1:auto_generated|ram_block1a0~portb_address_reg0 ; clk          ; clk         ; 1.000        ; -0.052     ; 7.434      ;
; -6.447 ; picorv32:u_cpu|mem_addr[31]                                                                  ; picorv32:u_cpu|decoded_rs1[0]                                                                          ; clk          ; clk         ; 1.000        ; 0.290      ; 7.732      ;
; -6.447 ; picorv32:u_cpu|mem_addr[24]                                                                  ; picorv32:u_cpu|decoded_rs1[0]                                                                          ; clk          ; clk         ; 1.000        ; 0.290      ; 7.732      ;
; -6.445 ; picorv32:u_cpu|mem_addr[31]                                                                  ; picorv32:u_cpu|decoded_rs1[4]                                                                          ; clk          ; clk         ; 1.000        ; 0.290      ; 7.730      ;
; -6.445 ; picorv32:u_cpu|mem_addr[24]                                                                  ; picorv32:u_cpu|decoded_rs1[4]                                                                          ; clk          ; clk         ; 1.000        ; 0.290      ; 7.730      ;
; -6.433 ; picorv32:u_cpu|mem_addr[10]                                                                  ; picorv32:u_cpu|decoded_rs1[0]                                                                          ; clk          ; clk         ; 1.000        ; 0.272      ; 7.700      ;
; -6.431 ; picorv32:u_cpu|mem_addr[10]                                                                  ; picorv32:u_cpu|decoded_rs1[4]                                                                          ; clk          ; clk         ; 1.000        ; 0.272      ; 7.698      ;
; -6.431 ; picorv32:u_cpu|mem_addr[26]                                                                  ; picorv32:u_cpu|decoded_rs1[0]                                                                          ; clk          ; clk         ; 1.000        ; 0.298      ; 7.724      ;
; -6.429 ; picorv32:u_cpu|mem_addr[26]                                                                  ; picorv32:u_cpu|decoded_rs1[4]                                                                          ; clk          ; clk         ; 1.000        ; 0.298      ; 7.722      ;
; -6.426 ; picorv32:u_cpu|mem_addr[31]                                                                  ; picorv32:u_cpu|decoded_rs1[2]                                                                          ; clk          ; clk         ; 1.000        ; 0.290      ; 7.711      ;
; -6.426 ; picorv32:u_cpu|mem_addr[24]                                                                  ; picorv32:u_cpu|decoded_rs1[2]                                                                          ; clk          ; clk         ; 1.000        ; 0.290      ; 7.711      ;
; -6.421 ; picorv32:u_cpu|mem_addr[18]                                                                  ; picorv32:u_cpu|decoded_rs1[0]                                                                          ; clk          ; clk         ; 1.000        ; 0.298      ; 7.714      ;
; -6.419 ; picorv32:u_cpu|mem_addr[18]                                                                  ; picorv32:u_cpu|decoded_rs1[4]                                                                          ; clk          ; clk         ; 1.000        ; 0.298      ; 7.712      ;
; -6.416 ; picorv32:u_cpu|mem_addr[29]                                                                  ; picorv32:u_cpu|decoded_rs1[5]                                                                          ; clk          ; clk         ; 1.000        ; 0.290      ; 7.701      ;
; -6.412 ; picorv32:u_cpu|mem_addr[10]                                                                  ; picorv32:u_cpu|decoded_rs1[2]                                                                          ; clk          ; clk         ; 1.000        ; 0.272      ; 7.679      ;
; -6.410 ; picorv32:u_cpu|mem_addr[26]                                                                  ; picorv32:u_cpu|decoded_rs1[2]                                                                          ; clk          ; clk         ; 1.000        ; 0.298      ; 7.703      ;
; -6.400 ; picorv32:u_cpu|mem_addr[18]                                                                  ; picorv32:u_cpu|decoded_rs1[2]                                                                          ; clk          ; clk         ; 1.000        ; 0.298      ; 7.693      ;
; -6.394 ; ram_16kb:u_ram|altsyncram:ram_byte0|altsyncram_94q3:auto_generated|ram_block1a5~porta_we_reg ; picorv32:u_cpu|decoded_rs1[0]                                                                          ; clk          ; clk         ; 1.000        ; -0.033     ; 7.356      ;
; -6.392 ; ram_16kb:u_ram|altsyncram:ram_byte0|altsyncram_94q3:auto_generated|ram_block1a5~porta_we_reg ; picorv32:u_cpu|decoded_rs1[4]                                                                          ; clk          ; clk         ; 1.000        ; -0.033     ; 7.354      ;
; -6.389 ; picorv32:u_cpu|mem_addr[28]                                                                  ; picorv32:u_cpu|decoded_rs1[0]                                                                          ; clk          ; clk         ; 1.000        ; 0.298      ; 7.682      ;
; -6.389 ; picorv32:u_cpu|mem_addr[23]                                                                  ; picorv32:u_cpu|decoded_rs1[5]                                                                          ; clk          ; clk         ; 1.000        ; 0.290      ; 7.674      ;
; -6.387 ; picorv32:u_cpu|mem_addr[28]                                                                  ; picorv32:u_cpu|decoded_rs1[4]                                                                          ; clk          ; clk         ; 1.000        ; 0.298      ; 7.680      ;
; -6.376 ; picorv32:u_cpu|instr_jalr                                                                    ; picorv32:u_cpu|reg_op1[11]                                                                             ; clk          ; clk         ; 1.000        ; -0.449     ; 6.922      ;
; -6.373 ; ram_16kb:u_ram|altsyncram:ram_byte0|altsyncram_94q3:auto_generated|ram_block1a5~porta_we_reg ; picorv32:u_cpu|decoded_rs1[2]                                                                          ; clk          ; clk         ; 1.000        ; -0.033     ; 7.335      ;
; -6.370 ; picorv32:u_cpu|instr_waitirq                                                                 ; picorv32:u_cpu|reg_op1[11]                                                                             ; clk          ; clk         ; 1.000        ; -0.452     ; 6.913      ;
; -6.368 ; picorv32:u_cpu|mem_addr[28]                                                                  ; picorv32:u_cpu|decoded_rs1[2]                                                                          ; clk          ; clk         ; 1.000        ; 0.298      ; 7.661      ;
; -6.358 ; picorv32:u_cpu|instr_jal                                                                     ; picorv32:u_cpu|reg_op1[11]                                                                             ; clk          ; clk         ; 1.000        ; -0.449     ; 6.904      ;
; -6.352 ; picorv32:u_cpu|mem_addr[4]                                                                   ; picorv32:u_cpu|decoded_rs1[0]                                                                          ; clk          ; clk         ; 1.000        ; 0.298      ; 7.645      ;
; -6.351 ; ram_16kb:u_ram|altsyncram:ram_byte0|altsyncram_94q3:auto_generated|ram_block1a5~porta_we_reg ; picorv32:u_cpu|reg_out[30]                                                                             ; clk          ; clk         ; 1.000        ; -0.385     ; 6.961      ;
; -6.350 ; picorv32:u_cpu|mem_addr[4]                                                                   ; picorv32:u_cpu|decoded_rs1[4]                                                                          ; clk          ; clk         ; 1.000        ; 0.298      ; 7.643      ;
; -6.349 ; picorv32:u_cpu|mem_addr[9]                                                                   ; picorv32:u_cpu|reg_out[30]                                                                             ; clk          ; clk         ; 1.000        ; -0.080     ; 7.264      ;
; -6.342 ; picorv32:u_cpu|mem_addr[21]                                                                  ; picorv32:u_cpu|decoded_rs1[0]                                                                          ; clk          ; clk         ; 1.000        ; 0.290      ; 7.627      ;
; -6.341 ; picorv32:u_cpu|mem_addr[7]                                                                   ; picorv32:u_cpu|reg_out[30]                                                                             ; clk          ; clk         ; 1.000        ; -0.080     ; 7.256      ;
; -6.340 ; picorv32:u_cpu|mem_addr[21]                                                                  ; picorv32:u_cpu|decoded_rs1[4]                                                                          ; clk          ; clk         ; 1.000        ; 0.290      ; 7.625      ;
+--------+----------------------------------------------------------------------------------------------+--------------------------------------------------------------------------------------------------------+--------------+-------------+--------------+------------+------------+


+--------------------------------------------------------------------------------------------------------------------------------------------------------------------------------------------------------------------------------+
; Slow 1200mV 85C Model Hold: 'clk'                                                                                                                                                                                              ;
+-------+---------------------------------------------+----------------------------------------------------------------------------------------------------+--------------+-------------+--------------+------------+------------+
; Slack ; From Node                                   ; To Node                                                                                            ; Launch Clock ; Latch Clock ; Relationship ; Clock Skew ; Data Delay ;
+-------+---------------------------------------------+----------------------------------------------------------------------------------------------------+--------------+-------------+--------------+------------+------------+
; 0.321 ; bootloader:u_boot|ram_wdata[26]             ; ram_16kb:u_ram|altsyncram:ram_byte3|altsyncram_c4q3:auto_generated|ram_block1a2~porta_datain_reg0  ; clk          ; clk         ; 0.000        ; 0.384      ; 0.892      ;
; 0.342 ; bootloader:u_boot|ram_wdata[27]             ; ram_16kb:u_ram|altsyncram:ram_byte3|altsyncram_c4q3:auto_generated|ram_block1a2~porta_datain_reg0  ; clk          ; clk         ; 0.000        ; 0.384      ; 0.913      ;
; 0.343 ; picorv32:u_cpu|mem_rdata_q[23]              ; picorv32:u_cpu|mem_rdata_q[23]                                                                     ; clk          ; clk         ; 0.000        ; 0.077      ; 0.577      ;
; 0.343 ; picorv32:u_cpu|mem_rdata_q[26]              ; picorv32:u_cpu|mem_rdata_q[26]                                                                     ; clk          ; clk         ; 0.000        ; 0.077      ; 0.577      ;
; 0.343 ; picorv32:u_cpu|mem_rdata_q[28]              ; picorv32:u_cpu|mem_rdata_q[28]                                                                     ; clk          ; clk         ; 0.000        ; 0.077      ; 0.577      ;
; 0.343 ; picorv32:u_cpu|mem_rdata_q[22]              ; picorv32:u_cpu|mem_rdata_q[22]                                                                     ; clk          ; clk         ; 0.000        ; 0.077      ; 0.577      ;
; 0.343 ; picorv32:u_cpu|mem_rdata_q[21]              ; picorv32:u_cpu|mem_rdata_q[21]                                                                     ; clk          ; clk         ; 0.000        ; 0.077      ; 0.577      ;
; 0.344 ; picorv32:u_cpu|cpu_state.cpu_state_stmem    ; picorv32:u_cpu|cpu_state.cpu_state_stmem                                                           ; clk          ; clk         ; 0.000        ; 0.076      ; 0.577      ;
; 0.344 ; uart:u_uart|rx_state.STOP_BIT               ; uart:u_uart|rx_state.STOP_BIT                                                                      ; clk          ; clk         ; 0.000        ; 0.076      ; 0.577      ;
; 0.344 ; picorv32:u_cpu|is_beq_bne_blt_bge_bltu_bgeu ; picorv32:u_cpu|is_beq_bne_blt_bge_bltu_bgeu                                                        ; clk          ; clk         ; 0.000        ; 0.076      ; 0.577      ;
; 0.344 ; picorv32:u_cpu|mem_rdata_q[5]               ; picorv32:u_cpu|mem_rdata_q[5]                                                                      ; clk          ; clk         ; 0.000        ; 0.076      ; 0.577      ;
; 0.344 ; picorv32:u_cpu|mem_rdata_q[27]              ; picorv32:u_cpu|mem_rdata_q[27]                                                                     ; clk          ; clk         ; 0.000        ; 0.076      ; 0.577      ;
; 0.344 ; picorv32:u_cpu|mem_rdata_q[31]              ; picorv32:u_cpu|mem_rdata_q[31]                                                                     ; clk          ; clk         ; 0.000        ; 0.076      ; 0.577      ;
; 0.344 ; picorv32:u_cpu|mem_rdata_q[13]              ; picorv32:u_cpu|mem_rdata_q[13]                                                                     ; clk          ; clk         ; 0.000        ; 0.076      ; 0.577      ;
; 0.344 ; picorv32:u_cpu|mem_rdata_q[19]              ; picorv32:u_cpu|mem_rdata_q[19]                                                                     ; clk          ; clk         ; 0.000        ; 0.076      ; 0.577      ;
; 0.344 ; picorv32:u_cpu|mem_rdata_q[16]              ; picorv32:u_cpu|mem_rdata_q[16]                                                                     ; clk          ; clk         ; 0.000        ; 0.076      ; 0.577      ;
; 0.344 ; picorv32:u_cpu|mem_rdata_q[14]              ; picorv32:u_cpu|mem_rdata_q[14]                                                                     ; clk          ; clk         ; 0.000        ; 0.076      ; 0.577      ;
; 0.345 ; picorv32:u_cpu|mem_rdata_q[3]               ; picorv32:u_cpu|mem_rdata_q[3]                                                                      ; clk          ; clk         ; 0.000        ; 0.075      ; 0.577      ;
; 0.345 ; picorv32:u_cpu|mem_rdata_q[2]               ; picorv32:u_cpu|mem_rdata_q[2]                                                                      ; clk          ; clk         ; 0.000        ; 0.075      ; 0.577      ;
; 0.345 ; picorv32:u_cpu|mem_rdata_q[24]              ; picorv32:u_cpu|mem_rdata_q[24]                                                                     ; clk          ; clk         ; 0.000        ; 0.075      ; 0.577      ;
; 0.345 ; picorv32:u_cpu|mem_rdata_q[15]              ; picorv32:u_cpu|mem_rdata_q[15]                                                                     ; clk          ; clk         ; 0.000        ; 0.075      ; 0.577      ;
; 0.358 ; bootloader:u_boot|cpu_reset_int             ; bootloader:u_boot|cpu_reset_int                                                                    ; clk          ; clk         ; 0.000        ; 0.062      ; 0.577      ;
; 0.358 ; picorv32:u_cpu|mem_state[1]                 ; picorv32:u_cpu|mem_state[1]                                                                        ; clk          ; clk         ; 0.000        ; 0.062      ; 0.577      ;
; 0.358 ; picorv32:u_cpu|mem_state[0]                 ; picorv32:u_cpu|mem_state[0]                                                                        ; clk          ; clk         ; 0.000        ; 0.062      ; 0.577      ;
; 0.358 ; picorv32:u_cpu|latched_is_lh                ; picorv32:u_cpu|latched_is_lh                                                                       ; clk          ; clk         ; 0.000        ; 0.062      ; 0.577      ;
; 0.358 ; picorv32:u_cpu|latched_is_lb                ; picorv32:u_cpu|latched_is_lb                                                                       ; clk          ; clk         ; 0.000        ; 0.062      ; 0.577      ;
; 0.358 ; picorv32:u_cpu|mem_valid                    ; picorv32:u_cpu|mem_valid                                                                           ; clk          ; clk         ; 0.000        ; 0.062      ; 0.577      ;
; 0.358 ; picorv32:u_cpu|mem_do_rdata                 ; picorv32:u_cpu|mem_do_rdata                                                                        ; clk          ; clk         ; 0.000        ; 0.062      ; 0.577      ;
; 0.358 ; picorv32:u_cpu|mem_do_wdata                 ; picorv32:u_cpu|mem_do_wdata                                                                        ; clk          ; clk         ; 0.000        ; 0.062      ; 0.577      ;
; 0.358 ; bootloader:u_boot|word_pos[1]               ; bootloader:u_boot|word_pos[1]                                                                      ; clk          ; clk         ; 0.000        ; 0.062      ; 0.577      ;
; 0.358 ; bootloader:u_boot|word_buffer[6]            ; bootloader:u_boot|word_buffer[6]                                                                   ; clk          ; clk         ; 0.000        ; 0.062      ; 0.577      ;
; 0.358 ; bootloader:u_boot|word_buffer[14]           ; bootloader:u_boot|word_buffer[14]                                                                  ; clk          ; clk         ; 0.000        ; 0.062      ; 0.577      ;
; 0.358 ; bootloader:u_boot|word_buffer[21]           ; bootloader:u_boot|word_buffer[21]                                                                  ; clk          ; clk         ; 0.000        ; 0.062      ; 0.577      ;
; 0.358 ; bootloader:u_boot|word_buffer[10]           ; bootloader:u_boot|word_buffer[10]                                                                  ; clk          ; clk         ; 0.000        ; 0.062      ; 0.577      ;
; 0.358 ; bootloader:u_boot|word_buffer[19]           ; bootloader:u_boot|word_buffer[19]                                                                  ; clk          ; clk         ; 0.000        ; 0.062      ; 0.577      ;
; 0.358 ; bootloader:u_boot|word_buffer[18]           ; bootloader:u_boot|word_buffer[18]                                                                  ; clk          ; clk         ; 0.000        ; 0.062      ; 0.577      ;
; 0.358 ; bootloader:u_boot|word_buffer[9]            ; bootloader:u_boot|word_buffer[9]                                                                   ; clk          ; clk         ; 0.000        ; 0.062      ; 0.577      ;
; 0.358 ; bootloader:u_boot|word_buffer[23]           ; bootloader:u_boot|word_buffer[23]                                                                  ; clk          ; clk         ; 0.000        ; 0.062      ; 0.577      ;
; 0.358 ; bootloader:u_boot|word_buffer[22]           ; bootloader:u_boot|word_buffer[22]                                                                  ; clk          ; clk         ; 0.000        ; 0.062      ; 0.577      ;
; 0.358 ; bootloader:u_boot|word_buffer[17]           ; bootloader:u_boot|word_buffer[17]                                                                  ; clk          ; clk         ; 0.000        ; 0.062      ; 0.577      ;
; 0.358 ; bootloader:u_boot|word_buffer[16]           ; bootloader:u_boot|word_buffer[16]                                                                  ; clk          ; clk         ; 0.000        ; 0.062      ; 0.577      ;
; 0.358 ; bootloader:u_boot|word_buffer[20]           ; bootloader:u_boot|word_buffer[20]                                                                  ; clk          ; clk         ; 0.000        ; 0.062      ; 0.577      ;
; 0.358 ; bootloader:u_boot|word_buffer[8]            ; bootloader:u_boot|word_buffer[8]                                                                   ; clk          ; clk         ; 0.000        ; 0.062      ; 0.577      ;
; 0.358 ; bootloader:u_boot|word_buffer[3]            ; bootloader:u_boot|word_buffer[3]                                                                   ; clk          ; clk         ; 0.000        ; 0.062      ; 0.577      ;
; 0.358 ; bootloader:u_boot|word_buffer[2]            ; bootloader:u_boot|word_buffer[2]                                                                   ; clk          ; clk         ; 0.000        ; 0.062      ; 0.577      ;
; 0.358 ; bootloader:u_boot|word_buffer[7]            ; bootloader:u_boot|word_buffer[7]                                                                   ; clk          ; clk         ; 0.000        ; 0.062      ; 0.577      ;
; 0.358 ; bootloader:u_boot|word_buffer[5]            ; bootloader:u_boot|word_buffer[5]                                                                   ; clk          ; clk         ; 0.000        ; 0.062      ; 0.577      ;
; 0.358 ; bootloader:u_boot|word_buffer[15]           ; bootloader:u_boot|word_buffer[15]                                                                  ; clk          ; clk         ; 0.000        ; 0.062      ; 0.577      ;
; 0.358 ; bootloader:u_boot|word_buffer[13]           ; bootloader:u_boot|word_buffer[13]                                                                  ; clk          ; clk         ; 0.000        ; 0.062      ; 0.577      ;
; 0.358 ; bootloader:u_boot|word_buffer[12]           ; bootloader:u_boot|word_buffer[12]                                                                  ; clk          ; clk         ; 0.000        ; 0.062      ; 0.577      ;
; 0.358 ; bootloader:u_boot|word_buffer[11]           ; bootloader:u_boot|word_buffer[11]                                                                  ; clk          ; clk         ; 0.000        ; 0.062      ; 0.577      ;
; 0.358 ; bootloader:u_boot|word_buffer[1]            ; bootloader:u_boot|word_buffer[1]                                                                   ; clk          ; clk         ; 0.000        ; 0.062      ; 0.577      ;
; 0.358 ; bootloader:u_boot|word_buffer[0]            ; bootloader:u_boot|word_buffer[0]                                                                   ; clk          ; clk         ; 0.000        ; 0.062      ; 0.577      ;
; 0.358 ; bootloader:u_boot|word_buffer[4]            ; bootloader:u_boot|word_buffer[4]                                                                   ; clk          ; clk         ; 0.000        ; 0.062      ; 0.577      ;
; 0.358 ; bootloader:u_boot|ack_sent                  ; bootloader:u_boot|ack_sent                                                                         ; clk          ; clk         ; 0.000        ; 0.062      ; 0.577      ;
; 0.358 ; picorv32:u_cpu|mem_rdata_q[0]               ; picorv32:u_cpu|mem_rdata_q[0]                                                                      ; clk          ; clk         ; 0.000        ; 0.062      ; 0.577      ;
; 0.358 ; uart:u_uart|tx_bit_cnt[1]                   ; uart:u_uart|tx_bit_cnt[1]                                                                          ; clk          ; clk         ; 0.000        ; 0.062      ; 0.577      ;
; 0.358 ; picorv32:u_cpu|mem_rdata_q[17]              ; picorv32:u_cpu|mem_rdata_q[17]                                                                     ; clk          ; clk         ; 0.000        ; 0.062      ; 0.577      ;
; 0.358 ; picorv32:u_cpu|mem_rdata_q[18]              ; picorv32:u_cpu|mem_rdata_q[18]                                                                     ; clk          ; clk         ; 0.000        ; 0.062      ; 0.577      ;
; 0.358 ; uart:u_uart|rx_state.R_DATA                 ; uart:u_uart|rx_state.R_DATA                                                                        ; clk          ; clk         ; 0.000        ; 0.062      ; 0.577      ;
; 0.358 ; uart:u_uart|rx_state.WAIT_HALF              ; uart:u_uart|rx_state.WAIT_HALF                                                                     ; clk          ; clk         ; 0.000        ; 0.062      ; 0.577      ;
; 0.358 ; uart:u_uart|rx_bit_cnt[0]                   ; uart:u_uart|rx_bit_cnt[0]                                                                          ; clk          ; clk         ; 0.000        ; 0.062      ; 0.577      ;
; 0.358 ; uart:u_uart|rx_bit_cnt[2]                   ; uart:u_uart|rx_bit_cnt[2]                                                                          ; clk          ; clk         ; 0.000        ; 0.062      ; 0.577      ;
; 0.358 ; uart:u_uart|rx_bit_cnt[1]                   ; uart:u_uart|rx_bit_cnt[1]                                                                          ; clk          ; clk         ; 0.000        ; 0.062      ; 0.577      ;
; 0.358 ; por_counter[4]                              ; por_counter[4]                                                                                     ; clk          ; clk         ; 0.000        ; 0.062      ; 0.577      ;
; 0.358 ; timer:u_timer|pending                       ; timer:u_timer|pending                                                                              ; clk          ; clk         ; 0.000        ; 0.062      ; 0.577      ;
; 0.358 ; timer:u_timer|enable                        ; timer:u_timer|enable                                                                               ; clk          ; clk         ; 0.000        ; 0.062      ; 0.577      ;
; 0.358 ; picorv32:u_cpu|reg_op1[1]                   ; picorv32:u_cpu|reg_op1[1]                                                                          ; clk          ; clk         ; 0.000        ; 0.062      ; 0.577      ;
; 0.358 ; picorv32:u_cpu|reg_op1[0]                   ; picorv32:u_cpu|reg_op1[0]                                                                          ; clk          ; clk         ; 0.000        ; 0.062      ; 0.577      ;
; 0.358 ; picorv32:u_cpu|mem_rdata_q[4]               ; picorv32:u_cpu|mem_rdata_q[4]                                                                      ; clk          ; clk         ; 0.000        ; 0.062      ; 0.577      ;
; 0.358 ; picorv32:u_cpu|latched_rd[1]                ; picorv32:u_cpu|latched_rd[1]                                                                       ; clk          ; clk         ; 0.000        ; 0.062      ; 0.577      ;
; 0.358 ; picorv32:u_cpu|latched_stalu                ; picorv32:u_cpu|latched_stalu                                                                       ; clk          ; clk         ; 0.000        ; 0.062      ; 0.577      ;
; 0.358 ; picorv32:u_cpu|mem_rdata_q[6]               ; picorv32:u_cpu|mem_rdata_q[6]                                                                      ; clk          ; clk         ; 0.000        ; 0.062      ; 0.577      ;
; 0.358 ; picorv32:u_cpu|mem_rdata_q[29]              ; picorv32:u_cpu|mem_rdata_q[29]                                                                     ; clk          ; clk         ; 0.000        ; 0.062      ; 0.577      ;
; 0.358 ; picorv32:u_cpu|mem_rdata_q[25]              ; picorv32:u_cpu|mem_rdata_q[25]                                                                     ; clk          ; clk         ; 0.000        ; 0.062      ; 0.577      ;
; 0.358 ; picorv32:u_cpu|mem_rdata_q[20]              ; picorv32:u_cpu|mem_rdata_q[20]                                                                     ; clk          ; clk         ; 0.000        ; 0.062      ; 0.577      ;
; 0.358 ; picorv32:u_cpu|mem_rdata_q[12]              ; picorv32:u_cpu|mem_rdata_q[12]                                                                     ; clk          ; clk         ; 0.000        ; 0.062      ; 0.577      ;
; 0.358 ; picorv32:u_cpu|mem_rdata_q[30]              ; picorv32:u_cpu|mem_rdata_q[30]                                                                     ; clk          ; clk         ; 0.000        ; 0.062      ; 0.577      ;
; 0.359 ; uart:u_uart|tx_bit_cnt[2]                   ; uart:u_uart|tx_bit_cnt[2]                                                                          ; clk          ; clk         ; 0.000        ; 0.061      ; 0.577      ;
; 0.359 ; uart:u_uart|tx_bit_cnt[3]                   ; uart:u_uart|tx_bit_cnt[3]                                                                          ; clk          ; clk         ; 0.000        ; 0.061      ; 0.577      ;
; 0.359 ; uart:u_uart|tx_bit_cnt[0]                   ; uart:u_uart|tx_bit_cnt[0]                                                                          ; clk          ; clk         ; 0.000        ; 0.061      ; 0.577      ;
; 0.359 ; picorv32:u_cpu|cpu_state.cpu_state_trap     ; picorv32:u_cpu|cpu_state.cpu_state_trap                                                            ; clk          ; clk         ; 0.000        ; 0.061      ; 0.577      ;
; 0.359 ; picorv32:u_cpu|irq_pending[1]               ; picorv32:u_cpu|irq_pending[1]                                                                      ; clk          ; clk         ; 0.000        ; 0.061      ; 0.577      ;
; 0.359 ; picorv32:u_cpu|irq_delay                    ; picorv32:u_cpu|irq_delay                                                                           ; clk          ; clk         ; 0.000        ; 0.061      ; 0.577      ;
; 0.359 ; picorv32:u_cpu|irq_state[0]                 ; picorv32:u_cpu|irq_state[0]                                                                        ; clk          ; clk         ; 0.000        ; 0.061      ; 0.577      ;
; 0.359 ; picorv32:u_cpu|latched_rd[0]                ; picorv32:u_cpu|latched_rd[0]                                                                       ; clk          ; clk         ; 0.000        ; 0.061      ; 0.577      ;
; 0.359 ; picorv32:u_cpu|irq_active                   ; picorv32:u_cpu|irq_active                                                                          ; clk          ; clk         ; 0.000        ; 0.061      ; 0.577      ;
; 0.359 ; picorv32:u_cpu|irq_state[1]                 ; picorv32:u_cpu|irq_state[1]                                                                        ; clk          ; clk         ; 0.000        ; 0.061      ; 0.577      ;
; 0.361 ; bootloader:u_boot|ram_addr[8]               ; ram_16kb:u_ram|altsyncram:ram_byte0|altsyncram_94q3:auto_generated|ram_block1a5~porta_address_reg0 ; clk          ; clk         ; 0.000        ; 0.377      ; 0.925      ;
; 0.361 ; bootloader:u_boot|word_pos[0]               ; bootloader:u_boot|word_pos[0]                                                                      ; clk          ; clk         ; 0.000        ; 0.062      ; 0.580      ;
; 0.361 ; por_counter[0]                              ; por_counter[0]                                                                                     ; clk          ; clk         ; 0.000        ; 0.062      ; 0.580      ;
; 0.361 ; picorv32:u_cpu|reg_sh[2]                    ; picorv32:u_cpu|reg_sh[2]                                                                           ; clk          ; clk         ; 0.000        ; 0.062      ; 0.580      ;
; 0.372 ; cpu_uart_tx_data[4]                         ; uart:u_uart|tx_reg[5]                                                                              ; clk          ; clk         ; 0.000        ; 0.062      ; 0.591      ;
; 0.374 ; bootloader:u_boot|high_nibble[0]            ; bootloader:u_boot|byte_count[4]                                                                    ; clk          ; clk         ; 0.000        ; 0.062      ; 0.593      ;
; 0.375 ; uart:u_uart|tx_reg[3]                       ; uart:u_uart|tx_reg[2]                                                                              ; clk          ; clk         ; 0.000        ; 0.061      ; 0.593      ;
; 0.376 ; uart:u_uart|tx_reg[1]                       ; uart:u_uart|tx_reg[0]                                                                              ; clk          ; clk         ; 0.000        ; 0.062      ; 0.595      ;
; 0.378 ; bootloader:u_boot|byte_idx[7]               ; bootloader:u_boot|byte_idx[7]                                                                      ; clk          ; clk         ; 0.000        ; 0.061      ; 0.596      ;
; 0.380 ; picorv32:u_cpu|instr_sh                     ; picorv32:u_cpu|mem_wordsize.01                                                                     ; clk          ; clk         ; 0.000        ; 0.062      ; 0.599      ;
; 0.381 ; picorv32:u_cpu|instr_sb                     ; picorv32:u_cpu|mem_wordsize.10                                                                     ; clk          ; clk         ; 0.000        ; 0.062      ; 0.600      ;
; 0.390 ; bootloader:u_boot|hex_state.READ_ADDR2      ; bootloader:u_boot|hex_state.READ_ADDR1                                                             ; clk          ; clk         ; 0.000        ; 0.061      ; 0.608      ;
+-------+---------------------------------------------+----------------------------------------------------------------------------------------------------+--------------+-------------+--------------+------------+------------+


+-----------------------------------------------------------------------------------------------------------------------------+
; Slow 1200mV 85C Model Recovery: 'clk'                                                                                       ;
+--------+-------------+--------------------------------+--------------+-------------+--------------+------------+------------+
; Slack  ; From Node   ; To Node                        ; Launch Clock ; Latch Clock ; Relationship ; Clock Skew ; Data Delay ;
+--------+-------------+--------------------------------+--------------+-------------+--------------+------------+------------+
; -0.938 ; por_reset_n ; uart:u_uart|tx_reg[0]          ; clk          ; clk         ; 1.000        ; -0.063     ; 1.870      ;
; -0.938 ; por_reset_n ; uart:u_uart|tx_reg[1]          ; clk          ; clk         ; 1.000        ; -0.063     ; 1.870      ;
; -0.938 ; por_reset_n ; uart:u_uart|tx_reg[5]          ; clk          ; clk         ; 1.000        ; -0.063     ; 1.870      ;
; -0.938 ; por_reset_n ; uart:u_uart|tx_reg[6]          ; clk          ; clk         ; 1.000        ; -0.063     ; 1.870      ;
; -0.938 ; por_reset_n ; uart:u_uart|tx_reg[7]          ; clk          ; clk         ; 1.000        ; -0.063     ; 1.870      ;
; -0.938 ; por_reset_n ; uart:u_uart|tx_reg[8]          ; clk          ; clk         ; 1.000        ; -0.063     ; 1.870      ;
; -0.924 ; por_reset_n ; uart:u_uart|tx_bit_cnt[1]      ; clk          ; clk         ; 1.000        ; -0.062     ; 1.857      ;
; -0.924 ; por_reset_n ; uart:u_uart|rx_shift[0]        ; clk          ; clk         ; 1.000        ; -0.062     ; 1.857      ;
; -0.924 ; por_reset_n ; uart:u_uart|rx_shift[1]        ; clk          ; clk         ; 1.000        ; -0.062     ; 1.857      ;
; -0.924 ; por_reset_n ; uart:u_uart|rx_shift[2]        ; clk          ; clk         ; 1.000        ; -0.062     ; 1.857      ;
; -0.924 ; por_reset_n ; uart:u_uart|rx_shift[3]        ; clk          ; clk         ; 1.000        ; -0.062     ; 1.857      ;
; -0.924 ; por_reset_n ; uart:u_uart|rx_shift[4]        ; clk          ; clk         ; 1.000        ; -0.062     ; 1.857      ;
; -0.924 ; por_reset_n ; uart:u_uart|rx_shift[5]        ; clk          ; clk         ; 1.000        ; -0.062     ; 1.857      ;
; -0.924 ; por_reset_n ; uart:u_uart|rx_shift[6]        ; clk          ; clk         ; 1.000        ; -0.062     ; 1.857      ;
; -0.924 ; por_reset_n ; uart:u_uart|rx_bit_cnt[0]      ; clk          ; clk         ; 1.000        ; -0.062     ; 1.857      ;
; -0.924 ; por_reset_n ; uart:u_uart|rx_bit_cnt[2]      ; clk          ; clk         ; 1.000        ; -0.062     ; 1.857      ;
; -0.924 ; por_reset_n ; uart:u_uart|rx_bit_cnt[1]      ; clk          ; clk         ; 1.000        ; -0.062     ; 1.857      ;
; -0.924 ; por_reset_n ; uart:u_uart|rx_shift[7]        ; clk          ; clk         ; 1.000        ; -0.062     ; 1.857      ;
; -0.924 ; por_reset_n ; uart:u_uart|rx_done_int        ; clk          ; clk         ; 1.000        ; -0.062     ; 1.857      ;
; -0.924 ; por_reset_n ; uart:u_uart|rx_state.IDLE      ; clk          ; clk         ; 1.000        ; -0.062     ; 1.857      ;
; -0.923 ; por_reset_n ; uart:u_uart|tx_reg[2]          ; clk          ; clk         ; 1.000        ; -0.063     ; 1.855      ;
; -0.923 ; por_reset_n ; uart:u_uart|tx_reg[3]          ; clk          ; clk         ; 1.000        ; -0.063     ; 1.855      ;
; -0.923 ; por_reset_n ; uart:u_uart|tx_reg[4]          ; clk          ; clk         ; 1.000        ; -0.063     ; 1.855      ;
; -0.923 ; por_reset_n ; uart:u_uart|tx_busy_int        ; clk          ; clk         ; 1.000        ; -0.063     ; 1.855      ;
; -0.923 ; por_reset_n ; uart:u_uart|tx_bit_cnt[2]      ; clk          ; clk         ; 1.000        ; -0.063     ; 1.855      ;
; -0.923 ; por_reset_n ; uart:u_uart|tx_bit_cnt[3]      ; clk          ; clk         ; 1.000        ; -0.063     ; 1.855      ;
; -0.923 ; por_reset_n ; uart:u_uart|tx_bit_cnt[0]      ; clk          ; clk         ; 1.000        ; -0.063     ; 1.855      ;
; -0.767 ; por_reset_n ; uart:u_uart|rx_state.R_DATA    ; clk          ; clk         ; 1.000        ; -0.061     ; 1.701      ;
; -0.767 ; por_reset_n ; uart:u_uart|rx_state.WAIT_HALF ; clk          ; clk         ; 1.000        ; -0.061     ; 1.701      ;
; -0.767 ; por_reset_n ; uart:u_uart|rx_clk_cnt[2]      ; clk          ; clk         ; 1.000        ; -0.061     ; 1.701      ;
; -0.767 ; por_reset_n ; uart:u_uart|rx_clk_cnt[0]      ; clk          ; clk         ; 1.000        ; -0.061     ; 1.701      ;
; -0.767 ; por_reset_n ; uart:u_uart|rx_clk_cnt[1]      ; clk          ; clk         ; 1.000        ; -0.061     ; 1.701      ;
; -0.767 ; por_reset_n ; uart:u_uart|rx_clk_cnt[3]      ; clk          ; clk         ; 1.000        ; -0.061     ; 1.701      ;
; -0.767 ; por_reset_n ; uart:u_uart|rx_clk_cnt[4]      ; clk          ; clk         ; 1.000        ; -0.061     ; 1.701      ;
; -0.767 ; por_reset_n ; uart:u_uart|rx_clk_cnt[7]      ; clk          ; clk         ; 1.000        ; -0.061     ; 1.701      ;
; -0.767 ; por_reset_n ; uart:u_uart|rx_clk_cnt[6]      ; clk          ; clk         ; 1.000        ; -0.061     ; 1.701      ;
; -0.767 ; por_reset_n ; uart:u_uart|rx_clk_cnt[8]      ; clk          ; clk         ; 1.000        ; -0.061     ; 1.701      ;
; -0.767 ; por_reset_n ; uart:u_uart|rx_clk_cnt[12]     ; clk          ; clk         ; 1.000        ; -0.061     ; 1.701      ;
; -0.767 ; por_reset_n ; uart:u_uart|rx_clk_cnt[9]      ; clk          ; clk         ; 1.000        ; -0.061     ; 1.701      ;
; -0.767 ; por_reset_n ; uart:u_uart|rx_clk_cnt[10]     ; clk          ; clk         ; 1.000        ; -0.061     ; 1.701      ;
; -0.767 ; por_reset_n ; uart:u_uart|rx_clk_cnt[11]     ; clk          ; clk         ; 1.000        ; -0.061     ; 1.701      ;
; -0.767 ; por_reset_n ; uart:u_uart|rx_clk_cnt[5]      ; clk          ; clk         ; 1.000        ; -0.061     ; 1.701      ;
; -0.643 ; por_reset_n ; uart:u_uart|rx_state.STOP_BIT  ; clk          ; clk         ; 1.000        ; 0.295      ; 1.933      ;
; -0.611 ; por_reset_n ; uart:u_uart|tx_clk_cnt[11]     ; clk          ; clk         ; 1.000        ; 0.290      ; 1.896      ;
; -0.611 ; por_reset_n ; uart:u_uart|tx_clk_cnt[0]      ; clk          ; clk         ; 1.000        ; 0.290      ; 1.896      ;
; -0.611 ; por_reset_n ; uart:u_uart|tx_clk_cnt[1]      ; clk          ; clk         ; 1.000        ; 0.290      ; 1.896      ;
; -0.611 ; por_reset_n ; uart:u_uart|tx_clk_cnt[2]      ; clk          ; clk         ; 1.000        ; 0.290      ; 1.896      ;
; -0.611 ; por_reset_n ; uart:u_uart|tx_clk_cnt[3]      ; clk          ; clk         ; 1.000        ; 0.290      ; 1.896      ;
; -0.611 ; por_reset_n ; uart:u_uart|tx_clk_cnt[4]      ; clk          ; clk         ; 1.000        ; 0.290      ; 1.896      ;
; -0.611 ; por_reset_n ; uart:u_uart|tx_clk_cnt[5]      ; clk          ; clk         ; 1.000        ; 0.290      ; 1.896      ;
; -0.611 ; por_reset_n ; uart:u_uart|tx_clk_cnt[6]      ; clk          ; clk         ; 1.000        ; 0.290      ; 1.896      ;
; -0.611 ; por_reset_n ; uart:u_uart|tx_clk_cnt[7]      ; clk          ; clk         ; 1.000        ; 0.290      ; 1.896      ;
; -0.611 ; por_reset_n ; uart:u_uart|tx_clk_cnt[8]      ; clk          ; clk         ; 1.000        ; 0.290      ; 1.896      ;
; -0.611 ; por_reset_n ; uart:u_uart|tx_clk_cnt[9]      ; clk          ; clk         ; 1.000        ; 0.290      ; 1.896      ;
; -0.611 ; por_reset_n ; uart:u_uart|tx_clk_cnt[10]     ; clk          ; clk         ; 1.000        ; 0.290      ; 1.896      ;
; -0.611 ; por_reset_n ; uart:u_uart|tx_clk_cnt[12]     ; clk          ; clk         ; 1.000        ; 0.290      ; 1.896      ;
+--------+-------------+--------------------------------+--------------+-------------+--------------+------------+------------+


+----------------------------------------------------------------------------------------------------------------------------+
; Slow 1200mV 85C Model Removal: 'clk'                                                                                       ;
+-------+-------------+--------------------------------+--------------+-------------+--------------+------------+------------+
; Slack ; From Node   ; To Node                        ; Launch Clock ; Latch Clock ; Relationship ; Clock Skew ; Data Delay ;
+-------+-------------+--------------------------------+--------------+-------------+--------------+------------+------------+
; 1.188 ; por_reset_n ; uart:u_uart|tx_clk_cnt[11]     ; clk          ; clk         ; 0.000        ; 0.428      ; 1.773      ;
; 1.188 ; por_reset_n ; uart:u_uart|tx_clk_cnt[0]      ; clk          ; clk         ; 0.000        ; 0.428      ; 1.773      ;
; 1.188 ; por_reset_n ; uart:u_uart|tx_clk_cnt[1]      ; clk          ; clk         ; 0.000        ; 0.428      ; 1.773      ;
; 1.188 ; por_reset_n ; uart:u_uart|tx_clk_cnt[2]      ; clk          ; clk         ; 0.000        ; 0.428      ; 1.773      ;
; 1.188 ; por_reset_n ; uart:u_uart|tx_clk_cnt[3]      ; clk          ; clk         ; 0.000        ; 0.428      ; 1.773      ;
; 1.188 ; por_reset_n ; uart:u_uart|tx_clk_cnt[4]      ; clk          ; clk         ; 0.000        ; 0.428      ; 1.773      ;
; 1.188 ; por_reset_n ; uart:u_uart|tx_clk_cnt[5]      ; clk          ; clk         ; 0.000        ; 0.428      ; 1.773      ;
; 1.188 ; por_reset_n ; uart:u_uart|tx_clk_cnt[6]      ; clk          ; clk         ; 0.000        ; 0.428      ; 1.773      ;
; 1.188 ; por_reset_n ; uart:u_uart|tx_clk_cnt[7]      ; clk          ; clk         ; 0.000        ; 0.428      ; 1.773      ;
; 1.188 ; por_reset_n ; uart:u_uart|tx_clk_cnt[8]      ; clk          ; clk         ; 0.000        ; 0.428      ; 1.773      ;
; 1.188 ; por_reset_n ; uart:u_uart|tx_clk_cnt[9]      ; clk          ; clk         ; 0.000        ; 0.428      ; 1.773      ;
; 1.188 ; por_reset_n ; uart:u_uart|tx_clk_cnt[10]     ; clk          ; clk         ; 0.000        ; 0.428      ; 1.773      ;
; 1.188 ; por_reset_n ; uart:u_uart|tx_clk_cnt[12]     ; clk          ; clk         ; 0.000        ; 0.428      ; 1.773      ;
; 1.235 ; por_reset_n ; uart:u_uart|rx_state.STOP_BIT  ; clk          ; clk         ; 0.000        ; 0.433      ; 1.825      ;
; 1.376 ; por_reset_n ; uart:u_uart|rx_state.R_DATA    ; clk          ; clk         ; 0.000        ; 0.063      ; 1.596      ;
; 1.376 ; por_reset_n ; uart:u_uart|rx_state.WAIT_HALF ; clk          ; clk         ; 0.000        ; 0.063      ; 1.596      ;
; 1.376 ; por_reset_n ; uart:u_uart|rx_clk_cnt[2]      ; clk          ; clk         ; 0.000        ; 0.063      ; 1.596      ;
; 1.376 ; por_reset_n ; uart:u_uart|rx_clk_cnt[0]      ; clk          ; clk         ; 0.000        ; 0.063      ; 1.596      ;
; 1.376 ; por_reset_n ; uart:u_uart|rx_clk_cnt[1]      ; clk          ; clk         ; 0.000        ; 0.063      ; 1.596      ;
; 1.376 ; por_reset_n ; uart:u_uart|rx_clk_cnt[3]      ; clk          ; clk         ; 0.000        ; 0.063      ; 1.596      ;
; 1.376 ; por_reset_n ; uart:u_uart|rx_clk_cnt[4]      ; clk          ; clk         ; 0.000        ; 0.063      ; 1.596      ;
; 1.376 ; por_reset_n ; uart:u_uart|rx_clk_cnt[7]      ; clk          ; clk         ; 0.000        ; 0.063      ; 1.596      ;
; 1.376 ; por_reset_n ; uart:u_uart|rx_clk_cnt[6]      ; clk          ; clk         ; 0.000        ; 0.063      ; 1.596      ;
; 1.376 ; por_reset_n ; uart:u_uart|rx_clk_cnt[8]      ; clk          ; clk         ; 0.000        ; 0.063      ; 1.596      ;
; 1.376 ; por_reset_n ; uart:u_uart|rx_clk_cnt[12]     ; clk          ; clk         ; 0.000        ; 0.063      ; 1.596      ;
; 1.376 ; por_reset_n ; uart:u_uart|rx_clk_cnt[9]      ; clk          ; clk         ; 0.000        ; 0.063      ; 1.596      ;
; 1.376 ; por_reset_n ; uart:u_uart|rx_clk_cnt[10]     ; clk          ; clk         ; 0.000        ; 0.063      ; 1.596      ;
; 1.376 ; por_reset_n ; uart:u_uart|rx_clk_cnt[11]     ; clk          ; clk         ; 0.000        ; 0.063      ; 1.596      ;
; 1.376 ; por_reset_n ; uart:u_uart|rx_clk_cnt[5]      ; clk          ; clk         ; 0.000        ; 0.063      ; 1.596      ;
; 1.508 ; por_reset_n ; uart:u_uart|tx_reg[2]          ; clk          ; clk         ; 0.000        ; 0.060      ; 1.725      ;
; 1.508 ; por_reset_n ; uart:u_uart|tx_reg[3]          ; clk          ; clk         ; 0.000        ; 0.060      ; 1.725      ;
; 1.508 ; por_reset_n ; uart:u_uart|tx_reg[4]          ; clk          ; clk         ; 0.000        ; 0.060      ; 1.725      ;
; 1.508 ; por_reset_n ; uart:u_uart|tx_busy_int        ; clk          ; clk         ; 0.000        ; 0.060      ; 1.725      ;
; 1.508 ; por_reset_n ; uart:u_uart|tx_bit_cnt[2]      ; clk          ; clk         ; 0.000        ; 0.060      ; 1.725      ;
; 1.508 ; por_reset_n ; uart:u_uart|tx_bit_cnt[3]      ; clk          ; clk         ; 0.000        ; 0.060      ; 1.725      ;
; 1.508 ; por_reset_n ; uart:u_uart|tx_bit_cnt[0]      ; clk          ; clk         ; 0.000        ; 0.060      ; 1.725      ;
; 1.520 ; por_reset_n ; uart:u_uart|tx_bit_cnt[1]      ; clk          ; clk         ; 0.000        ; 0.062      ; 1.739      ;
; 1.520 ; por_reset_n ; uart:u_uart|rx_shift[0]        ; clk          ; clk         ; 0.000        ; 0.062      ; 1.739      ;
; 1.520 ; por_reset_n ; uart:u_uart|rx_shift[1]        ; clk          ; clk         ; 0.000        ; 0.062      ; 1.739      ;
; 1.520 ; por_reset_n ; uart:u_uart|rx_shift[2]        ; clk          ; clk         ; 0.000        ; 0.062      ; 1.739      ;
; 1.520 ; por_reset_n ; uart:u_uart|rx_shift[3]        ; clk          ; clk         ; 0.000        ; 0.062      ; 1.739      ;
; 1.520 ; por_reset_n ; uart:u_uart|rx_shift[4]        ; clk          ; clk         ; 0.000        ; 0.062      ; 1.739      ;
; 1.520 ; por_reset_n ; uart:u_uart|rx_shift[5]        ; clk          ; clk         ; 0.000        ; 0.062      ; 1.739      ;
; 1.520 ; por_reset_n ; uart:u_uart|rx_shift[6]        ; clk          ; clk         ; 0.000        ; 0.062      ; 1.739      ;
; 1.520 ; por_reset_n ; uart:u_uart|rx_bit_cnt[0]      ; clk          ; clk         ; 0.000        ; 0.062      ; 1.739      ;
; 1.520 ; por_reset_n ; uart:u_uart|rx_bit_cnt[2]      ; clk          ; clk         ; 0.000        ; 0.062      ; 1.739      ;
; 1.520 ; por_reset_n ; uart:u_uart|rx_bit_cnt[1]      ; clk          ; clk         ; 0.000        ; 0.062      ; 1.739      ;
; 1.520 ; por_reset_n ; uart:u_uart|rx_shift[7]        ; clk          ; clk         ; 0.000        ; 0.062      ; 1.739      ;
; 1.520 ; por_reset_n ; uart:u_uart|rx_done_int        ; clk          ; clk         ; 0.000        ; 0.062      ; 1.739      ;
; 1.520 ; por_reset_n ; uart:u_uart|rx_state.IDLE      ; clk          ; clk         ; 0.000        ; 0.062      ; 1.739      ;
; 1.531 ; por_reset_n ; uart:u_uart|tx_reg[0]          ; clk          ; clk         ; 0.000        ; 0.061      ; 1.749      ;
; 1.531 ; por_reset_n ; uart:u_uart|tx_reg[1]          ; clk          ; clk         ; 0.000        ; 0.061      ; 1.749      ;
; 1.531 ; por_reset_n ; uart:u_uart|tx_reg[5]          ; clk          ; clk         ; 0.000        ; 0.061      ; 1.749      ;
; 1.531 ; por_reset_n ; uart:u_uart|tx_reg[6]          ; clk          ; clk         ; 0.000        ; 0.061      ; 1.749      ;
; 1.531 ; por_reset_n ; uart:u_uart|tx_reg[7]          ; clk          ; clk         ; 0.000        ; 0.061      ; 1.749      ;
; 1.531 ; por_reset_n ; uart:u_uart|tx_reg[8]          ; clk          ; clk         ; 0.000        ; 0.061      ; 1.749      ;
+-------+-------------+--------------------------------+--------------+-------------+--------------+------------+------------+


-----------------------------------------------
; Slow 1200mV 85C Model Metastability Summary ;
-----------------------------------------------
Design MTBF is not calculated because the design doesn't meet its timing requirements.



+--------------------------------------------------+
; Slow 1200mV 0C Model Fmax Summary                ;
+------------+-----------------+------------+------+
; Fmax       ; Restricted Fmax ; Clock Name ; Note ;
+------------+-----------------+------------+------+
; 137.23 MHz ; 137.23 MHz      ; clk        ;      ;
+------------+-----------------+------------+------+
This panel reports FMAX for every clock in the design, regardless of the user-specified clock periods.  FMAX is only computed for paths where the source and destination registers or ports are driven by the same clock.  Paths of different clocks, including generated clocks, are ignored.  For paths between a clock and its inversion, FMAX is computed as if the rising and falling edges are scaled along with FMAX, such that the duty cycle (in terms of a percentage) is maintained. Altera recommends that you always use clock constraints and other slack reports for sign-off analysis.


+------------------------------------+
; Slow 1200mV 0C Model Setup Summary ;
+-------+--------+-------------------+
; Clock ; Slack  ; End Point TNS     ;
+-------+--------+-------------------+
; clk   ; -6.287 ; -3386.716         ;
+-------+--------+-------------------+


+-----------------------------------+
; Slow 1200mV 0C Model Hold Summary ;
+-------+-------+-------------------+
; Clock ; Slack ; End Point TNS     ;
+-------+-------+-------------------+
; clk   ; 0.297 ; 0.000             ;
+-------+-------+-------------------+


+---------------------------------------+
; Slow 1200mV 0C Model Recovery Summary ;
+-------+--------+----------------------+
; Clock ; Slack  ; End Point TNS        ;
+-------+--------+----------------------+
; clk   ; -0.757 ; -35.565              ;
+-------+--------+----------------------+


+--------------------------------------+
; Slow 1200mV 0C Model Removal Summary ;
+-------+-------+----------------------+
; Clock ; Slack ; End Point TNS        ;
+-------+-------+----------------------+
; clk   ; 1.066 ; 0.000                ;
+-------+-------+----------------------+


+--------------------------------------------------+
; Slow 1200mV 0C Model Minimum Pulse Width Summary ;
+-------+--------+---------------------------------+
; Clock ; Slack  ; End Point TNS                   ;
+-------+--------+---------------------------------+
; clk   ; -3.000 ; -1073.310                       ;
+-------+--------+---------------------------------+


+--------------------------------------------------------------------------------------------------------------------------------------------------------------------------------------------------------------------------------------------------------------------------------------+
; Slow 1200mV 0C Model Setup: 'clk'                                                                                                                                                                                                                                                    ;
+--------+----------------------------------------------------------------------------------------------+--------------------------------------------------------------------------------------------------------+--------------+-------------+--------------+------------+------------+
; Slack  ; From Node                                                                                    ; To Node                                                                                                ; Launch Clock ; Latch Clock ; Relationship ; Clock Skew ; Data Delay ;
+--------+----------------------------------------------------------------------------------------------+--------------------------------------------------------------------------------------------------------+--------------+-------------+--------------+------------+------------+
; -6.287 ; picorv32:u_cpu|mem_addr[29]                                                                  ; picorv32:u_cpu|altsyncram:cpuregs_rtl_0|altsyncram_7sd1:auto_generated|ram_block1a0~portb_address_reg0 ; clk          ; clk         ; 1.000        ; 0.224      ; 7.531      ;
; -6.262 ; picorv32:u_cpu|mem_addr[23]                                                                  ; picorv32:u_cpu|altsyncram:cpuregs_rtl_0|altsyncram_7sd1:auto_generated|ram_block1a0~portb_address_reg0 ; clk          ; clk         ; 1.000        ; 0.224      ; 7.506      ;
; -6.192 ; picorv32:u_cpu|mem_addr[9]                                                                   ; picorv32:u_cpu|altsyncram:cpuregs_rtl_0|altsyncram_7sd1:auto_generated|ram_block1a0~portb_address_reg0 ; clk          ; clk         ; 1.000        ; 0.207      ; 7.419      ;
; -6.186 ; picorv32:u_cpu|mem_addr[7]                                                                   ; picorv32:u_cpu|altsyncram:cpuregs_rtl_0|altsyncram_7sd1:auto_generated|ram_block1a0~portb_address_reg0 ; clk          ; clk         ; 1.000        ; 0.207      ; 7.413      ;
; -6.176 ; picorv32:u_cpu|mem_addr[16]                                                                  ; picorv32:u_cpu|altsyncram:cpuregs_rtl_0|altsyncram_7sd1:auto_generated|ram_block1a0~portb_address_reg0 ; clk          ; clk         ; 1.000        ; 0.230      ; 7.426      ;
; -6.171 ; picorv32:u_cpu|mem_addr[15]                                                                  ; picorv32:u_cpu|altsyncram:cpuregs_rtl_0|altsyncram_7sd1:auto_generated|ram_block1a0~portb_address_reg0 ; clk          ; clk         ; 1.000        ; 0.230      ; 7.421      ;
; -6.113 ; picorv32:u_cpu|mem_addr[27]                                                                  ; picorv32:u_cpu|altsyncram:cpuregs_rtl_0|altsyncram_7sd1:auto_generated|ram_block1a0~portb_address_reg0 ; clk          ; clk         ; 1.000        ; 0.224      ; 7.357      ;
; -6.103 ; picorv32:u_cpu|mem_addr[25]                                                                  ; picorv32:u_cpu|altsyncram:cpuregs_rtl_0|altsyncram_7sd1:auto_generated|ram_block1a0~portb_address_reg0 ; clk          ; clk         ; 1.000        ; 0.230      ; 7.353      ;
; -6.101 ; picorv32:u_cpu|mem_addr[22]                                                                  ; picorv32:u_cpu|altsyncram:cpuregs_rtl_0|altsyncram_7sd1:auto_generated|ram_block1a0~portb_address_reg0 ; clk          ; clk         ; 1.000        ; 0.224      ; 7.345      ;
; -6.097 ; picorv32:u_cpu|mem_addr[5]                                                                   ; picorv32:u_cpu|altsyncram:cpuregs_rtl_0|altsyncram_7sd1:auto_generated|ram_block1a0~portb_address_reg0 ; clk          ; clk         ; 1.000        ; 0.230      ; 7.347      ;
; -6.096 ; picorv32:u_cpu|mem_addr[19]                                                                  ; picorv32:u_cpu|altsyncram:cpuregs_rtl_0|altsyncram_7sd1:auto_generated|ram_block1a0~portb_address_reg0 ; clk          ; clk         ; 1.000        ; 0.224      ; 7.340      ;
; -6.086 ; picorv32:u_cpu|mem_addr[11]                                                                  ; picorv32:u_cpu|altsyncram:cpuregs_rtl_0|altsyncram_7sd1:auto_generated|ram_block1a0~portb_address_reg0 ; clk          ; clk         ; 1.000        ; 0.230      ; 7.336      ;
; -6.050 ; picorv32:u_cpu|mem_addr[10]                                                                  ; picorv32:u_cpu|altsyncram:cpuregs_rtl_0|altsyncram_7sd1:auto_generated|ram_block1a0~portb_address_reg0 ; clk          ; clk         ; 1.000        ; 0.207      ; 7.277      ;
; -6.036 ; picorv32:u_cpu|mem_addr[18]                                                                  ; picorv32:u_cpu|altsyncram:cpuregs_rtl_0|altsyncram_7sd1:auto_generated|ram_block1a0~portb_address_reg0 ; clk          ; clk         ; 1.000        ; 0.230      ; 7.286      ;
; -6.026 ; picorv32:u_cpu|mem_addr[29]                                                                  ; picorv32:u_cpu|decoded_rs1[0]                                                                          ; clk          ; clk         ; 1.000        ; 0.259      ; 7.280      ;
; -6.025 ; picorv32:u_cpu|mem_addr[29]                                                                  ; picorv32:u_cpu|decoded_rs1[4]                                                                          ; clk          ; clk         ; 1.000        ; 0.259      ; 7.279      ;
; -6.025 ; picorv32:u_cpu|mem_addr[31]                                                                  ; picorv32:u_cpu|altsyncram:cpuregs_rtl_0|altsyncram_7sd1:auto_generated|ram_block1a0~portb_address_reg0 ; clk          ; clk         ; 1.000        ; 0.224      ; 7.269      ;
; -6.022 ; picorv32:u_cpu|mem_addr[24]                                                                  ; picorv32:u_cpu|altsyncram:cpuregs_rtl_0|altsyncram_7sd1:auto_generated|ram_block1a0~portb_address_reg0 ; clk          ; clk         ; 1.000        ; 0.224      ; 7.266      ;
; -6.010 ; picorv32:u_cpu|mem_addr[29]                                                                  ; picorv32:u_cpu|decoded_rs1[2]                                                                          ; clk          ; clk         ; 1.000        ; 0.259      ; 7.264      ;
; -6.001 ; picorv32:u_cpu|mem_addr[23]                                                                  ; picorv32:u_cpu|decoded_rs1[0]                                                                          ; clk          ; clk         ; 1.000        ; 0.259      ; 7.255      ;
; -6.000 ; picorv32:u_cpu|mem_addr[23]                                                                  ; picorv32:u_cpu|decoded_rs1[4]                                                                          ; clk          ; clk         ; 1.000        ; 0.259      ; 7.254      ;
; -5.990 ; picorv32:u_cpu|mem_addr[26]                                                                  ; picorv32:u_cpu|altsyncram:cpuregs_rtl_0|altsyncram_7sd1:auto_generated|ram_block1a0~portb_address_reg0 ; clk          ; clk         ; 1.000        ; 0.230      ; 7.240      ;
; -5.985 ; picorv32:u_cpu|mem_addr[23]                                                                  ; picorv32:u_cpu|decoded_rs1[2]                                                                          ; clk          ; clk         ; 1.000        ; 0.259      ; 7.239      ;
; -5.970 ; ram_16kb:u_ram|altsyncram:ram_byte0|altsyncram_94q3:auto_generated|ram_block1a5~porta_we_reg ; picorv32:u_cpu|altsyncram:cpuregs_rtl_0|altsyncram_7sd1:auto_generated|ram_block1a0~portb_address_reg0 ; clk          ; clk         ; 1.000        ; -0.066     ; 6.924      ;
; -5.965 ; picorv32:u_cpu|mem_addr[21]                                                                  ; picorv32:u_cpu|altsyncram:cpuregs_rtl_0|altsyncram_7sd1:auto_generated|ram_block1a0~portb_address_reg0 ; clk          ; clk         ; 1.000        ; 0.224      ; 7.209      ;
; -5.963 ; picorv32:u_cpu|mem_addr[28]                                                                  ; picorv32:u_cpu|altsyncram:cpuregs_rtl_0|altsyncram_7sd1:auto_generated|ram_block1a0~portb_address_reg0 ; clk          ; clk         ; 1.000        ; 0.230      ; 7.213      ;
; -5.963 ; picorv32:u_cpu|mem_addr[4]                                                                   ; picorv32:u_cpu|altsyncram:cpuregs_rtl_0|altsyncram_7sd1:auto_generated|ram_block1a0~portb_address_reg0 ; clk          ; clk         ; 1.000        ; 0.230      ; 7.213      ;
; -5.949 ; picorv32:u_cpu|mem_addr[8]                                                                   ; picorv32:u_cpu|altsyncram:cpuregs_rtl_0|altsyncram_7sd1:auto_generated|ram_block1a0~portb_address_reg0 ; clk          ; clk         ; 1.000        ; 0.207      ; 7.176      ;
; -5.946 ; picorv32:u_cpu|mem_addr[17]                                                                  ; picorv32:u_cpu|altsyncram:cpuregs_rtl_0|altsyncram_7sd1:auto_generated|ram_block1a0~portb_address_reg0 ; clk          ; clk         ; 1.000        ; 0.230      ; 7.196      ;
; -5.931 ; picorv32:u_cpu|mem_addr[9]                                                                   ; picorv32:u_cpu|decoded_rs1[0]                                                                          ; clk          ; clk         ; 1.000        ; 0.242      ; 7.168      ;
; -5.930 ; picorv32:u_cpu|mem_addr[9]                                                                   ; picorv32:u_cpu|decoded_rs1[4]                                                                          ; clk          ; clk         ; 1.000        ; 0.242      ; 7.167      ;
; -5.925 ; picorv32:u_cpu|mem_addr[7]                                                                   ; picorv32:u_cpu|decoded_rs1[0]                                                                          ; clk          ; clk         ; 1.000        ; 0.242      ; 7.162      ;
; -5.924 ; picorv32:u_cpu|mem_addr[7]                                                                   ; picorv32:u_cpu|decoded_rs1[4]                                                                          ; clk          ; clk         ; 1.000        ; 0.242      ; 7.161      ;
; -5.915 ; picorv32:u_cpu|mem_addr[9]                                                                   ; picorv32:u_cpu|decoded_rs1[2]                                                                          ; clk          ; clk         ; 1.000        ; 0.242      ; 7.152      ;
; -5.915 ; picorv32:u_cpu|mem_addr[16]                                                                  ; picorv32:u_cpu|decoded_rs1[0]                                                                          ; clk          ; clk         ; 1.000        ; 0.265      ; 7.175      ;
; -5.914 ; picorv32:u_cpu|mem_addr[16]                                                                  ; picorv32:u_cpu|decoded_rs1[4]                                                                          ; clk          ; clk         ; 1.000        ; 0.265      ; 7.174      ;
; -5.910 ; picorv32:u_cpu|mem_addr[15]                                                                  ; picorv32:u_cpu|decoded_rs1[0]                                                                          ; clk          ; clk         ; 1.000        ; 0.265      ; 7.170      ;
; -5.909 ; picorv32:u_cpu|mem_addr[7]                                                                   ; picorv32:u_cpu|decoded_rs1[2]                                                                          ; clk          ; clk         ; 1.000        ; 0.242      ; 7.146      ;
; -5.909 ; picorv32:u_cpu|mem_addr[15]                                                                  ; picorv32:u_cpu|decoded_rs1[4]                                                                          ; clk          ; clk         ; 1.000        ; 0.265      ; 7.169      ;
; -5.899 ; picorv32:u_cpu|mem_addr[16]                                                                  ; picorv32:u_cpu|decoded_rs1[2]                                                                          ; clk          ; clk         ; 1.000        ; 0.265      ; 7.159      ;
; -5.894 ; picorv32:u_cpu|mem_addr[15]                                                                  ; picorv32:u_cpu|decoded_rs1[2]                                                                          ; clk          ; clk         ; 1.000        ; 0.265      ; 7.154      ;
; -5.872 ; picorv32:u_cpu|mem_addr[20]                                                                  ; picorv32:u_cpu|altsyncram:cpuregs_rtl_0|altsyncram_7sd1:auto_generated|ram_block1a0~portb_address_reg0 ; clk          ; clk         ; 1.000        ; 0.224      ; 7.116      ;
; -5.863 ; ram_16kb:u_ram|altsyncram:ram_byte0|altsyncram_94q3:auto_generated|ram_block1a4~porta_we_reg ; picorv32:u_cpu|altsyncram:cpuregs_rtl_0|altsyncram_7sd1:auto_generated|ram_block1a0~portb_address_reg0 ; clk          ; clk         ; 1.000        ; -0.065     ; 6.818      ;
; -5.860 ; picorv32:u_cpu|mem_addr[13]                                                                  ; picorv32:u_cpu|altsyncram:cpuregs_rtl_0|altsyncram_7sd1:auto_generated|ram_block1a0~portb_address_reg0 ; clk          ; clk         ; 1.000        ; 0.230      ; 7.110      ;
; -5.858 ; ram_16kb:u_ram|altsyncram:ram_byte0|altsyncram_94q3:auto_generated|ram_block1a2~porta_we_reg ; picorv32:u_cpu|altsyncram:cpuregs_rtl_0|altsyncram_7sd1:auto_generated|ram_block1a0~portb_address_reg0 ; clk          ; clk         ; 1.000        ; -0.052     ; 6.826      ;
; -5.852 ; picorv32:u_cpu|mem_addr[27]                                                                  ; picorv32:u_cpu|decoded_rs1[0]                                                                          ; clk          ; clk         ; 1.000        ; 0.259      ; 7.106      ;
; -5.851 ; picorv32:u_cpu|mem_addr[27]                                                                  ; picorv32:u_cpu|decoded_rs1[4]                                                                          ; clk          ; clk         ; 1.000        ; 0.259      ; 7.105      ;
; -5.842 ; picorv32:u_cpu|mem_addr[25]                                                                  ; picorv32:u_cpu|decoded_rs1[0]                                                                          ; clk          ; clk         ; 1.000        ; 0.265      ; 7.102      ;
; -5.841 ; picorv32:u_cpu|mem_addr[25]                                                                  ; picorv32:u_cpu|decoded_rs1[4]                                                                          ; clk          ; clk         ; 1.000        ; 0.265      ; 7.101      ;
; -5.840 ; picorv32:u_cpu|mem_addr[22]                                                                  ; picorv32:u_cpu|decoded_rs1[0]                                                                          ; clk          ; clk         ; 1.000        ; 0.259      ; 7.094      ;
; -5.839 ; picorv32:u_cpu|mem_addr[22]                                                                  ; picorv32:u_cpu|decoded_rs1[4]                                                                          ; clk          ; clk         ; 1.000        ; 0.259      ; 7.093      ;
; -5.836 ; picorv32:u_cpu|mem_addr[5]                                                                   ; picorv32:u_cpu|decoded_rs1[0]                                                                          ; clk          ; clk         ; 1.000        ; 0.265      ; 7.096      ;
; -5.836 ; picorv32:u_cpu|mem_addr[27]                                                                  ; picorv32:u_cpu|decoded_rs1[2]                                                                          ; clk          ; clk         ; 1.000        ; 0.259      ; 7.090      ;
; -5.835 ; picorv32:u_cpu|mem_addr[5]                                                                   ; picorv32:u_cpu|decoded_rs1[4]                                                                          ; clk          ; clk         ; 1.000        ; 0.265      ; 7.095      ;
; -5.835 ; picorv32:u_cpu|mem_addr[19]                                                                  ; picorv32:u_cpu|decoded_rs1[0]                                                                          ; clk          ; clk         ; 1.000        ; 0.259      ; 7.089      ;
; -5.834 ; picorv32:u_cpu|mem_addr[19]                                                                  ; picorv32:u_cpu|decoded_rs1[4]                                                                          ; clk          ; clk         ; 1.000        ; 0.259      ; 7.088      ;
; -5.826 ; picorv32:u_cpu|mem_addr[25]                                                                  ; picorv32:u_cpu|decoded_rs1[2]                                                                          ; clk          ; clk         ; 1.000        ; 0.265      ; 7.086      ;
; -5.825 ; picorv32:u_cpu|mem_addr[11]                                                                  ; picorv32:u_cpu|decoded_rs1[0]                                                                          ; clk          ; clk         ; 1.000        ; 0.265      ; 7.085      ;
; -5.824 ; picorv32:u_cpu|mem_addr[22]                                                                  ; picorv32:u_cpu|decoded_rs1[2]                                                                          ; clk          ; clk         ; 1.000        ; 0.259      ; 7.078      ;
; -5.824 ; picorv32:u_cpu|mem_addr[11]                                                                  ; picorv32:u_cpu|decoded_rs1[4]                                                                          ; clk          ; clk         ; 1.000        ; 0.265      ; 7.084      ;
; -5.820 ; picorv32:u_cpu|mem_addr[5]                                                                   ; picorv32:u_cpu|decoded_rs1[2]                                                                          ; clk          ; clk         ; 1.000        ; 0.265      ; 7.080      ;
; -5.819 ; picorv32:u_cpu|mem_addr[19]                                                                  ; picorv32:u_cpu|decoded_rs1[2]                                                                          ; clk          ; clk         ; 1.000        ; 0.259      ; 7.073      ;
; -5.809 ; picorv32:u_cpu|mem_addr[11]                                                                  ; picorv32:u_cpu|decoded_rs1[2]                                                                          ; clk          ; clk         ; 1.000        ; 0.265      ; 7.069      ;
; -5.808 ; ram_16kb:u_ram|altsyncram:ram_byte3|altsyncram_c4q3:auto_generated|ram_block1a6~porta_we_reg ; picorv32:u_cpu|altsyncram:cpuregs_rtl_0|altsyncram_7sd1:auto_generated|ram_block1a0~portb_address_reg0 ; clk          ; clk         ; 1.000        ; -0.052     ; 6.776      ;
; -5.789 ; picorv32:u_cpu|mem_addr[10]                                                                  ; picorv32:u_cpu|decoded_rs1[0]                                                                          ; clk          ; clk         ; 1.000        ; 0.242      ; 7.026      ;
; -5.788 ; picorv32:u_cpu|mem_addr[10]                                                                  ; picorv32:u_cpu|decoded_rs1[4]                                                                          ; clk          ; clk         ; 1.000        ; 0.242      ; 7.025      ;
; -5.775 ; picorv32:u_cpu|mem_addr[18]                                                                  ; picorv32:u_cpu|decoded_rs1[0]                                                                          ; clk          ; clk         ; 1.000        ; 0.265      ; 7.035      ;
; -5.774 ; picorv32:u_cpu|mem_addr[18]                                                                  ; picorv32:u_cpu|decoded_rs1[4]                                                                          ; clk          ; clk         ; 1.000        ; 0.265      ; 7.034      ;
; -5.773 ; picorv32:u_cpu|mem_addr[10]                                                                  ; picorv32:u_cpu|decoded_rs1[2]                                                                          ; clk          ; clk         ; 1.000        ; 0.242      ; 7.010      ;
; -5.770 ; ram_16kb:u_ram|altsyncram:ram_byte0|altsyncram_94q3:auto_generated|ram_block1a0~porta_we_reg ; picorv32:u_cpu|altsyncram:cpuregs_rtl_0|altsyncram_7sd1:auto_generated|ram_block1a0~portb_address_reg0 ; clk          ; clk         ; 1.000        ; -0.064     ; 6.726      ;
; -5.764 ; picorv32:u_cpu|mem_addr[31]                                                                  ; picorv32:u_cpu|decoded_rs1[0]                                                                          ; clk          ; clk         ; 1.000        ; 0.259      ; 7.018      ;
; -5.763 ; picorv32:u_cpu|mem_addr[31]                                                                  ; picorv32:u_cpu|decoded_rs1[4]                                                                          ; clk          ; clk         ; 1.000        ; 0.259      ; 7.017      ;
; -5.761 ; picorv32:u_cpu|mem_addr[24]                                                                  ; picorv32:u_cpu|decoded_rs1[0]                                                                          ; clk          ; clk         ; 1.000        ; 0.259      ; 7.015      ;
; -5.760 ; picorv32:u_cpu|mem_addr[24]                                                                  ; picorv32:u_cpu|decoded_rs1[4]                                                                          ; clk          ; clk         ; 1.000        ; 0.259      ; 7.014      ;
; -5.759 ; picorv32:u_cpu|mem_addr[18]                                                                  ; picorv32:u_cpu|decoded_rs1[2]                                                                          ; clk          ; clk         ; 1.000        ; 0.265      ; 7.019      ;
; -5.748 ; picorv32:u_cpu|mem_addr[31]                                                                  ; picorv32:u_cpu|decoded_rs1[2]                                                                          ; clk          ; clk         ; 1.000        ; 0.259      ; 7.002      ;
; -5.745 ; picorv32:u_cpu|mem_addr[24]                                                                  ; picorv32:u_cpu|decoded_rs1[2]                                                                          ; clk          ; clk         ; 1.000        ; 0.259      ; 6.999      ;
; -5.729 ; picorv32:u_cpu|mem_addr[26]                                                                  ; picorv32:u_cpu|decoded_rs1[0]                                                                          ; clk          ; clk         ; 1.000        ; 0.265      ; 6.989      ;
; -5.728 ; picorv32:u_cpu|mem_addr[26]                                                                  ; picorv32:u_cpu|decoded_rs1[4]                                                                          ; clk          ; clk         ; 1.000        ; 0.265      ; 6.988      ;
; -5.719 ; picorv32:u_cpu|mem_addr[29]                                                                  ; picorv32:u_cpu|reg_out[30]                                                                             ; clk          ; clk         ; 1.000        ; -0.053     ; 6.661      ;
; -5.714 ; picorv32:u_cpu|mem_addr[29]                                                                  ; picorv32:u_cpu|decoded_rs1[5]                                                                          ; clk          ; clk         ; 1.000        ; 0.259      ; 6.968      ;
; -5.713 ; picorv32:u_cpu|mem_addr[26]                                                                  ; picorv32:u_cpu|decoded_rs1[2]                                                                          ; clk          ; clk         ; 1.000        ; 0.265      ; 6.973      ;
; -5.709 ; ram_16kb:u_ram|altsyncram:ram_byte0|altsyncram_94q3:auto_generated|ram_block1a5~porta_we_reg ; picorv32:u_cpu|decoded_rs1[0]                                                                          ; clk          ; clk         ; 1.000        ; -0.031     ; 6.673      ;
; -5.708 ; ram_16kb:u_ram|altsyncram:ram_byte0|altsyncram_94q3:auto_generated|ram_block1a5~porta_we_reg ; picorv32:u_cpu|decoded_rs1[4]                                                                          ; clk          ; clk         ; 1.000        ; -0.031     ; 6.672      ;
; -5.704 ; picorv32:u_cpu|mem_addr[21]                                                                  ; picorv32:u_cpu|decoded_rs1[0]                                                                          ; clk          ; clk         ; 1.000        ; 0.259      ; 6.958      ;
; -5.703 ; picorv32:u_cpu|mem_addr[21]                                                                  ; picorv32:u_cpu|decoded_rs1[4]                                                                          ; clk          ; clk         ; 1.000        ; 0.259      ; 6.957      ;
; -5.702 ; picorv32:u_cpu|mem_addr[28]                                                                  ; picorv32:u_cpu|decoded_rs1[0]                                                                          ; clk          ; clk         ; 1.000        ; 0.265      ; 6.962      ;
; -5.702 ; picorv32:u_cpu|mem_addr[4]                                                                   ; picorv32:u_cpu|decoded_rs1[0]                                                                          ; clk          ; clk         ; 1.000        ; 0.265      ; 6.962      ;
; -5.701 ; picorv32:u_cpu|mem_addr[28]                                                                  ; picorv32:u_cpu|decoded_rs1[4]                                                                          ; clk          ; clk         ; 1.000        ; 0.265      ; 6.961      ;
; -5.701 ; picorv32:u_cpu|mem_addr[4]                                                                   ; picorv32:u_cpu|decoded_rs1[4]                                                                          ; clk          ; clk         ; 1.000        ; 0.265      ; 6.961      ;
; -5.698 ; picorv32:u_cpu|mem_addr[6]                                                                   ; picorv32:u_cpu|altsyncram:cpuregs_rtl_0|altsyncram_7sd1:auto_generated|ram_block1a0~portb_address_reg0 ; clk          ; clk         ; 1.000        ; 0.230      ; 6.948      ;
; -5.694 ; picorv32:u_cpu|mem_addr[23]                                                                  ; picorv32:u_cpu|reg_out[30]                                                                             ; clk          ; clk         ; 1.000        ; -0.053     ; 6.636      ;
; -5.693 ; ram_16kb:u_ram|altsyncram:ram_byte0|altsyncram_94q3:auto_generated|ram_block1a5~porta_we_reg ; picorv32:u_cpu|decoded_rs1[2]                                                                          ; clk          ; clk         ; 1.000        ; -0.031     ; 6.657      ;
; -5.689 ; picorv32:u_cpu|mem_addr[23]                                                                  ; picorv32:u_cpu|decoded_rs1[5]                                                                          ; clk          ; clk         ; 1.000        ; 0.259      ; 6.943      ;
; -5.688 ; picorv32:u_cpu|mem_addr[8]                                                                   ; picorv32:u_cpu|decoded_rs1[0]                                                                          ; clk          ; clk         ; 1.000        ; 0.242      ; 6.925      ;
; -5.688 ; picorv32:u_cpu|mem_addr[21]                                                                  ; picorv32:u_cpu|decoded_rs1[2]                                                                          ; clk          ; clk         ; 1.000        ; 0.259      ; 6.942      ;
; -5.687 ; picorv32:u_cpu|mem_addr[8]                                                                   ; picorv32:u_cpu|decoded_rs1[4]                                                                          ; clk          ; clk         ; 1.000        ; 0.242      ; 6.924      ;
; -5.686 ; picorv32:u_cpu|mem_addr[28]                                                                  ; picorv32:u_cpu|decoded_rs1[2]                                                                          ; clk          ; clk         ; 1.000        ; 0.265      ; 6.946      ;
; -5.686 ; picorv32:u_cpu|mem_addr[4]                                                                   ; picorv32:u_cpu|decoded_rs1[2]                                                                          ; clk          ; clk         ; 1.000        ; 0.265      ; 6.946      ;
; -5.685 ; picorv32:u_cpu|mem_addr[17]                                                                  ; picorv32:u_cpu|decoded_rs1[0]                                                                          ; clk          ; clk         ; 1.000        ; 0.265      ; 6.945      ;
+--------+----------------------------------------------------------------------------------------------+--------------------------------------------------------------------------------------------------------+--------------+-------------+--------------+------------+------------+


+--------------------------------------------------------------------------------------------------------------------------------------------------------------------------------------------------------------------------------+
; Slow 1200mV 0C Model Hold: 'clk'                                                                                                                                                                                               ;
+-------+---------------------------------------------+----------------------------------------------------------------------------------------------------+--------------+-------------+--------------+------------+------------+
; Slack ; From Node                                   ; To Node                                                                                            ; Launch Clock ; Latch Clock ; Relationship ; Clock Skew ; Data Delay ;
+-------+---------------------------------------------+----------------------------------------------------------------------------------------------------+--------------+-------------+--------------+------------+------------+
; 0.297 ; bootloader:u_boot|ram_wdata[26]             ; ram_16kb:u_ram|altsyncram:ram_byte3|altsyncram_c4q3:auto_generated|ram_block1a2~porta_datain_reg0  ; clk          ; clk         ; 0.000        ; 0.344      ; 0.810      ;
; 0.298 ; picorv32:u_cpu|mem_rdata_q[28]              ; picorv32:u_cpu|mem_rdata_q[28]                                                                     ; clk          ; clk         ; 0.000        ; 0.069      ; 0.511      ;
; 0.299 ; picorv32:u_cpu|cpu_state.cpu_state_stmem    ; picorv32:u_cpu|cpu_state.cpu_state_stmem                                                           ; clk          ; clk         ; 0.000        ; 0.068      ; 0.511      ;
; 0.299 ; uart:u_uart|rx_state.STOP_BIT               ; uart:u_uart|rx_state.STOP_BIT                                                                      ; clk          ; clk         ; 0.000        ; 0.068      ; 0.511      ;
; 0.299 ; picorv32:u_cpu|mem_rdata_q[5]               ; picorv32:u_cpu|mem_rdata_q[5]                                                                      ; clk          ; clk         ; 0.000        ; 0.068      ; 0.511      ;
; 0.299 ; picorv32:u_cpu|mem_rdata_q[23]              ; picorv32:u_cpu|mem_rdata_q[23]                                                                     ; clk          ; clk         ; 0.000        ; 0.068      ; 0.511      ;
; 0.299 ; picorv32:u_cpu|mem_rdata_q[27]              ; picorv32:u_cpu|mem_rdata_q[27]                                                                     ; clk          ; clk         ; 0.000        ; 0.068      ; 0.511      ;
; 0.299 ; picorv32:u_cpu|mem_rdata_q[31]              ; picorv32:u_cpu|mem_rdata_q[31]                                                                     ; clk          ; clk         ; 0.000        ; 0.068      ; 0.511      ;
; 0.299 ; picorv32:u_cpu|mem_rdata_q[26]              ; picorv32:u_cpu|mem_rdata_q[26]                                                                     ; clk          ; clk         ; 0.000        ; 0.068      ; 0.511      ;
; 0.299 ; picorv32:u_cpu|mem_rdata_q[22]              ; picorv32:u_cpu|mem_rdata_q[22]                                                                     ; clk          ; clk         ; 0.000        ; 0.068      ; 0.511      ;
; 0.299 ; picorv32:u_cpu|mem_rdata_q[21]              ; picorv32:u_cpu|mem_rdata_q[21]                                                                     ; clk          ; clk         ; 0.000        ; 0.068      ; 0.511      ;
; 0.300 ; picorv32:u_cpu|is_beq_bne_blt_bge_bltu_bgeu ; picorv32:u_cpu|is_beq_bne_blt_bge_bltu_bgeu                                                        ; clk          ; clk         ; 0.000        ; 0.067      ; 0.511      ;
; 0.300 ; picorv32:u_cpu|mem_rdata_q[3]               ; picorv32:u_cpu|mem_rdata_q[3]                                                                      ; clk          ; clk         ; 0.000        ; 0.067      ; 0.511      ;
; 0.300 ; picorv32:u_cpu|mem_rdata_q[2]               ; picorv32:u_cpu|mem_rdata_q[2]                                                                      ; clk          ; clk         ; 0.000        ; 0.067      ; 0.511      ;
; 0.300 ; picorv32:u_cpu|mem_rdata_q[24]              ; picorv32:u_cpu|mem_rdata_q[24]                                                                     ; clk          ; clk         ; 0.000        ; 0.067      ; 0.511      ;
; 0.300 ; picorv32:u_cpu|mem_rdata_q[15]              ; picorv32:u_cpu|mem_rdata_q[15]                                                                     ; clk          ; clk         ; 0.000        ; 0.067      ; 0.511      ;
; 0.300 ; picorv32:u_cpu|mem_rdata_q[13]              ; picorv32:u_cpu|mem_rdata_q[13]                                                                     ; clk          ; clk         ; 0.000        ; 0.067      ; 0.511      ;
; 0.300 ; picorv32:u_cpu|mem_rdata_q[19]              ; picorv32:u_cpu|mem_rdata_q[19]                                                                     ; clk          ; clk         ; 0.000        ; 0.067      ; 0.511      ;
; 0.300 ; picorv32:u_cpu|mem_rdata_q[16]              ; picorv32:u_cpu|mem_rdata_q[16]                                                                     ; clk          ; clk         ; 0.000        ; 0.067      ; 0.511      ;
; 0.300 ; picorv32:u_cpu|mem_rdata_q[14]              ; picorv32:u_cpu|mem_rdata_q[14]                                                                     ; clk          ; clk         ; 0.000        ; 0.067      ; 0.511      ;
; 0.311 ; timer:u_timer|pending                       ; timer:u_timer|pending                                                                              ; clk          ; clk         ; 0.000        ; 0.056      ; 0.511      ;
; 0.311 ; timer:u_timer|enable                        ; timer:u_timer|enable                                                                               ; clk          ; clk         ; 0.000        ; 0.056      ; 0.511      ;
; 0.311 ; picorv32:u_cpu|mem_rdata_q[20]              ; picorv32:u_cpu|mem_rdata_q[20]                                                                     ; clk          ; clk         ; 0.000        ; 0.056      ; 0.511      ;
; 0.312 ; bootloader:u_boot|cpu_reset_int             ; bootloader:u_boot|cpu_reset_int                                                                    ; clk          ; clk         ; 0.000        ; 0.055      ; 0.511      ;
; 0.312 ; picorv32:u_cpu|mem_state[1]                 ; picorv32:u_cpu|mem_state[1]                                                                        ; clk          ; clk         ; 0.000        ; 0.055      ; 0.511      ;
; 0.312 ; picorv32:u_cpu|mem_state[0]                 ; picorv32:u_cpu|mem_state[0]                                                                        ; clk          ; clk         ; 0.000        ; 0.055      ; 0.511      ;
; 0.312 ; picorv32:u_cpu|mem_valid                    ; picorv32:u_cpu|mem_valid                                                                           ; clk          ; clk         ; 0.000        ; 0.055      ; 0.511      ;
; 0.312 ; picorv32:u_cpu|mem_do_rdata                 ; picorv32:u_cpu|mem_do_rdata                                                                        ; clk          ; clk         ; 0.000        ; 0.055      ; 0.511      ;
; 0.312 ; bootloader:u_boot|word_pos[1]               ; bootloader:u_boot|word_pos[1]                                                                      ; clk          ; clk         ; 0.000        ; 0.055      ; 0.511      ;
; 0.312 ; bootloader:u_boot|word_buffer[6]            ; bootloader:u_boot|word_buffer[6]                                                                   ; clk          ; clk         ; 0.000        ; 0.055      ; 0.511      ;
; 0.312 ; bootloader:u_boot|word_buffer[14]           ; bootloader:u_boot|word_buffer[14]                                                                  ; clk          ; clk         ; 0.000        ; 0.055      ; 0.511      ;
; 0.312 ; bootloader:u_boot|word_buffer[21]           ; bootloader:u_boot|word_buffer[21]                                                                  ; clk          ; clk         ; 0.000        ; 0.055      ; 0.511      ;
; 0.312 ; bootloader:u_boot|word_buffer[10]           ; bootloader:u_boot|word_buffer[10]                                                                  ; clk          ; clk         ; 0.000        ; 0.055      ; 0.511      ;
; 0.312 ; bootloader:u_boot|word_buffer[19]           ; bootloader:u_boot|word_buffer[19]                                                                  ; clk          ; clk         ; 0.000        ; 0.055      ; 0.511      ;
; 0.312 ; bootloader:u_boot|word_buffer[18]           ; bootloader:u_boot|word_buffer[18]                                                                  ; clk          ; clk         ; 0.000        ; 0.055      ; 0.511      ;
; 0.312 ; bootloader:u_boot|word_buffer[9]            ; bootloader:u_boot|word_buffer[9]                                                                   ; clk          ; clk         ; 0.000        ; 0.055      ; 0.511      ;
; 0.312 ; bootloader:u_boot|word_buffer[23]           ; bootloader:u_boot|word_buffer[23]                                                                  ; clk          ; clk         ; 0.000        ; 0.055      ; 0.511      ;
; 0.312 ; bootloader:u_boot|word_buffer[22]           ; bootloader:u_boot|word_buffer[22]                                                                  ; clk          ; clk         ; 0.000        ; 0.055      ; 0.511      ;
; 0.312 ; bootloader:u_boot|word_buffer[17]           ; bootloader:u_boot|word_buffer[17]                                                                  ; clk          ; clk         ; 0.000        ; 0.055      ; 0.511      ;
; 0.312 ; bootloader:u_boot|word_buffer[16]           ; bootloader:u_boot|word_buffer[16]                                                                  ; clk          ; clk         ; 0.000        ; 0.055      ; 0.511      ;
; 0.312 ; bootloader:u_boot|word_buffer[20]           ; bootloader:u_boot|word_buffer[20]                                                                  ; clk          ; clk         ; 0.000        ; 0.055      ; 0.511      ;
; 0.312 ; bootloader:u_boot|word_buffer[8]            ; bootloader:u_boot|word_buffer[8]                                                                   ; clk          ; clk         ; 0.000        ; 0.055      ; 0.511      ;
; 0.312 ; bootloader:u_boot|word_buffer[3]            ; bootloader:u_boot|word_buffer[3]                                                                   ; clk          ; clk         ; 0.000        ; 0.055      ; 0.511      ;
; 0.312 ; bootloader:u_boot|word_buffer[2]            ; bootloader:u_boot|word_buffer[2]                                                                   ; clk          ; clk         ; 0.000        ; 0.055      ; 0.511      ;
; 0.312 ; bootloader:u_boot|word_buffer[7]            ; bootloader:u_boot|word_buffer[7]                                                                   ; clk          ; clk         ; 0.000        ; 0.055      ; 0.511      ;
; 0.312 ; bootloader:u_boot|word_buffer[5]            ; bootloader:u_boot|word_buffer[5]                                                                   ; clk          ; clk         ; 0.000        ; 0.055      ; 0.511      ;
; 0.312 ; bootloader:u_boot|word_buffer[15]           ; bootloader:u_boot|word_buffer[15]                                                                  ; clk          ; clk         ; 0.000        ; 0.055      ; 0.511      ;
; 0.312 ; bootloader:u_boot|word_buffer[13]           ; bootloader:u_boot|word_buffer[13]                                                                  ; clk          ; clk         ; 0.000        ; 0.055      ; 0.511      ;
; 0.312 ; bootloader:u_boot|word_buffer[12]           ; bootloader:u_boot|word_buffer[12]                                                                  ; clk          ; clk         ; 0.000        ; 0.055      ; 0.511      ;
; 0.312 ; bootloader:u_boot|word_buffer[11]           ; bootloader:u_boot|word_buffer[11]                                                                  ; clk          ; clk         ; 0.000        ; 0.055      ; 0.511      ;
; 0.312 ; bootloader:u_boot|word_buffer[1]            ; bootloader:u_boot|word_buffer[1]                                                                   ; clk          ; clk         ; 0.000        ; 0.055      ; 0.511      ;
; 0.312 ; bootloader:u_boot|word_buffer[0]            ; bootloader:u_boot|word_buffer[0]                                                                   ; clk          ; clk         ; 0.000        ; 0.055      ; 0.511      ;
; 0.312 ; bootloader:u_boot|word_buffer[4]            ; bootloader:u_boot|word_buffer[4]                                                                   ; clk          ; clk         ; 0.000        ; 0.055      ; 0.511      ;
; 0.312 ; bootloader:u_boot|ack_sent                  ; bootloader:u_boot|ack_sent                                                                         ; clk          ; clk         ; 0.000        ; 0.055      ; 0.511      ;
; 0.312 ; picorv32:u_cpu|mem_rdata_q[0]               ; picorv32:u_cpu|mem_rdata_q[0]                                                                      ; clk          ; clk         ; 0.000        ; 0.055      ; 0.511      ;
; 0.312 ; picorv32:u_cpu|mem_rdata_q[17]              ; picorv32:u_cpu|mem_rdata_q[17]                                                                     ; clk          ; clk         ; 0.000        ; 0.055      ; 0.511      ;
; 0.312 ; picorv32:u_cpu|mem_rdata_q[18]              ; picorv32:u_cpu|mem_rdata_q[18]                                                                     ; clk          ; clk         ; 0.000        ; 0.055      ; 0.511      ;
; 0.312 ; por_counter[4]                              ; por_counter[4]                                                                                     ; clk          ; clk         ; 0.000        ; 0.055      ; 0.511      ;
; 0.312 ; picorv32:u_cpu|cpu_state.cpu_state_trap     ; picorv32:u_cpu|cpu_state.cpu_state_trap                                                            ; clk          ; clk         ; 0.000        ; 0.055      ; 0.511      ;
; 0.312 ; picorv32:u_cpu|irq_pending[1]               ; picorv32:u_cpu|irq_pending[1]                                                                      ; clk          ; clk         ; 0.000        ; 0.055      ; 0.511      ;
; 0.312 ; picorv32:u_cpu|irq_delay                    ; picorv32:u_cpu|irq_delay                                                                           ; clk          ; clk         ; 0.000        ; 0.055      ; 0.511      ;
; 0.312 ; picorv32:u_cpu|irq_state[0]                 ; picorv32:u_cpu|irq_state[0]                                                                        ; clk          ; clk         ; 0.000        ; 0.055      ; 0.511      ;
; 0.312 ; picorv32:u_cpu|latched_rd[0]                ; picorv32:u_cpu|latched_rd[0]                                                                       ; clk          ; clk         ; 0.000        ; 0.055      ; 0.511      ;
; 0.312 ; picorv32:u_cpu|irq_active                   ; picorv32:u_cpu|irq_active                                                                          ; clk          ; clk         ; 0.000        ; 0.055      ; 0.511      ;
; 0.312 ; picorv32:u_cpu|irq_state[1]                 ; picorv32:u_cpu|irq_state[1]                                                                        ; clk          ; clk         ; 0.000        ; 0.055      ; 0.511      ;
; 0.312 ; picorv32:u_cpu|mem_rdata_q[29]              ; picorv32:u_cpu|mem_rdata_q[29]                                                                     ; clk          ; clk         ; 0.000        ; 0.055      ; 0.511      ;
; 0.312 ; picorv32:u_cpu|mem_rdata_q[25]              ; picorv32:u_cpu|mem_rdata_q[25]                                                                     ; clk          ; clk         ; 0.000        ; 0.055      ; 0.511      ;
; 0.312 ; picorv32:u_cpu|mem_rdata_q[30]              ; picorv32:u_cpu|mem_rdata_q[30]                                                                     ; clk          ; clk         ; 0.000        ; 0.055      ; 0.511      ;
; 0.313 ; picorv32:u_cpu|latched_is_lh                ; picorv32:u_cpu|latched_is_lh                                                                       ; clk          ; clk         ; 0.000        ; 0.054      ; 0.511      ;
; 0.313 ; picorv32:u_cpu|latched_is_lb                ; picorv32:u_cpu|latched_is_lb                                                                       ; clk          ; clk         ; 0.000        ; 0.054      ; 0.511      ;
; 0.313 ; picorv32:u_cpu|mem_do_wdata                 ; picorv32:u_cpu|mem_do_wdata                                                                        ; clk          ; clk         ; 0.000        ; 0.054      ; 0.511      ;
; 0.313 ; uart:u_uart|tx_bit_cnt[1]                   ; uart:u_uart|tx_bit_cnt[1]                                                                          ; clk          ; clk         ; 0.000        ; 0.054      ; 0.511      ;
; 0.313 ; uart:u_uart|tx_bit_cnt[2]                   ; uart:u_uart|tx_bit_cnt[2]                                                                          ; clk          ; clk         ; 0.000        ; 0.054      ; 0.511      ;
; 0.313 ; uart:u_uart|tx_bit_cnt[3]                   ; uart:u_uart|tx_bit_cnt[3]                                                                          ; clk          ; clk         ; 0.000        ; 0.054      ; 0.511      ;
; 0.313 ; uart:u_uart|tx_bit_cnt[0]                   ; uart:u_uart|tx_bit_cnt[0]                                                                          ; clk          ; clk         ; 0.000        ; 0.054      ; 0.511      ;
; 0.313 ; uart:u_uart|rx_state.R_DATA                 ; uart:u_uart|rx_state.R_DATA                                                                        ; clk          ; clk         ; 0.000        ; 0.054      ; 0.511      ;
; 0.313 ; uart:u_uart|rx_state.WAIT_HALF              ; uart:u_uart|rx_state.WAIT_HALF                                                                     ; clk          ; clk         ; 0.000        ; 0.054      ; 0.511      ;
; 0.313 ; uart:u_uart|rx_bit_cnt[0]                   ; uart:u_uart|rx_bit_cnt[0]                                                                          ; clk          ; clk         ; 0.000        ; 0.054      ; 0.511      ;
; 0.313 ; uart:u_uart|rx_bit_cnt[2]                   ; uart:u_uart|rx_bit_cnt[2]                                                                          ; clk          ; clk         ; 0.000        ; 0.054      ; 0.511      ;
; 0.313 ; uart:u_uart|rx_bit_cnt[1]                   ; uart:u_uart|rx_bit_cnt[1]                                                                          ; clk          ; clk         ; 0.000        ; 0.054      ; 0.511      ;
; 0.313 ; picorv32:u_cpu|reg_op1[1]                   ; picorv32:u_cpu|reg_op1[1]                                                                          ; clk          ; clk         ; 0.000        ; 0.054      ; 0.511      ;
; 0.313 ; picorv32:u_cpu|reg_op1[0]                   ; picorv32:u_cpu|reg_op1[0]                                                                          ; clk          ; clk         ; 0.000        ; 0.054      ; 0.511      ;
; 0.313 ; picorv32:u_cpu|mem_rdata_q[4]               ; picorv32:u_cpu|mem_rdata_q[4]                                                                      ; clk          ; clk         ; 0.000        ; 0.054      ; 0.511      ;
; 0.313 ; picorv32:u_cpu|latched_rd[1]                ; picorv32:u_cpu|latched_rd[1]                                                                       ; clk          ; clk         ; 0.000        ; 0.054      ; 0.511      ;
; 0.313 ; picorv32:u_cpu|latched_stalu                ; picorv32:u_cpu|latched_stalu                                                                       ; clk          ; clk         ; 0.000        ; 0.054      ; 0.511      ;
; 0.313 ; picorv32:u_cpu|mem_rdata_q[6]               ; picorv32:u_cpu|mem_rdata_q[6]                                                                      ; clk          ; clk         ; 0.000        ; 0.054      ; 0.511      ;
; 0.313 ; picorv32:u_cpu|mem_rdata_q[12]              ; picorv32:u_cpu|mem_rdata_q[12]                                                                     ; clk          ; clk         ; 0.000        ; 0.054      ; 0.511      ;
; 0.316 ; bootloader:u_boot|ram_wdata[27]             ; ram_16kb:u_ram|altsyncram:ram_byte3|altsyncram_c4q3:auto_generated|ram_block1a2~porta_datain_reg0  ; clk          ; clk         ; 0.000        ; 0.344      ; 0.829      ;
; 0.320 ; bootloader:u_boot|word_pos[0]               ; bootloader:u_boot|word_pos[0]                                                                      ; clk          ; clk         ; 0.000        ; 0.055      ; 0.519      ;
; 0.320 ; por_counter[0]                              ; por_counter[0]                                                                                     ; clk          ; clk         ; 0.000        ; 0.055      ; 0.519      ;
; 0.320 ; picorv32:u_cpu|reg_sh[2]                    ; picorv32:u_cpu|reg_sh[2]                                                                           ; clk          ; clk         ; 0.000        ; 0.055      ; 0.519      ;
; 0.331 ; cpu_uart_tx_data[4]                         ; uart:u_uart|tx_reg[5]                                                                              ; clk          ; clk         ; 0.000        ; 0.055      ; 0.530      ;
; 0.334 ; bootloader:u_boot|byte_idx[7]               ; bootloader:u_boot|byte_idx[7]                                                                      ; clk          ; clk         ; 0.000        ; 0.055      ; 0.533      ;
; 0.340 ; uart:u_uart|tx_reg[3]                       ; uart:u_uart|tx_reg[2]                                                                              ; clk          ; clk         ; 0.000        ; 0.054      ; 0.538      ;
; 0.340 ; bootloader:u_boot|high_nibble[0]            ; bootloader:u_boot|byte_count[4]                                                                    ; clk          ; clk         ; 0.000        ; 0.054      ; 0.538      ;
; 0.341 ; uart:u_uart|tx_reg[1]                       ; uart:u_uart|tx_reg[0]                                                                              ; clk          ; clk         ; 0.000        ; 0.055      ; 0.540      ;
; 0.342 ; bootloader:u_boot|ram_addr[8]               ; ram_16kb:u_ram|altsyncram:ram_byte0|altsyncram_94q3:auto_generated|ram_block1a5~porta_address_reg0 ; clk          ; clk         ; 0.000        ; 0.338      ; 0.849      ;
; 0.344 ; picorv32:u_cpu|instr_sb                     ; picorv32:u_cpu|mem_wordsize.10                                                                     ; clk          ; clk         ; 0.000        ; 0.055      ; 0.543      ;
; 0.345 ; picorv32:u_cpu|instr_sh                     ; picorv32:u_cpu|mem_wordsize.01                                                                     ; clk          ; clk         ; 0.000        ; 0.055      ; 0.544      ;
; 0.348 ; uart:u_uart|rx_clk_cnt[12]                  ; uart:u_uart|rx_clk_cnt[12]                                                                         ; clk          ; clk         ; 0.000        ; 0.054      ; 0.546      ;
+-------+---------------------------------------------+----------------------------------------------------------------------------------------------------+--------------+-------------+--------------+------------+------------+


+-----------------------------------------------------------------------------------------------------------------------------+
; Slow 1200mV 0C Model Recovery: 'clk'                                                                                        ;
+--------+-------------+--------------------------------+--------------+-------------+--------------+------------+------------+
; Slack  ; From Node   ; To Node                        ; Launch Clock ; Latch Clock ; Relationship ; Clock Skew ; Data Delay ;
+--------+-------------+--------------------------------+--------------+-------------+--------------+------------+------------+
; -0.757 ; por_reset_n ; uart:u_uart|tx_reg[0]          ; clk          ; clk         ; 1.000        ; -0.056     ; 1.696      ;
; -0.757 ; por_reset_n ; uart:u_uart|tx_reg[1]          ; clk          ; clk         ; 1.000        ; -0.056     ; 1.696      ;
; -0.757 ; por_reset_n ; uart:u_uart|tx_reg[5]          ; clk          ; clk         ; 1.000        ; -0.056     ; 1.696      ;
; -0.757 ; por_reset_n ; uart:u_uart|tx_reg[6]          ; clk          ; clk         ; 1.000        ; -0.056     ; 1.696      ;
; -0.757 ; por_reset_n ; uart:u_uart|tx_reg[7]          ; clk          ; clk         ; 1.000        ; -0.056     ; 1.696      ;
; -0.757 ; por_reset_n ; uart:u_uart|tx_reg[8]          ; clk          ; clk         ; 1.000        ; -0.056     ; 1.696      ;
; -0.747 ; por_reset_n ; uart:u_uart|tx_reg[2]          ; clk          ; clk         ; 1.000        ; -0.056     ; 1.686      ;
; -0.747 ; por_reset_n ; uart:u_uart|tx_reg[3]          ; clk          ; clk         ; 1.000        ; -0.056     ; 1.686      ;
; -0.747 ; por_reset_n ; uart:u_uart|tx_reg[4]          ; clk          ; clk         ; 1.000        ; -0.056     ; 1.686      ;
; -0.747 ; por_reset_n ; uart:u_uart|tx_busy_int        ; clk          ; clk         ; 1.000        ; -0.056     ; 1.686      ;
; -0.747 ; por_reset_n ; uart:u_uart|tx_bit_cnt[2]      ; clk          ; clk         ; 1.000        ; -0.056     ; 1.686      ;
; -0.747 ; por_reset_n ; uart:u_uart|tx_bit_cnt[3]      ; clk          ; clk         ; 1.000        ; -0.056     ; 1.686      ;
; -0.747 ; por_reset_n ; uart:u_uart|tx_bit_cnt[0]      ; clk          ; clk         ; 1.000        ; -0.056     ; 1.686      ;
; -0.743 ; por_reset_n ; uart:u_uart|tx_bit_cnt[1]      ; clk          ; clk         ; 1.000        ; -0.054     ; 1.684      ;
; -0.743 ; por_reset_n ; uart:u_uart|rx_shift[0]        ; clk          ; clk         ; 1.000        ; -0.054     ; 1.684      ;
; -0.743 ; por_reset_n ; uart:u_uart|rx_shift[1]        ; clk          ; clk         ; 1.000        ; -0.054     ; 1.684      ;
; -0.743 ; por_reset_n ; uart:u_uart|rx_shift[2]        ; clk          ; clk         ; 1.000        ; -0.054     ; 1.684      ;
; -0.743 ; por_reset_n ; uart:u_uart|rx_shift[3]        ; clk          ; clk         ; 1.000        ; -0.054     ; 1.684      ;
; -0.743 ; por_reset_n ; uart:u_uart|rx_shift[4]        ; clk          ; clk         ; 1.000        ; -0.054     ; 1.684      ;
; -0.743 ; por_reset_n ; uart:u_uart|rx_shift[5]        ; clk          ; clk         ; 1.000        ; -0.054     ; 1.684      ;
; -0.743 ; por_reset_n ; uart:u_uart|rx_shift[6]        ; clk          ; clk         ; 1.000        ; -0.054     ; 1.684      ;
; -0.743 ; por_reset_n ; uart:u_uart|rx_bit_cnt[0]      ; clk          ; clk         ; 1.000        ; -0.054     ; 1.684      ;
; -0.743 ; por_reset_n ; uart:u_uart|rx_bit_cnt[2]      ; clk          ; clk         ; 1.000        ; -0.054     ; 1.684      ;
; -0.743 ; por_reset_n ; uart:u_uart|rx_bit_cnt[1]      ; clk          ; clk         ; 1.000        ; -0.054     ; 1.684      ;
; -0.743 ; por_reset_n ; uart:u_uart|rx_shift[7]        ; clk          ; clk         ; 1.000        ; -0.054     ; 1.684      ;
; -0.743 ; por_reset_n ; uart:u_uart|rx_done_int        ; clk          ; clk         ; 1.000        ; -0.054     ; 1.684      ;
; -0.743 ; por_reset_n ; uart:u_uart|rx_state.IDLE      ; clk          ; clk         ; 1.000        ; -0.054     ; 1.684      ;
; -0.593 ; por_reset_n ; uart:u_uart|rx_state.R_DATA    ; clk          ; clk         ; 1.000        ; -0.053     ; 1.535      ;
; -0.593 ; por_reset_n ; uart:u_uart|rx_state.WAIT_HALF ; clk          ; clk         ; 1.000        ; -0.053     ; 1.535      ;
; -0.593 ; por_reset_n ; uart:u_uart|rx_clk_cnt[2]      ; clk          ; clk         ; 1.000        ; -0.053     ; 1.535      ;
; -0.593 ; por_reset_n ; uart:u_uart|rx_clk_cnt[0]      ; clk          ; clk         ; 1.000        ; -0.053     ; 1.535      ;
; -0.593 ; por_reset_n ; uart:u_uart|rx_clk_cnt[1]      ; clk          ; clk         ; 1.000        ; -0.053     ; 1.535      ;
; -0.593 ; por_reset_n ; uart:u_uart|rx_clk_cnt[3]      ; clk          ; clk         ; 1.000        ; -0.053     ; 1.535      ;
; -0.593 ; por_reset_n ; uart:u_uart|rx_clk_cnt[4]      ; clk          ; clk         ; 1.000        ; -0.053     ; 1.535      ;
; -0.593 ; por_reset_n ; uart:u_uart|rx_clk_cnt[7]      ; clk          ; clk         ; 1.000        ; -0.053     ; 1.535      ;
; -0.593 ; por_reset_n ; uart:u_uart|rx_clk_cnt[6]      ; clk          ; clk         ; 1.000        ; -0.053     ; 1.535      ;
; -0.593 ; por_reset_n ; uart:u_uart|rx_clk_cnt[8]      ; clk          ; clk         ; 1.000        ; -0.053     ; 1.535      ;
; -0.593 ; por_reset_n ; uart:u_uart|rx_clk_cnt[12]     ; clk          ; clk         ; 1.000        ; -0.053     ; 1.535      ;
; -0.593 ; por_reset_n ; uart:u_uart|rx_clk_cnt[9]      ; clk          ; clk         ; 1.000        ; -0.053     ; 1.535      ;
; -0.593 ; por_reset_n ; uart:u_uart|rx_clk_cnt[10]     ; clk          ; clk         ; 1.000        ; -0.053     ; 1.535      ;
; -0.593 ; por_reset_n ; uart:u_uart|rx_clk_cnt[11]     ; clk          ; clk         ; 1.000        ; -0.053     ; 1.535      ;
; -0.593 ; por_reset_n ; uart:u_uart|rx_clk_cnt[5]      ; clk          ; clk         ; 1.000        ; -0.053     ; 1.535      ;
; -0.491 ; por_reset_n ; uart:u_uart|rx_state.STOP_BIT  ; clk          ; clk         ; 1.000        ; 0.265      ; 1.751      ;
; -0.462 ; por_reset_n ; uart:u_uart|tx_clk_cnt[11]     ; clk          ; clk         ; 1.000        ; 0.260      ; 1.717      ;
; -0.462 ; por_reset_n ; uart:u_uart|tx_clk_cnt[0]      ; clk          ; clk         ; 1.000        ; 0.260      ; 1.717      ;
; -0.462 ; por_reset_n ; uart:u_uart|tx_clk_cnt[1]      ; clk          ; clk         ; 1.000        ; 0.260      ; 1.717      ;
; -0.462 ; por_reset_n ; uart:u_uart|tx_clk_cnt[2]      ; clk          ; clk         ; 1.000        ; 0.260      ; 1.717      ;
; -0.462 ; por_reset_n ; uart:u_uart|tx_clk_cnt[3]      ; clk          ; clk         ; 1.000        ; 0.260      ; 1.717      ;
; -0.462 ; por_reset_n ; uart:u_uart|tx_clk_cnt[4]      ; clk          ; clk         ; 1.000        ; 0.260      ; 1.717      ;
; -0.462 ; por_reset_n ; uart:u_uart|tx_clk_cnt[5]      ; clk          ; clk         ; 1.000        ; 0.260      ; 1.717      ;
; -0.462 ; por_reset_n ; uart:u_uart|tx_clk_cnt[6]      ; clk          ; clk         ; 1.000        ; 0.260      ; 1.717      ;
; -0.462 ; por_reset_n ; uart:u_uart|tx_clk_cnt[7]      ; clk          ; clk         ; 1.000        ; 0.260      ; 1.717      ;
; -0.462 ; por_reset_n ; uart:u_uart|tx_clk_cnt[8]      ; clk          ; clk         ; 1.000        ; 0.260      ; 1.717      ;
; -0.462 ; por_reset_n ; uart:u_uart|tx_clk_cnt[9]      ; clk          ; clk         ; 1.000        ; 0.260      ; 1.717      ;
; -0.462 ; por_reset_n ; uart:u_uart|tx_clk_cnt[10]     ; clk          ; clk         ; 1.000        ; 0.260      ; 1.717      ;
; -0.462 ; por_reset_n ; uart:u_uart|tx_clk_cnt[12]     ; clk          ; clk         ; 1.000        ; 0.260      ; 1.717      ;
+--------+-------------+--------------------------------+--------------+-------------+--------------+------------+------------+


+----------------------------------------------------------------------------------------------------------------------------+
; Slow 1200mV 0C Model Removal: 'clk'                                                                                        ;
+-------+-------------+--------------------------------+--------------+-------------+--------------+------------+------------+
; Slack ; From Node   ; To Node                        ; Launch Clock ; Latch Clock ; Relationship ; Clock Skew ; Data Delay ;
+-------+-------------+--------------------------------+--------------+-------------+--------------+------------+------------+
; 1.066 ; por_reset_n ; uart:u_uart|tx_clk_cnt[11]     ; clk          ; clk         ; 0.000        ; 0.382      ; 1.592      ;
; 1.066 ; por_reset_n ; uart:u_uart|tx_clk_cnt[0]      ; clk          ; clk         ; 0.000        ; 0.382      ; 1.592      ;
; 1.066 ; por_reset_n ; uart:u_uart|tx_clk_cnt[1]      ; clk          ; clk         ; 0.000        ; 0.382      ; 1.592      ;
; 1.066 ; por_reset_n ; uart:u_uart|tx_clk_cnt[2]      ; clk          ; clk         ; 0.000        ; 0.382      ; 1.592      ;
; 1.066 ; por_reset_n ; uart:u_uart|tx_clk_cnt[3]      ; clk          ; clk         ; 0.000        ; 0.382      ; 1.592      ;
; 1.066 ; por_reset_n ; uart:u_uart|tx_clk_cnt[4]      ; clk          ; clk         ; 0.000        ; 0.382      ; 1.592      ;
; 1.066 ; por_reset_n ; uart:u_uart|tx_clk_cnt[5]      ; clk          ; clk         ; 0.000        ; 0.382      ; 1.592      ;
; 1.066 ; por_reset_n ; uart:u_uart|tx_clk_cnt[6]      ; clk          ; clk         ; 0.000        ; 0.382      ; 1.592      ;
; 1.066 ; por_reset_n ; uart:u_uart|tx_clk_cnt[7]      ; clk          ; clk         ; 0.000        ; 0.382      ; 1.592      ;
; 1.066 ; por_reset_n ; uart:u_uart|tx_clk_cnt[8]      ; clk          ; clk         ; 0.000        ; 0.382      ; 1.592      ;
; 1.066 ; por_reset_n ; uart:u_uart|tx_clk_cnt[9]      ; clk          ; clk         ; 0.000        ; 0.382      ; 1.592      ;
; 1.066 ; por_reset_n ; uart:u_uart|tx_clk_cnt[10]     ; clk          ; clk         ; 0.000        ; 0.382      ; 1.592      ;
; 1.066 ; por_reset_n ; uart:u_uart|tx_clk_cnt[12]     ; clk          ; clk         ; 0.000        ; 0.382      ; 1.592      ;
; 1.100 ; por_reset_n ; uart:u_uart|rx_state.STOP_BIT  ; clk          ; clk         ; 0.000        ; 0.387      ; 1.631      ;
; 1.237 ; por_reset_n ; uart:u_uart|rx_state.R_DATA    ; clk          ; clk         ; 0.000        ; 0.055      ; 1.436      ;
; 1.237 ; por_reset_n ; uart:u_uart|rx_state.WAIT_HALF ; clk          ; clk         ; 0.000        ; 0.055      ; 1.436      ;
; 1.237 ; por_reset_n ; uart:u_uart|rx_clk_cnt[2]      ; clk          ; clk         ; 0.000        ; 0.055      ; 1.436      ;
; 1.237 ; por_reset_n ; uart:u_uart|rx_clk_cnt[0]      ; clk          ; clk         ; 0.000        ; 0.055      ; 1.436      ;
; 1.237 ; por_reset_n ; uart:u_uart|rx_clk_cnt[1]      ; clk          ; clk         ; 0.000        ; 0.055      ; 1.436      ;
; 1.237 ; por_reset_n ; uart:u_uart|rx_clk_cnt[3]      ; clk          ; clk         ; 0.000        ; 0.055      ; 1.436      ;
; 1.237 ; por_reset_n ; uart:u_uart|rx_clk_cnt[4]      ; clk          ; clk         ; 0.000        ; 0.055      ; 1.436      ;
; 1.237 ; por_reset_n ; uart:u_uart|rx_clk_cnt[7]      ; clk          ; clk         ; 0.000        ; 0.055      ; 1.436      ;
; 1.237 ; por_reset_n ; uart:u_uart|rx_clk_cnt[6]      ; clk          ; clk         ; 0.000        ; 0.055      ; 1.436      ;
; 1.237 ; por_reset_n ; uart:u_uart|rx_clk_cnt[8]      ; clk          ; clk         ; 0.000        ; 0.055      ; 1.436      ;
; 1.237 ; por_reset_n ; uart:u_uart|rx_clk_cnt[12]     ; clk          ; clk         ; 0.000        ; 0.055      ; 1.436      ;
; 1.237 ; por_reset_n ; uart:u_uart|rx_clk_cnt[9]      ; clk          ; clk         ; 0.000        ; 0.055      ; 1.436      ;
; 1.237 ; por_reset_n ; uart:u_uart|rx_clk_cnt[10]     ; clk          ; clk         ; 0.000        ; 0.055      ; 1.436      ;
; 1.237 ; por_reset_n ; uart:u_uart|rx_clk_cnt[11]     ; clk          ; clk         ; 0.000        ; 0.055      ; 1.436      ;
; 1.237 ; por_reset_n ; uart:u_uart|rx_clk_cnt[5]      ; clk          ; clk         ; 0.000        ; 0.055      ; 1.436      ;
; 1.354 ; por_reset_n ; uart:u_uart|tx_reg[2]          ; clk          ; clk         ; 0.000        ; 0.052      ; 1.550      ;
; 1.354 ; por_reset_n ; uart:u_uart|tx_reg[3]          ; clk          ; clk         ; 0.000        ; 0.052      ; 1.550      ;
; 1.354 ; por_reset_n ; uart:u_uart|tx_reg[4]          ; clk          ; clk         ; 0.000        ; 0.052      ; 1.550      ;
; 1.354 ; por_reset_n ; uart:u_uart|tx_busy_int        ; clk          ; clk         ; 0.000        ; 0.052      ; 1.550      ;
; 1.354 ; por_reset_n ; uart:u_uart|tx_bit_cnt[2]      ; clk          ; clk         ; 0.000        ; 0.052      ; 1.550      ;
; 1.354 ; por_reset_n ; uart:u_uart|tx_bit_cnt[3]      ; clk          ; clk         ; 0.000        ; 0.052      ; 1.550      ;
; 1.354 ; por_reset_n ; uart:u_uart|tx_bit_cnt[0]      ; clk          ; clk         ; 0.000        ; 0.052      ; 1.550      ;
; 1.363 ; por_reset_n ; uart:u_uart|tx_bit_cnt[1]      ; clk          ; clk         ; 0.000        ; 0.054      ; 1.561      ;
; 1.363 ; por_reset_n ; uart:u_uart|rx_shift[0]        ; clk          ; clk         ; 0.000        ; 0.054      ; 1.561      ;
; 1.363 ; por_reset_n ; uart:u_uart|rx_shift[1]        ; clk          ; clk         ; 0.000        ; 0.054      ; 1.561      ;
; 1.363 ; por_reset_n ; uart:u_uart|rx_shift[2]        ; clk          ; clk         ; 0.000        ; 0.054      ; 1.561      ;
; 1.363 ; por_reset_n ; uart:u_uart|rx_shift[3]        ; clk          ; clk         ; 0.000        ; 0.054      ; 1.561      ;
; 1.363 ; por_reset_n ; uart:u_uart|rx_shift[4]        ; clk          ; clk         ; 0.000        ; 0.054      ; 1.561      ;
; 1.363 ; por_reset_n ; uart:u_uart|rx_shift[5]        ; clk          ; clk         ; 0.000        ; 0.054      ; 1.561      ;
; 1.363 ; por_reset_n ; uart:u_uart|rx_shift[6]        ; clk          ; clk         ; 0.000        ; 0.054      ; 1.561      ;
; 1.363 ; por_reset_n ; uart:u_uart|rx_bit_cnt[0]      ; clk          ; clk         ; 0.000        ; 0.054      ; 1.561      ;
; 1.363 ; por_reset_n ; uart:u_uart|rx_bit_cnt[2]      ; clk          ; clk         ; 0.000        ; 0.054      ; 1.561      ;
; 1.363 ; por_reset_n ; uart:u_uart|rx_bit_cnt[1]      ; clk          ; clk         ; 0.000        ; 0.054      ; 1.561      ;
; 1.363 ; por_reset_n ; uart:u_uart|rx_shift[7]        ; clk          ; clk         ; 0.000        ; 0.054      ; 1.561      ;
; 1.363 ; por_reset_n ; uart:u_uart|rx_done_int        ; clk          ; clk         ; 0.000        ; 0.054      ; 1.561      ;
; 1.363 ; por_reset_n ; uart:u_uart|rx_state.IDLE      ; clk          ; clk         ; 0.000        ; 0.054      ; 1.561      ;
; 1.375 ; por_reset_n ; uart:u_uart|tx_reg[0]          ; clk          ; clk         ; 0.000        ; 0.053      ; 1.572      ;
; 1.375 ; por_reset_n ; uart:u_uart|tx_reg[1]          ; clk          ; clk         ; 0.000        ; 0.053      ; 1.572      ;
; 1.375 ; por_reset_n ; uart:u_uart|tx_reg[5]          ; clk          ; clk         ; 0.000        ; 0.053      ; 1.572      ;
; 1.375 ; por_reset_n ; uart:u_uart|tx_reg[6]          ; clk          ; clk         ; 0.000        ; 0.053      ; 1.572      ;
; 1.375 ; por_reset_n ; uart:u_uart|tx_reg[7]          ; clk          ; clk         ; 0.000        ; 0.053      ; 1.572      ;
; 1.375 ; por_reset_n ; uart:u_uart|tx_reg[8]          ; clk          ; clk         ; 0.000        ; 0.053      ; 1.572      ;
+-------+-------------+--------------------------------+--------------+-------------+--------------+------------+------------+


----------------------------------------------
; Slow 1200mV 0C Model Metastability Summary ;
----------------------------------------------
Design MTBF is not calculated because the design doesn't meet its timing requirements.



+------------------------------------+
; Fast 1200mV 0C Model Setup Summary ;
+-------+--------+-------------------+
; Clock ; Slack  ; End Point TNS     ;
+-------+--------+-------------------+
; clk   ; -3.510 ; -1803.300         ;
+-------+--------+-------------------+


+-----------------------------------+
; Fast 1200mV 0C Model Hold Summary ;
+-------+-------+-------------------+
; Clock ; Slack ; End Point TNS     ;
+-------+-------+-------------------+
; clk   ; 0.145 ; 0.000             ;
+-------+-------+-------------------+


+---------------------------------------+
; Fast 1200mV 0C Model Recovery Summary ;
+-------+--------+----------------------+
; Clock ; Slack  ; End Point TNS        ;
+-------+--------+----------------------+
; clk   ; -0.089 ; -2.018               ;
+-------+--------+----------------------+


+--------------------------------------+
; Fast 1200mV 0C Model Removal Summary ;
+-------+-------+----------------------+
; Clock ; Slack ; End Point TNS        ;
+-------+-------+----------------------+
; clk   ; 0.675 ; 0.000                ;
+-------+-------+----------------------+


+--------------------------------------------------+
; Fast 1200mV 0C Model Minimum Pulse Width Summary ;
+-------+--------+---------------------------------+
; Clock ; Slack  ; End Point TNS                   ;
+-------+--------+---------------------------------+
; clk   ; -3.000 ; -1293.525                       ;
+-------+--------+---------------------------------+


+--------------------------------------------------------------------------------------------------------------------------------------------------------------------------------------------------------------------------------------------------------------------------------------+
; Fast 1200mV 0C Model Setup: 'clk'                                                                                                                                                                                                                                                    ;
+--------+----------------------------------------------------------------------------------------------+--------------------------------------------------------------------------------------------------------+--------------+-------------+--------------+------------+------------+
; Slack  ; From Node                                                                                    ; To Node                                                                                                ; Launch Clock ; Latch Clock ; Relationship ; Clock Skew ; Data Delay ;
+--------+----------------------------------------------------------------------------------------------+--------------------------------------------------------------------------------------------------------+--------------+-------------+--------------+------------+------------+
; -3.510 ; picorv32:u_cpu|mem_addr[29]                                                                  ; picorv32:u_cpu|altsyncram:cpuregs_rtl_0|altsyncram_7sd1:auto_generated|ram_block1a0~portb_address_reg0 ; clk          ; clk         ; 1.000        ; 0.142      ; 4.661      ;
; -3.500 ; picorv32:u_cpu|mem_addr[23]                                                                  ; picorv32:u_cpu|altsyncram:cpuregs_rtl_0|altsyncram_7sd1:auto_generated|ram_block1a0~portb_address_reg0 ; clk          ; clk         ; 1.000        ; 0.142      ; 4.651      ;
; -3.452 ; picorv32:u_cpu|mem_addr[16]                                                                  ; picorv32:u_cpu|altsyncram:cpuregs_rtl_0|altsyncram_7sd1:auto_generated|ram_block1a0~portb_address_reg0 ; clk          ; clk         ; 1.000        ; 0.146      ; 4.607      ;
; -3.452 ; picorv32:u_cpu|mem_addr[15]                                                                  ; picorv32:u_cpu|altsyncram:cpuregs_rtl_0|altsyncram_7sd1:auto_generated|ram_block1a0~portb_address_reg0 ; clk          ; clk         ; 1.000        ; 0.146      ; 4.607      ;
; -3.436 ; picorv32:u_cpu|mem_addr[9]                                                                   ; picorv32:u_cpu|altsyncram:cpuregs_rtl_0|altsyncram_7sd1:auto_generated|ram_block1a0~portb_address_reg0 ; clk          ; clk         ; 1.000        ; 0.129      ; 4.574      ;
; -3.435 ; picorv32:u_cpu|mem_addr[7]                                                                   ; picorv32:u_cpu|altsyncram:cpuregs_rtl_0|altsyncram_7sd1:auto_generated|ram_block1a0~portb_address_reg0 ; clk          ; clk         ; 1.000        ; 0.129      ; 4.573      ;
; -3.406 ; picorv32:u_cpu|mem_addr[27]                                                                  ; picorv32:u_cpu|altsyncram:cpuregs_rtl_0|altsyncram_7sd1:auto_generated|ram_block1a0~portb_address_reg0 ; clk          ; clk         ; 1.000        ; 0.142      ; 4.557      ;
; -3.399 ; picorv32:u_cpu|mem_addr[25]                                                                  ; picorv32:u_cpu|altsyncram:cpuregs_rtl_0|altsyncram_7sd1:auto_generated|ram_block1a0~portb_address_reg0 ; clk          ; clk         ; 1.000        ; 0.146      ; 4.554      ;
; -3.392 ; picorv32:u_cpu|mem_addr[22]                                                                  ; picorv32:u_cpu|altsyncram:cpuregs_rtl_0|altsyncram_7sd1:auto_generated|ram_block1a0~portb_address_reg0 ; clk          ; clk         ; 1.000        ; 0.142      ; 4.543      ;
; -3.392 ; picorv32:u_cpu|mem_addr[19]                                                                  ; picorv32:u_cpu|altsyncram:cpuregs_rtl_0|altsyncram_7sd1:auto_generated|ram_block1a0~portb_address_reg0 ; clk          ; clk         ; 1.000        ; 0.142      ; 4.543      ;
; -3.378 ; picorv32:u_cpu|mem_addr[5]                                                                   ; picorv32:u_cpu|altsyncram:cpuregs_rtl_0|altsyncram_7sd1:auto_generated|ram_block1a0~portb_address_reg0 ; clk          ; clk         ; 1.000        ; 0.145      ; 4.532      ;
; -3.376 ; picorv32:u_cpu|mem_addr[11]                                                                  ; picorv32:u_cpu|altsyncram:cpuregs_rtl_0|altsyncram_7sd1:auto_generated|ram_block1a0~portb_address_reg0 ; clk          ; clk         ; 1.000        ; 0.145      ; 4.530      ;
; -3.366 ; picorv32:u_cpu|mem_addr[18]                                                                  ; picorv32:u_cpu|altsyncram:cpuregs_rtl_0|altsyncram_7sd1:auto_generated|ram_block1a0~portb_address_reg0 ; clk          ; clk         ; 1.000        ; 0.146      ; 4.521      ;
; -3.348 ; picorv32:u_cpu|mem_addr[24]                                                                  ; picorv32:u_cpu|altsyncram:cpuregs_rtl_0|altsyncram_7sd1:auto_generated|ram_block1a0~portb_address_reg0 ; clk          ; clk         ; 1.000        ; 0.142      ; 4.499      ;
; -3.347 ; picorv32:u_cpu|mem_addr[10]                                                                  ; picorv32:u_cpu|altsyncram:cpuregs_rtl_0|altsyncram_7sd1:auto_generated|ram_block1a0~portb_address_reg0 ; clk          ; clk         ; 1.000        ; 0.129      ; 4.485      ;
; -3.347 ; picorv32:u_cpu|mem_addr[31]                                                                  ; picorv32:u_cpu|altsyncram:cpuregs_rtl_0|altsyncram_7sd1:auto_generated|ram_block1a0~portb_address_reg0 ; clk          ; clk         ; 1.000        ; 0.142      ; 4.498      ;
; -3.342 ; picorv32:u_cpu|mem_addr[29]                                                                  ; picorv32:u_cpu|decoded_rs1[4]                                                                          ; clk          ; clk         ; 1.000        ; 0.154      ; 4.483      ;
; -3.340 ; picorv32:u_cpu|mem_addr[29]                                                                  ; picorv32:u_cpu|decoded_rs1[0]                                                                          ; clk          ; clk         ; 1.000        ; 0.154      ; 4.481      ;
; -3.336 ; picorv32:u_cpu|mem_addr[29]                                                                  ; picorv32:u_cpu|decoded_rs1[2]                                                                          ; clk          ; clk         ; 1.000        ; 0.154      ; 4.477      ;
; -3.330 ; picorv32:u_cpu|mem_addr[23]                                                                  ; picorv32:u_cpu|decoded_rs1[0]                                                                          ; clk          ; clk         ; 1.000        ; 0.154      ; 4.471      ;
; -3.328 ; picorv32:u_cpu|mem_addr[26]                                                                  ; picorv32:u_cpu|altsyncram:cpuregs_rtl_0|altsyncram_7sd1:auto_generated|ram_block1a0~portb_address_reg0 ; clk          ; clk         ; 1.000        ; 0.145      ; 4.482      ;
; -3.328 ; picorv32:u_cpu|mem_addr[23]                                                                  ; picorv32:u_cpu|decoded_rs1[4]                                                                          ; clk          ; clk         ; 1.000        ; 0.154      ; 4.469      ;
; -3.321 ; picorv32:u_cpu|mem_addr[23]                                                                  ; picorv32:u_cpu|decoded_rs1[2]                                                                          ; clk          ; clk         ; 1.000        ; 0.154      ; 4.462      ;
; -3.311 ; picorv32:u_cpu|mem_addr[28]                                                                  ; picorv32:u_cpu|altsyncram:cpuregs_rtl_0|altsyncram_7sd1:auto_generated|ram_block1a0~portb_address_reg0 ; clk          ; clk         ; 1.000        ; 0.145      ; 4.465      ;
; -3.311 ; picorv32:u_cpu|mem_addr[17]                                                                  ; picorv32:u_cpu|altsyncram:cpuregs_rtl_0|altsyncram_7sd1:auto_generated|ram_block1a0~portb_address_reg0 ; clk          ; clk         ; 1.000        ; 0.146      ; 4.466      ;
; -3.308 ; picorv32:u_cpu|mem_addr[21]                                                                  ; picorv32:u_cpu|altsyncram:cpuregs_rtl_0|altsyncram_7sd1:auto_generated|ram_block1a0~portb_address_reg0 ; clk          ; clk         ; 1.000        ; 0.142      ; 4.459      ;
; -3.295 ; picorv32:u_cpu|mem_addr[4]                                                                   ; picorv32:u_cpu|altsyncram:cpuregs_rtl_0|altsyncram_7sd1:auto_generated|ram_block1a0~portb_address_reg0 ; clk          ; clk         ; 1.000        ; 0.145      ; 4.449      ;
; -3.284 ; picorv32:u_cpu|mem_addr[8]                                                                   ; picorv32:u_cpu|altsyncram:cpuregs_rtl_0|altsyncram_7sd1:auto_generated|ram_block1a0~portb_address_reg0 ; clk          ; clk         ; 1.000        ; 0.129      ; 4.422      ;
; -3.282 ; picorv32:u_cpu|mem_addr[16]                                                                  ; picorv32:u_cpu|decoded_rs1[0]                                                                          ; clk          ; clk         ; 1.000        ; 0.158      ; 4.427      ;
; -3.282 ; picorv32:u_cpu|mem_addr[15]                                                                  ; picorv32:u_cpu|decoded_rs1[0]                                                                          ; clk          ; clk         ; 1.000        ; 0.158      ; 4.427      ;
; -3.280 ; picorv32:u_cpu|mem_addr[16]                                                                  ; picorv32:u_cpu|decoded_rs1[4]                                                                          ; clk          ; clk         ; 1.000        ; 0.158      ; 4.425      ;
; -3.280 ; picorv32:u_cpu|mem_addr[15]                                                                  ; picorv32:u_cpu|decoded_rs1[4]                                                                          ; clk          ; clk         ; 1.000        ; 0.158      ; 4.425      ;
; -3.273 ; picorv32:u_cpu|mem_addr[16]                                                                  ; picorv32:u_cpu|decoded_rs1[2]                                                                          ; clk          ; clk         ; 1.000        ; 0.158      ; 4.418      ;
; -3.273 ; picorv32:u_cpu|mem_addr[15]                                                                  ; picorv32:u_cpu|decoded_rs1[2]                                                                          ; clk          ; clk         ; 1.000        ; 0.158      ; 4.418      ;
; -3.266 ; picorv32:u_cpu|mem_addr[9]                                                                   ; picorv32:u_cpu|decoded_rs1[0]                                                                          ; clk          ; clk         ; 1.000        ; 0.141      ; 4.394      ;
; -3.265 ; picorv32:u_cpu|mem_addr[7]                                                                   ; picorv32:u_cpu|decoded_rs1[0]                                                                          ; clk          ; clk         ; 1.000        ; 0.141      ; 4.393      ;
; -3.264 ; picorv32:u_cpu|mem_addr[9]                                                                   ; picorv32:u_cpu|decoded_rs1[4]                                                                          ; clk          ; clk         ; 1.000        ; 0.141      ; 4.392      ;
; -3.263 ; picorv32:u_cpu|mem_addr[7]                                                                   ; picorv32:u_cpu|decoded_rs1[4]                                                                          ; clk          ; clk         ; 1.000        ; 0.141      ; 4.391      ;
; -3.257 ; picorv32:u_cpu|mem_addr[9]                                                                   ; picorv32:u_cpu|decoded_rs1[2]                                                                          ; clk          ; clk         ; 1.000        ; 0.141      ; 4.385      ;
; -3.256 ; picorv32:u_cpu|mem_addr[7]                                                                   ; picorv32:u_cpu|decoded_rs1[2]                                                                          ; clk          ; clk         ; 1.000        ; 0.141      ; 4.384      ;
; -3.251 ; picorv32:u_cpu|mem_addr[20]                                                                  ; picorv32:u_cpu|altsyncram:cpuregs_rtl_0|altsyncram_7sd1:auto_generated|ram_block1a0~portb_address_reg0 ; clk          ; clk         ; 1.000        ; 0.142      ; 4.402      ;
; -3.236 ; picorv32:u_cpu|mem_addr[27]                                                                  ; picorv32:u_cpu|decoded_rs1[0]                                                                          ; clk          ; clk         ; 1.000        ; 0.154      ; 4.377      ;
; -3.234 ; picorv32:u_cpu|mem_addr[13]                                                                  ; picorv32:u_cpu|altsyncram:cpuregs_rtl_0|altsyncram_7sd1:auto_generated|ram_block1a0~portb_address_reg0 ; clk          ; clk         ; 1.000        ; 0.145      ; 4.388      ;
; -3.234 ; picorv32:u_cpu|mem_addr[27]                                                                  ; picorv32:u_cpu|decoded_rs1[4]                                                                          ; clk          ; clk         ; 1.000        ; 0.154      ; 4.375      ;
; -3.229 ; picorv32:u_cpu|mem_addr[25]                                                                  ; picorv32:u_cpu|decoded_rs1[0]                                                                          ; clk          ; clk         ; 1.000        ; 0.158      ; 4.374      ;
; -3.227 ; picorv32:u_cpu|mem_addr[27]                                                                  ; picorv32:u_cpu|decoded_rs1[2]                                                                          ; clk          ; clk         ; 1.000        ; 0.154      ; 4.368      ;
; -3.227 ; picorv32:u_cpu|mem_addr[25]                                                                  ; picorv32:u_cpu|decoded_rs1[4]                                                                          ; clk          ; clk         ; 1.000        ; 0.158      ; 4.372      ;
; -3.225 ; picorv32:u_cpu|instr_waitirq                                                                 ; picorv32:u_cpu|reg_op1[11]                                                                             ; clk          ; clk         ; 1.000        ; -0.251     ; 3.961      ;
; -3.222 ; picorv32:u_cpu|mem_addr[22]                                                                  ; picorv32:u_cpu|decoded_rs1[0]                                                                          ; clk          ; clk         ; 1.000        ; 0.154      ; 4.363      ;
; -3.222 ; picorv32:u_cpu|mem_addr[19]                                                                  ; picorv32:u_cpu|decoded_rs1[0]                                                                          ; clk          ; clk         ; 1.000        ; 0.154      ; 4.363      ;
; -3.220 ; picorv32:u_cpu|mem_addr[22]                                                                  ; picorv32:u_cpu|decoded_rs1[4]                                                                          ; clk          ; clk         ; 1.000        ; 0.154      ; 4.361      ;
; -3.220 ; picorv32:u_cpu|mem_addr[25]                                                                  ; picorv32:u_cpu|decoded_rs1[2]                                                                          ; clk          ; clk         ; 1.000        ; 0.158      ; 4.365      ;
; -3.220 ; picorv32:u_cpu|mem_addr[19]                                                                  ; picorv32:u_cpu|decoded_rs1[4]                                                                          ; clk          ; clk         ; 1.000        ; 0.154      ; 4.361      ;
; -3.213 ; picorv32:u_cpu|mem_addr[22]                                                                  ; picorv32:u_cpu|decoded_rs1[2]                                                                          ; clk          ; clk         ; 1.000        ; 0.154      ; 4.354      ;
; -3.213 ; picorv32:u_cpu|mem_addr[19]                                                                  ; picorv32:u_cpu|decoded_rs1[2]                                                                          ; clk          ; clk         ; 1.000        ; 0.154      ; 4.354      ;
; -3.208 ; picorv32:u_cpu|mem_addr[5]                                                                   ; picorv32:u_cpu|decoded_rs1[0]                                                                          ; clk          ; clk         ; 1.000        ; 0.157      ; 4.352      ;
; -3.206 ; picorv32:u_cpu|mem_addr[5]                                                                   ; picorv32:u_cpu|decoded_rs1[4]                                                                          ; clk          ; clk         ; 1.000        ; 0.157      ; 4.350      ;
; -3.206 ; picorv32:u_cpu|mem_addr[11]                                                                  ; picorv32:u_cpu|decoded_rs1[0]                                                                          ; clk          ; clk         ; 1.000        ; 0.157      ; 4.350      ;
; -3.204 ; picorv32:u_cpu|mem_addr[11]                                                                  ; picorv32:u_cpu|decoded_rs1[4]                                                                          ; clk          ; clk         ; 1.000        ; 0.157      ; 4.348      ;
; -3.199 ; picorv32:u_cpu|mem_addr[5]                                                                   ; picorv32:u_cpu|decoded_rs1[2]                                                                          ; clk          ; clk         ; 1.000        ; 0.157      ; 4.343      ;
; -3.197 ; picorv32:u_cpu|mem_addr[11]                                                                  ; picorv32:u_cpu|decoded_rs1[2]                                                                          ; clk          ; clk         ; 1.000        ; 0.157      ; 4.341      ;
; -3.196 ; picorv32:u_cpu|mem_addr[18]                                                                  ; picorv32:u_cpu|decoded_rs1[0]                                                                          ; clk          ; clk         ; 1.000        ; 0.158      ; 4.341      ;
; -3.194 ; picorv32:u_cpu|mem_addr[18]                                                                  ; picorv32:u_cpu|decoded_rs1[4]                                                                          ; clk          ; clk         ; 1.000        ; 0.158      ; 4.339      ;
; -3.192 ; picorv32:u_cpu|mem_addr[29]                                                                  ; picorv32:u_cpu|decoded_rs1[5]                                                                          ; clk          ; clk         ; 1.000        ; 0.154      ; 4.333      ;
; -3.192 ; picorv32:u_cpu|instr_sll                                                                     ; picorv32:u_cpu|reg_op1[11]                                                                             ; clk          ; clk         ; 1.000        ; -0.225     ; 3.954      ;
; -3.187 ; picorv32:u_cpu|mem_addr[18]                                                                  ; picorv32:u_cpu|decoded_rs1[2]                                                                          ; clk          ; clk         ; 1.000        ; 0.158      ; 4.332      ;
; -3.186 ; picorv32:u_cpu|mem_addr[29]                                                                  ; picorv32:u_cpu|reg_out[30]                                                                             ; clk          ; clk         ; 1.000        ; -0.035     ; 4.138      ;
; -3.178 ; picorv32:u_cpu|mem_addr[24]                                                                  ; picorv32:u_cpu|decoded_rs1[0]                                                                          ; clk          ; clk         ; 1.000        ; 0.154      ; 4.319      ;
; -3.177 ; picorv32:u_cpu|mem_addr[10]                                                                  ; picorv32:u_cpu|decoded_rs1[0]                                                                          ; clk          ; clk         ; 1.000        ; 0.141      ; 4.305      ;
; -3.177 ; picorv32:u_cpu|mem_addr[31]                                                                  ; picorv32:u_cpu|decoded_rs1[0]                                                                          ; clk          ; clk         ; 1.000        ; 0.154      ; 4.318      ;
; -3.176 ; picorv32:u_cpu|mem_addr[24]                                                                  ; picorv32:u_cpu|decoded_rs1[4]                                                                          ; clk          ; clk         ; 1.000        ; 0.154      ; 4.317      ;
; -3.176 ; picorv32:u_cpu|mem_addr[23]                                                                  ; picorv32:u_cpu|reg_out[30]                                                                             ; clk          ; clk         ; 1.000        ; -0.035     ; 4.128      ;
; -3.175 ; picorv32:u_cpu|mem_addr[10]                                                                  ; picorv32:u_cpu|decoded_rs1[4]                                                                          ; clk          ; clk         ; 1.000        ; 0.141      ; 4.303      ;
; -3.175 ; picorv32:u_cpu|instr_waitirq                                                                 ; picorv32:u_cpu|reg_op1[4]                                                                              ; clk          ; clk         ; 1.000        ; -0.249     ; 3.913      ;
; -3.175 ; picorv32:u_cpu|mem_addr[31]                                                                  ; picorv32:u_cpu|decoded_rs1[4]                                                                          ; clk          ; clk         ; 1.000        ; 0.154      ; 4.316      ;
; -3.175 ; picorv32:u_cpu|mem_addr[23]                                                                  ; picorv32:u_cpu|decoded_rs1[5]                                                                          ; clk          ; clk         ; 1.000        ; 0.154      ; 4.316      ;
; -3.169 ; picorv32:u_cpu|mem_addr[24]                                                                  ; picorv32:u_cpu|decoded_rs1[2]                                                                          ; clk          ; clk         ; 1.000        ; 0.154      ; 4.310      ;
; -3.168 ; picorv32:u_cpu|mem_addr[10]                                                                  ; picorv32:u_cpu|decoded_rs1[2]                                                                          ; clk          ; clk         ; 1.000        ; 0.141      ; 4.296      ;
; -3.168 ; picorv32:u_cpu|mem_addr[31]                                                                  ; picorv32:u_cpu|decoded_rs1[2]                                                                          ; clk          ; clk         ; 1.000        ; 0.154      ; 4.309      ;
; -3.165 ; picorv32:u_cpu|mem_addr[14]                                                                  ; picorv32:u_cpu|altsyncram:cpuregs_rtl_0|altsyncram_7sd1:auto_generated|ram_block1a0~portb_address_reg0 ; clk          ; clk         ; 1.000        ; 0.142      ; 4.316      ;
; -3.164 ; picorv32:u_cpu|instr_jalr                                                                    ; picorv32:u_cpu|reg_op1[11]                                                                             ; clk          ; clk         ; 1.000        ; -0.248     ; 3.903      ;
; -3.160 ; ram_16kb:u_ram|altsyncram:ram_byte0|altsyncram_94q3:auto_generated|ram_block1a5~porta_we_reg ; picorv32:u_cpu|altsyncram:cpuregs_rtl_0|altsyncram_7sd1:auto_generated|ram_block1a0~portb_address_reg0 ; clk          ; clk         ; 1.000        ; -0.046     ; 4.123      ;
; -3.158 ; picorv32:u_cpu|mem_addr[26]                                                                  ; picorv32:u_cpu|decoded_rs1[0]                                                                          ; clk          ; clk         ; 1.000        ; 0.157      ; 4.302      ;
; -3.156 ; picorv32:u_cpu|mem_addr[26]                                                                  ; picorv32:u_cpu|decoded_rs1[4]                                                                          ; clk          ; clk         ; 1.000        ; 0.157      ; 4.300      ;
; -3.152 ; picorv32:u_cpu|instr_jal                                                                     ; picorv32:u_cpu|reg_op1[11]                                                                             ; clk          ; clk         ; 1.000        ; -0.248     ; 3.891      ;
; -3.149 ; picorv32:u_cpu|mem_addr[26]                                                                  ; picorv32:u_cpu|decoded_rs1[2]                                                                          ; clk          ; clk         ; 1.000        ; 0.157      ; 4.293      ;
; -3.142 ; picorv32:u_cpu|instr_sll                                                                     ; picorv32:u_cpu|reg_op1[4]                                                                              ; clk          ; clk         ; 1.000        ; -0.223     ; 3.906      ;
; -3.141 ; picorv32:u_cpu|mem_addr[28]                                                                  ; picorv32:u_cpu|decoded_rs1[0]                                                                          ; clk          ; clk         ; 1.000        ; 0.157      ; 4.285      ;
; -3.141 ; picorv32:u_cpu|mem_addr[17]                                                                  ; picorv32:u_cpu|decoded_rs1[0]                                                                          ; clk          ; clk         ; 1.000        ; 0.158      ; 4.286      ;
; -3.140 ; picorv32:u_cpu|mem_addr[30]                                                                  ; picorv32:u_cpu|altsyncram:cpuregs_rtl_0|altsyncram_7sd1:auto_generated|ram_block1a0~portb_address_reg0 ; clk          ; clk         ; 1.000        ; 0.142      ; 4.291      ;
; -3.139 ; picorv32:u_cpu|mem_addr[28]                                                                  ; picorv32:u_cpu|decoded_rs1[4]                                                                          ; clk          ; clk         ; 1.000        ; 0.157      ; 4.283      ;
; -3.139 ; picorv32:u_cpu|mem_addr[17]                                                                  ; picorv32:u_cpu|decoded_rs1[4]                                                                          ; clk          ; clk         ; 1.000        ; 0.158      ; 4.284      ;
; -3.138 ; picorv32:u_cpu|mem_addr[21]                                                                  ; picorv32:u_cpu|decoded_rs1[0]                                                                          ; clk          ; clk         ; 1.000        ; 0.154      ; 4.279      ;
; -3.136 ; picorv32:u_cpu|mem_addr[21]                                                                  ; picorv32:u_cpu|decoded_rs1[4]                                                                          ; clk          ; clk         ; 1.000        ; 0.154      ; 4.277      ;
; -3.132 ; picorv32:u_cpu|mem_addr[28]                                                                  ; picorv32:u_cpu|decoded_rs1[2]                                                                          ; clk          ; clk         ; 1.000        ; 0.157      ; 4.276      ;
; -3.132 ; picorv32:u_cpu|mem_addr[17]                                                                  ; picorv32:u_cpu|decoded_rs1[2]                                                                          ; clk          ; clk         ; 1.000        ; 0.158      ; 4.277      ;
; -3.129 ; picorv32:u_cpu|mem_addr[21]                                                                  ; picorv32:u_cpu|decoded_rs1[2]                                                                          ; clk          ; clk         ; 1.000        ; 0.154      ; 4.270      ;
; -3.128 ; picorv32:u_cpu|mem_addr[16]                                                                  ; picorv32:u_cpu|reg_out[30]                                                                             ; clk          ; clk         ; 1.000        ; -0.031     ; 4.084      ;
; -3.128 ; picorv32:u_cpu|mem_addr[15]                                                                  ; picorv32:u_cpu|reg_out[30]                                                                             ; clk          ; clk         ; 1.000        ; -0.031     ; 4.084      ;
; -3.125 ; picorv32:u_cpu|mem_addr[4]                                                                   ; picorv32:u_cpu|decoded_rs1[0]                                                                          ; clk          ; clk         ; 1.000        ; 0.157      ; 4.269      ;
+--------+----------------------------------------------------------------------------------------------+--------------------------------------------------------------------------------------------------------+--------------+-------------+--------------+------------+------------+


+--------------------------------------------------------------------------------------------------------------------------------------------------------------------------------------------------------------------------------+
; Fast 1200mV 0C Model Hold: 'clk'                                                                                                                                                                                               ;
+-------+---------------------------------------------+----------------------------------------------------------------------------------------------------+--------------+-------------+--------------+------------+------------+
; Slack ; From Node                                   ; To Node                                                                                            ; Launch Clock ; Latch Clock ; Relationship ; Clock Skew ; Data Delay ;
+-------+---------------------------------------------+----------------------------------------------------------------------------------------------------+--------------+-------------+--------------+------------+------------+
; 0.145 ; bootloader:u_boot|ram_wdata[26]             ; ram_16kb:u_ram|altsyncram:ram_byte3|altsyncram_c4q3:auto_generated|ram_block1a2~porta_datain_reg0  ; clk          ; clk         ; 0.000        ; 0.224      ; 0.473      ;
; 0.154 ; bootloader:u_boot|ram_wdata[27]             ; ram_16kb:u_ram|altsyncram:ram_byte3|altsyncram_c4q3:auto_generated|ram_block1a2~porta_datain_reg0  ; clk          ; clk         ; 0.000        ; 0.224      ; 0.482      ;
; 0.169 ; bootloader:u_boot|ram_addr[8]               ; ram_16kb:u_ram|altsyncram:ram_byte0|altsyncram_94q3:auto_generated|ram_block1a5~porta_address_reg0 ; clk          ; clk         ; 0.000        ; 0.220      ; 0.493      ;
; 0.178 ; picorv32:u_cpu|mem_rdata_q[31]              ; picorv32:u_cpu|mem_rdata_q[31]                                                                     ; clk          ; clk         ; 0.000        ; 0.045      ; 0.307      ;
; 0.178 ; picorv32:u_cpu|mem_rdata_q[26]              ; picorv32:u_cpu|mem_rdata_q[26]                                                                     ; clk          ; clk         ; 0.000        ; 0.045      ; 0.307      ;
; 0.179 ; picorv32:u_cpu|cpu_state.cpu_state_stmem    ; picorv32:u_cpu|cpu_state.cpu_state_stmem                                                           ; clk          ; clk         ; 0.000        ; 0.044      ; 0.307      ;
; 0.179 ; uart:u_uart|rx_state.STOP_BIT               ; uart:u_uart|rx_state.STOP_BIT                                                                      ; clk          ; clk         ; 0.000        ; 0.044      ; 0.307      ;
; 0.179 ; picorv32:u_cpu|is_beq_bne_blt_bge_bltu_bgeu ; picorv32:u_cpu|is_beq_bne_blt_bge_bltu_bgeu                                                        ; clk          ; clk         ; 0.000        ; 0.044      ; 0.307      ;
; 0.179 ; picorv32:u_cpu|mem_rdata_q[5]               ; picorv32:u_cpu|mem_rdata_q[5]                                                                      ; clk          ; clk         ; 0.000        ; 0.044      ; 0.307      ;
; 0.179 ; picorv32:u_cpu|mem_rdata_q[3]               ; picorv32:u_cpu|mem_rdata_q[3]                                                                      ; clk          ; clk         ; 0.000        ; 0.044      ; 0.307      ;
; 0.179 ; picorv32:u_cpu|mem_rdata_q[2]               ; picorv32:u_cpu|mem_rdata_q[2]                                                                      ; clk          ; clk         ; 0.000        ; 0.044      ; 0.307      ;
; 0.179 ; picorv32:u_cpu|mem_rdata_q[23]              ; picorv32:u_cpu|mem_rdata_q[23]                                                                     ; clk          ; clk         ; 0.000        ; 0.044      ; 0.307      ;
; 0.179 ; picorv32:u_cpu|mem_rdata_q[27]              ; picorv32:u_cpu|mem_rdata_q[27]                                                                     ; clk          ; clk         ; 0.000        ; 0.044      ; 0.307      ;
; 0.179 ; picorv32:u_cpu|mem_rdata_q[24]              ; picorv32:u_cpu|mem_rdata_q[24]                                                                     ; clk          ; clk         ; 0.000        ; 0.044      ; 0.307      ;
; 0.179 ; picorv32:u_cpu|mem_rdata_q[15]              ; picorv32:u_cpu|mem_rdata_q[15]                                                                     ; clk          ; clk         ; 0.000        ; 0.044      ; 0.307      ;
; 0.179 ; picorv32:u_cpu|mem_rdata_q[13]              ; picorv32:u_cpu|mem_rdata_q[13]                                                                     ; clk          ; clk         ; 0.000        ; 0.044      ; 0.307      ;
; 0.179 ; picorv32:u_cpu|mem_rdata_q[28]              ; picorv32:u_cpu|mem_rdata_q[28]                                                                     ; clk          ; clk         ; 0.000        ; 0.044      ; 0.307      ;
; 0.179 ; picorv32:u_cpu|mem_rdata_q[19]              ; picorv32:u_cpu|mem_rdata_q[19]                                                                     ; clk          ; clk         ; 0.000        ; 0.044      ; 0.307      ;
; 0.179 ; picorv32:u_cpu|mem_rdata_q[22]              ; picorv32:u_cpu|mem_rdata_q[22]                                                                     ; clk          ; clk         ; 0.000        ; 0.044      ; 0.307      ;
; 0.179 ; picorv32:u_cpu|mem_rdata_q[16]              ; picorv32:u_cpu|mem_rdata_q[16]                                                                     ; clk          ; clk         ; 0.000        ; 0.044      ; 0.307      ;
; 0.179 ; picorv32:u_cpu|mem_rdata_q[21]              ; picorv32:u_cpu|mem_rdata_q[21]                                                                     ; clk          ; clk         ; 0.000        ; 0.044      ; 0.307      ;
; 0.179 ; picorv32:u_cpu|mem_rdata_q[14]              ; picorv32:u_cpu|mem_rdata_q[14]                                                                     ; clk          ; clk         ; 0.000        ; 0.044      ; 0.307      ;
; 0.186 ; picorv32:u_cpu|mem_state[1]                 ; picorv32:u_cpu|mem_state[1]                                                                        ; clk          ; clk         ; 0.000        ; 0.037      ; 0.307      ;
; 0.186 ; picorv32:u_cpu|mem_state[0]                 ; picorv32:u_cpu|mem_state[0]                                                                        ; clk          ; clk         ; 0.000        ; 0.037      ; 0.307      ;
; 0.186 ; picorv32:u_cpu|mem_valid                    ; picorv32:u_cpu|mem_valid                                                                           ; clk          ; clk         ; 0.000        ; 0.037      ; 0.307      ;
; 0.186 ; picorv32:u_cpu|mem_do_rdata                 ; picorv32:u_cpu|mem_do_rdata                                                                        ; clk          ; clk         ; 0.000        ; 0.037      ; 0.307      ;
; 0.186 ; uart:u_uart|tx_bit_cnt[2]                   ; uart:u_uart|tx_bit_cnt[2]                                                                          ; clk          ; clk         ; 0.000        ; 0.037      ; 0.307      ;
; 0.186 ; uart:u_uart|tx_bit_cnt[3]                   ; uart:u_uart|tx_bit_cnt[3]                                                                          ; clk          ; clk         ; 0.000        ; 0.037      ; 0.307      ;
; 0.186 ; uart:u_uart|tx_bit_cnt[0]                   ; uart:u_uart|tx_bit_cnt[0]                                                                          ; clk          ; clk         ; 0.000        ; 0.037      ; 0.307      ;
; 0.186 ; picorv32:u_cpu|mem_rdata_q[17]              ; picorv32:u_cpu|mem_rdata_q[17]                                                                     ; clk          ; clk         ; 0.000        ; 0.037      ; 0.307      ;
; 0.186 ; timer:u_timer|pending                       ; timer:u_timer|pending                                                                              ; clk          ; clk         ; 0.000        ; 0.037      ; 0.307      ;
; 0.186 ; timer:u_timer|enable                        ; timer:u_timer|enable                                                                               ; clk          ; clk         ; 0.000        ; 0.037      ; 0.307      ;
; 0.186 ; picorv32:u_cpu|mem_rdata_q[29]              ; picorv32:u_cpu|mem_rdata_q[29]                                                                     ; clk          ; clk         ; 0.000        ; 0.037      ; 0.307      ;
; 0.186 ; picorv32:u_cpu|mem_rdata_q[20]              ; picorv32:u_cpu|mem_rdata_q[20]                                                                     ; clk          ; clk         ; 0.000        ; 0.037      ; 0.307      ;
; 0.186 ; picorv32:u_cpu|mem_rdata_q[30]              ; picorv32:u_cpu|mem_rdata_q[30]                                                                     ; clk          ; clk         ; 0.000        ; 0.037      ; 0.307      ;
; 0.187 ; bootloader:u_boot|cpu_reset_int             ; bootloader:u_boot|cpu_reset_int                                                                    ; clk          ; clk         ; 0.000        ; 0.036      ; 0.307      ;
; 0.187 ; picorv32:u_cpu|latched_is_lh                ; picorv32:u_cpu|latched_is_lh                                                                       ; clk          ; clk         ; 0.000        ; 0.036      ; 0.307      ;
; 0.187 ; picorv32:u_cpu|latched_is_lb                ; picorv32:u_cpu|latched_is_lb                                                                       ; clk          ; clk         ; 0.000        ; 0.036      ; 0.307      ;
; 0.187 ; picorv32:u_cpu|mem_do_wdata                 ; picorv32:u_cpu|mem_do_wdata                                                                        ; clk          ; clk         ; 0.000        ; 0.036      ; 0.307      ;
; 0.187 ; bootloader:u_boot|word_pos[1]               ; bootloader:u_boot|word_pos[1]                                                                      ; clk          ; clk         ; 0.000        ; 0.036      ; 0.307      ;
; 0.187 ; bootloader:u_boot|word_buffer[6]            ; bootloader:u_boot|word_buffer[6]                                                                   ; clk          ; clk         ; 0.000        ; 0.036      ; 0.307      ;
; 0.187 ; bootloader:u_boot|word_buffer[14]           ; bootloader:u_boot|word_buffer[14]                                                                  ; clk          ; clk         ; 0.000        ; 0.036      ; 0.307      ;
; 0.187 ; bootloader:u_boot|word_buffer[21]           ; bootloader:u_boot|word_buffer[21]                                                                  ; clk          ; clk         ; 0.000        ; 0.036      ; 0.307      ;
; 0.187 ; bootloader:u_boot|word_buffer[10]           ; bootloader:u_boot|word_buffer[10]                                                                  ; clk          ; clk         ; 0.000        ; 0.036      ; 0.307      ;
; 0.187 ; bootloader:u_boot|word_buffer[19]           ; bootloader:u_boot|word_buffer[19]                                                                  ; clk          ; clk         ; 0.000        ; 0.036      ; 0.307      ;
; 0.187 ; bootloader:u_boot|word_buffer[18]           ; bootloader:u_boot|word_buffer[18]                                                                  ; clk          ; clk         ; 0.000        ; 0.036      ; 0.307      ;
; 0.187 ; bootloader:u_boot|word_buffer[9]            ; bootloader:u_boot|word_buffer[9]                                                                   ; clk          ; clk         ; 0.000        ; 0.036      ; 0.307      ;
; 0.187 ; bootloader:u_boot|word_buffer[23]           ; bootloader:u_boot|word_buffer[23]                                                                  ; clk          ; clk         ; 0.000        ; 0.036      ; 0.307      ;
; 0.187 ; bootloader:u_boot|word_buffer[22]           ; bootloader:u_boot|word_buffer[22]                                                                  ; clk          ; clk         ; 0.000        ; 0.036      ; 0.307      ;
; 0.187 ; bootloader:u_boot|word_buffer[17]           ; bootloader:u_boot|word_buffer[17]                                                                  ; clk          ; clk         ; 0.000        ; 0.036      ; 0.307      ;
; 0.187 ; bootloader:u_boot|word_buffer[16]           ; bootloader:u_boot|word_buffer[16]                                                                  ; clk          ; clk         ; 0.000        ; 0.036      ; 0.307      ;
; 0.187 ; bootloader:u_boot|word_buffer[20]           ; bootloader:u_boot|word_buffer[20]                                                                  ; clk          ; clk         ; 0.000        ; 0.036      ; 0.307      ;
; 0.187 ; bootloader:u_boot|word_buffer[8]            ; bootloader:u_boot|word_buffer[8]                                                                   ; clk          ; clk         ; 0.000        ; 0.036      ; 0.307      ;
; 0.187 ; bootloader:u_boot|word_buffer[3]            ; bootloader:u_boot|word_buffer[3]                                                                   ; clk          ; clk         ; 0.000        ; 0.036      ; 0.307      ;
; 0.187 ; bootloader:u_boot|word_buffer[2]            ; bootloader:u_boot|word_buffer[2]                                                                   ; clk          ; clk         ; 0.000        ; 0.036      ; 0.307      ;
; 0.187 ; bootloader:u_boot|word_buffer[7]            ; bootloader:u_boot|word_buffer[7]                                                                   ; clk          ; clk         ; 0.000        ; 0.036      ; 0.307      ;
; 0.187 ; bootloader:u_boot|word_buffer[5]            ; bootloader:u_boot|word_buffer[5]                                                                   ; clk          ; clk         ; 0.000        ; 0.036      ; 0.307      ;
; 0.187 ; bootloader:u_boot|word_buffer[15]           ; bootloader:u_boot|word_buffer[15]                                                                  ; clk          ; clk         ; 0.000        ; 0.036      ; 0.307      ;
; 0.187 ; bootloader:u_boot|word_buffer[13]           ; bootloader:u_boot|word_buffer[13]                                                                  ; clk          ; clk         ; 0.000        ; 0.036      ; 0.307      ;
; 0.187 ; bootloader:u_boot|word_buffer[12]           ; bootloader:u_boot|word_buffer[12]                                                                  ; clk          ; clk         ; 0.000        ; 0.036      ; 0.307      ;
; 0.187 ; bootloader:u_boot|word_buffer[11]           ; bootloader:u_boot|word_buffer[11]                                                                  ; clk          ; clk         ; 0.000        ; 0.036      ; 0.307      ;
; 0.187 ; bootloader:u_boot|word_buffer[1]            ; bootloader:u_boot|word_buffer[1]                                                                   ; clk          ; clk         ; 0.000        ; 0.036      ; 0.307      ;
; 0.187 ; bootloader:u_boot|word_buffer[0]            ; bootloader:u_boot|word_buffer[0]                                                                   ; clk          ; clk         ; 0.000        ; 0.036      ; 0.307      ;
; 0.187 ; bootloader:u_boot|word_buffer[4]            ; bootloader:u_boot|word_buffer[4]                                                                   ; clk          ; clk         ; 0.000        ; 0.036      ; 0.307      ;
; 0.187 ; bootloader:u_boot|ack_sent                  ; bootloader:u_boot|ack_sent                                                                         ; clk          ; clk         ; 0.000        ; 0.036      ; 0.307      ;
; 0.187 ; picorv32:u_cpu|mem_rdata_q[0]               ; picorv32:u_cpu|mem_rdata_q[0]                                                                      ; clk          ; clk         ; 0.000        ; 0.036      ; 0.307      ;
; 0.187 ; uart:u_uart|tx_bit_cnt[1]                   ; uart:u_uart|tx_bit_cnt[1]                                                                          ; clk          ; clk         ; 0.000        ; 0.036      ; 0.307      ;
; 0.187 ; picorv32:u_cpu|mem_rdata_q[18]              ; picorv32:u_cpu|mem_rdata_q[18]                                                                     ; clk          ; clk         ; 0.000        ; 0.036      ; 0.307      ;
; 0.187 ; uart:u_uart|rx_state.R_DATA                 ; uart:u_uart|rx_state.R_DATA                                                                        ; clk          ; clk         ; 0.000        ; 0.036      ; 0.307      ;
; 0.187 ; uart:u_uart|rx_state.WAIT_HALF              ; uart:u_uart|rx_state.WAIT_HALF                                                                     ; clk          ; clk         ; 0.000        ; 0.036      ; 0.307      ;
; 0.187 ; uart:u_uart|rx_bit_cnt[0]                   ; uart:u_uart|rx_bit_cnt[0]                                                                          ; clk          ; clk         ; 0.000        ; 0.036      ; 0.307      ;
; 0.187 ; uart:u_uart|rx_bit_cnt[2]                   ; uart:u_uart|rx_bit_cnt[2]                                                                          ; clk          ; clk         ; 0.000        ; 0.036      ; 0.307      ;
; 0.187 ; uart:u_uart|rx_bit_cnt[1]                   ; uart:u_uart|rx_bit_cnt[1]                                                                          ; clk          ; clk         ; 0.000        ; 0.036      ; 0.307      ;
; 0.187 ; por_counter[4]                              ; por_counter[4]                                                                                     ; clk          ; clk         ; 0.000        ; 0.036      ; 0.307      ;
; 0.187 ; picorv32:u_cpu|cpu_state.cpu_state_trap     ; picorv32:u_cpu|cpu_state.cpu_state_trap                                                            ; clk          ; clk         ; 0.000        ; 0.036      ; 0.307      ;
; 0.187 ; picorv32:u_cpu|reg_op1[1]                   ; picorv32:u_cpu|reg_op1[1]                                                                          ; clk          ; clk         ; 0.000        ; 0.036      ; 0.307      ;
; 0.187 ; picorv32:u_cpu|reg_op1[0]                   ; picorv32:u_cpu|reg_op1[0]                                                                          ; clk          ; clk         ; 0.000        ; 0.036      ; 0.307      ;
; 0.187 ; picorv32:u_cpu|irq_pending[1]               ; picorv32:u_cpu|irq_pending[1]                                                                      ; clk          ; clk         ; 0.000        ; 0.036      ; 0.307      ;
; 0.187 ; picorv32:u_cpu|mem_rdata_q[4]               ; picorv32:u_cpu|mem_rdata_q[4]                                                                      ; clk          ; clk         ; 0.000        ; 0.036      ; 0.307      ;
; 0.187 ; picorv32:u_cpu|irq_delay                    ; picorv32:u_cpu|irq_delay                                                                           ; clk          ; clk         ; 0.000        ; 0.036      ; 0.307      ;
; 0.187 ; picorv32:u_cpu|irq_state[0]                 ; picorv32:u_cpu|irq_state[0]                                                                        ; clk          ; clk         ; 0.000        ; 0.036      ; 0.307      ;
; 0.187 ; picorv32:u_cpu|latched_rd[0]                ; picorv32:u_cpu|latched_rd[0]                                                                       ; clk          ; clk         ; 0.000        ; 0.036      ; 0.307      ;
; 0.187 ; picorv32:u_cpu|latched_rd[1]                ; picorv32:u_cpu|latched_rd[1]                                                                       ; clk          ; clk         ; 0.000        ; 0.036      ; 0.307      ;
; 0.187 ; picorv32:u_cpu|irq_active                   ; picorv32:u_cpu|irq_active                                                                          ; clk          ; clk         ; 0.000        ; 0.036      ; 0.307      ;
; 0.187 ; picorv32:u_cpu|latched_stalu                ; picorv32:u_cpu|latched_stalu                                                                       ; clk          ; clk         ; 0.000        ; 0.036      ; 0.307      ;
; 0.187 ; picorv32:u_cpu|irq_state[1]                 ; picorv32:u_cpu|irq_state[1]                                                                        ; clk          ; clk         ; 0.000        ; 0.036      ; 0.307      ;
; 0.187 ; picorv32:u_cpu|mem_rdata_q[6]               ; picorv32:u_cpu|mem_rdata_q[6]                                                                      ; clk          ; clk         ; 0.000        ; 0.036      ; 0.307      ;
; 0.187 ; picorv32:u_cpu|mem_rdata_q[25]              ; picorv32:u_cpu|mem_rdata_q[25]                                                                     ; clk          ; clk         ; 0.000        ; 0.036      ; 0.307      ;
; 0.187 ; picorv32:u_cpu|mem_rdata_q[12]              ; picorv32:u_cpu|mem_rdata_q[12]                                                                     ; clk          ; clk         ; 0.000        ; 0.036      ; 0.307      ;
; 0.193 ; uart:u_uart|tx_reg[3]                       ; uart:u_uart|tx_reg[2]                                                                              ; clk          ; clk         ; 0.000        ; 0.037      ; 0.314      ;
; 0.193 ; picorv32:u_cpu|reg_sh[2]                    ; picorv32:u_cpu|reg_sh[2]                                                                           ; clk          ; clk         ; 0.000        ; 0.037      ; 0.314      ;
; 0.194 ; bootloader:u_boot|word_pos[0]               ; bootloader:u_boot|word_pos[0]                                                                      ; clk          ; clk         ; 0.000        ; 0.036      ; 0.314      ;
; 0.194 ; bootloader:u_boot|high_nibble[0]            ; bootloader:u_boot|byte_count[4]                                                                    ; clk          ; clk         ; 0.000        ; 0.036      ; 0.314      ;
; 0.194 ; por_counter[0]                              ; por_counter[0]                                                                                     ; clk          ; clk         ; 0.000        ; 0.036      ; 0.314      ;
; 0.197 ; uart:u_uart|tx_reg[1]                       ; uart:u_uart|tx_reg[0]                                                                              ; clk          ; clk         ; 0.000        ; 0.036      ; 0.317      ;
; 0.197 ; bootloader:u_boot|byte_idx[7]               ; bootloader:u_boot|byte_idx[7]                                                                      ; clk          ; clk         ; 0.000        ; 0.036      ; 0.317      ;
; 0.197 ; picorv32:u_cpu|instr_sb                     ; picorv32:u_cpu|mem_wordsize.10                                                                     ; clk          ; clk         ; 0.000        ; 0.037      ; 0.318      ;
; 0.197 ; picorv32:u_cpu|instr_sh                     ; picorv32:u_cpu|mem_wordsize.01                                                                     ; clk          ; clk         ; 0.000        ; 0.037      ; 0.318      ;
; 0.199 ; cpu_uart_tx_data[4]                         ; uart:u_uart|tx_reg[5]                                                                              ; clk          ; clk         ; 0.000        ; 0.036      ; 0.319      ;
; 0.205 ; bootloader:u_boot|data_byte[5]              ; bootloader:u_boot|ram_wdata[29]                                                                    ; clk          ; clk         ; 0.000        ; 0.037      ; 0.326      ;
+-------+---------------------------------------------+----------------------------------------------------------------------------------------------------+--------------+-------------+--------------+------------+------------+


+-----------------------------------------------------------------------------------------------------------------------------+
; Fast 1200mV 0C Model Recovery: 'clk'                                                                                        ;
+--------+-------------+--------------------------------+--------------+-------------+--------------+------------+------------+
; Slack  ; From Node   ; To Node                        ; Launch Clock ; Latch Clock ; Relationship ; Clock Skew ; Data Delay ;
+--------+-------------+--------------------------------+--------------+-------------+--------------+------------+------------+
; -0.089 ; por_reset_n ; uart:u_uart|tx_reg[0]          ; clk          ; clk         ; 1.000        ; -0.038     ; 1.038      ;
; -0.089 ; por_reset_n ; uart:u_uart|tx_reg[1]          ; clk          ; clk         ; 1.000        ; -0.038     ; 1.038      ;
; -0.089 ; por_reset_n ; uart:u_uart|tx_reg[5]          ; clk          ; clk         ; 1.000        ; -0.038     ; 1.038      ;
; -0.089 ; por_reset_n ; uart:u_uart|tx_reg[6]          ; clk          ; clk         ; 1.000        ; -0.038     ; 1.038      ;
; -0.089 ; por_reset_n ; uart:u_uart|tx_reg[7]          ; clk          ; clk         ; 1.000        ; -0.038     ; 1.038      ;
; -0.089 ; por_reset_n ; uart:u_uart|tx_reg[8]          ; clk          ; clk         ; 1.000        ; -0.038     ; 1.038      ;
; -0.071 ; por_reset_n ; uart:u_uart|tx_bit_cnt[1]      ; clk          ; clk         ; 1.000        ; -0.036     ; 1.022      ;
; -0.071 ; por_reset_n ; uart:u_uart|rx_shift[0]        ; clk          ; clk         ; 1.000        ; -0.036     ; 1.022      ;
; -0.071 ; por_reset_n ; uart:u_uart|rx_shift[1]        ; clk          ; clk         ; 1.000        ; -0.036     ; 1.022      ;
; -0.071 ; por_reset_n ; uart:u_uart|rx_shift[2]        ; clk          ; clk         ; 1.000        ; -0.036     ; 1.022      ;
; -0.071 ; por_reset_n ; uart:u_uart|rx_shift[3]        ; clk          ; clk         ; 1.000        ; -0.036     ; 1.022      ;
; -0.071 ; por_reset_n ; uart:u_uart|rx_shift[4]        ; clk          ; clk         ; 1.000        ; -0.036     ; 1.022      ;
; -0.071 ; por_reset_n ; uart:u_uart|rx_shift[5]        ; clk          ; clk         ; 1.000        ; -0.036     ; 1.022      ;
; -0.071 ; por_reset_n ; uart:u_uart|rx_shift[6]        ; clk          ; clk         ; 1.000        ; -0.036     ; 1.022      ;
; -0.071 ; por_reset_n ; uart:u_uart|rx_bit_cnt[0]      ; clk          ; clk         ; 1.000        ; -0.036     ; 1.022      ;
; -0.071 ; por_reset_n ; uart:u_uart|rx_bit_cnt[2]      ; clk          ; clk         ; 1.000        ; -0.036     ; 1.022      ;
; -0.071 ; por_reset_n ; uart:u_uart|rx_bit_cnt[1]      ; clk          ; clk         ; 1.000        ; -0.036     ; 1.022      ;
; -0.071 ; por_reset_n ; uart:u_uart|rx_shift[7]        ; clk          ; clk         ; 1.000        ; -0.036     ; 1.022      ;
; -0.071 ; por_reset_n ; uart:u_uart|rx_done_int        ; clk          ; clk         ; 1.000        ; -0.036     ; 1.022      ;
; -0.071 ; por_reset_n ; uart:u_uart|rx_state.IDLE      ; clk          ; clk         ; 1.000        ; -0.036     ; 1.022      ;
; -0.070 ; por_reset_n ; uart:u_uart|tx_reg[2]          ; clk          ; clk         ; 1.000        ; -0.039     ; 1.018      ;
; -0.070 ; por_reset_n ; uart:u_uart|tx_reg[3]          ; clk          ; clk         ; 1.000        ; -0.039     ; 1.018      ;
; -0.070 ; por_reset_n ; uart:u_uart|tx_reg[4]          ; clk          ; clk         ; 1.000        ; -0.039     ; 1.018      ;
; -0.070 ; por_reset_n ; uart:u_uart|tx_busy_int        ; clk          ; clk         ; 1.000        ; -0.039     ; 1.018      ;
; -0.070 ; por_reset_n ; uart:u_uart|tx_bit_cnt[2]      ; clk          ; clk         ; 1.000        ; -0.039     ; 1.018      ;
; -0.070 ; por_reset_n ; uart:u_uart|tx_bit_cnt[3]      ; clk          ; clk         ; 1.000        ; -0.039     ; 1.018      ;
; -0.070 ; por_reset_n ; uart:u_uart|tx_bit_cnt[0]      ; clk          ; clk         ; 1.000        ; -0.039     ; 1.018      ;
; 0.016  ; por_reset_n ; uart:u_uart|rx_state.R_DATA    ; clk          ; clk         ; 1.000        ; -0.036     ; 0.935      ;
; 0.016  ; por_reset_n ; uart:u_uart|rx_state.WAIT_HALF ; clk          ; clk         ; 1.000        ; -0.036     ; 0.935      ;
; 0.016  ; por_reset_n ; uart:u_uart|rx_clk_cnt[2]      ; clk          ; clk         ; 1.000        ; -0.036     ; 0.935      ;
; 0.016  ; por_reset_n ; uart:u_uart|rx_clk_cnt[0]      ; clk          ; clk         ; 1.000        ; -0.036     ; 0.935      ;
; 0.016  ; por_reset_n ; uart:u_uart|rx_clk_cnt[1]      ; clk          ; clk         ; 1.000        ; -0.036     ; 0.935      ;
; 0.016  ; por_reset_n ; uart:u_uart|rx_clk_cnt[3]      ; clk          ; clk         ; 1.000        ; -0.036     ; 0.935      ;
; 0.016  ; por_reset_n ; uart:u_uart|rx_clk_cnt[4]      ; clk          ; clk         ; 1.000        ; -0.036     ; 0.935      ;
; 0.016  ; por_reset_n ; uart:u_uart|rx_clk_cnt[7]      ; clk          ; clk         ; 1.000        ; -0.036     ; 0.935      ;
; 0.016  ; por_reset_n ; uart:u_uart|rx_clk_cnt[6]      ; clk          ; clk         ; 1.000        ; -0.036     ; 0.935      ;
; 0.016  ; por_reset_n ; uart:u_uart|rx_clk_cnt[8]      ; clk          ; clk         ; 1.000        ; -0.036     ; 0.935      ;
; 0.016  ; por_reset_n ; uart:u_uart|rx_clk_cnt[12]     ; clk          ; clk         ; 1.000        ; -0.036     ; 0.935      ;
; 0.016  ; por_reset_n ; uart:u_uart|rx_clk_cnt[9]      ; clk          ; clk         ; 1.000        ; -0.036     ; 0.935      ;
; 0.016  ; por_reset_n ; uart:u_uart|rx_clk_cnt[10]     ; clk          ; clk         ; 1.000        ; -0.036     ; 0.935      ;
; 0.016  ; por_reset_n ; uart:u_uart|rx_clk_cnt[11]     ; clk          ; clk         ; 1.000        ; -0.036     ; 0.935      ;
; 0.016  ; por_reset_n ; uart:u_uart|rx_clk_cnt[5]      ; clk          ; clk         ; 1.000        ; -0.036     ; 0.935      ;
; 0.061  ; por_reset_n ; uart:u_uart|rx_state.STOP_BIT  ; clk          ; clk         ; 1.000        ; 0.158      ; 1.084      ;
; 0.091  ; por_reset_n ; uart:u_uart|tx_clk_cnt[11]     ; clk          ; clk         ; 1.000        ; 0.153      ; 1.049      ;
; 0.091  ; por_reset_n ; uart:u_uart|tx_clk_cnt[0]      ; clk          ; clk         ; 1.000        ; 0.153      ; 1.049      ;
; 0.091  ; por_reset_n ; uart:u_uart|tx_clk_cnt[1]      ; clk          ; clk         ; 1.000        ; 0.153      ; 1.049      ;
; 0.091  ; por_reset_n ; uart:u_uart|tx_clk_cnt[2]      ; clk          ; clk         ; 1.000        ; 0.153      ; 1.049      ;
; 0.091  ; por_reset_n ; uart:u_uart|tx_clk_cnt[3]      ; clk          ; clk         ; 1.000        ; 0.153      ; 1.049      ;
; 0.091  ; por_reset_n ; uart:u_uart|tx_clk_cnt[4]      ; clk          ; clk         ; 1.000        ; 0.153      ; 1.049      ;
; 0.091  ; por_reset_n ; uart:u_uart|tx_clk_cnt[5]      ; clk          ; clk         ; 1.000        ; 0.153      ; 1.049      ;
; 0.091  ; por_reset_n ; uart:u_uart|tx_clk_cnt[6]      ; clk          ; clk         ; 1.000        ; 0.153      ; 1.049      ;
; 0.091  ; por_reset_n ; uart:u_uart|tx_clk_cnt[7]      ; clk          ; clk         ; 1.000        ; 0.153      ; 1.049      ;
; 0.091  ; por_reset_n ; uart:u_uart|tx_clk_cnt[8]      ; clk          ; clk         ; 1.000        ; 0.153      ; 1.049      ;
; 0.091  ; por_reset_n ; uart:u_uart|tx_clk_cnt[9]      ; clk          ; clk         ; 1.000        ; 0.153      ; 1.049      ;
; 0.091  ; por_reset_n ; uart:u_uart|tx_clk_cnt[10]     ; clk          ; clk         ; 1.000        ; 0.153      ; 1.049      ;
; 0.091  ; por_reset_n ; uart:u_uart|tx_clk_cnt[12]     ; clk          ; clk         ; 1.000        ; 0.153      ; 1.049      ;
+--------+-------------+--------------------------------+--------------+-------------+--------------+------------+------------+


+----------------------------------------------------------------------------------------------------------------------------+
; Fast 1200mV 0C Model Removal: 'clk'                                                                                        ;
+-------+-------------+--------------------------------+--------------+-------------+--------------+------------+------------+
; Slack ; From Node   ; To Node                        ; Launch Clock ; Latch Clock ; Relationship ; Clock Skew ; Data Delay ;
+-------+-------------+--------------------------------+--------------+-------------+--------------+------------+------------+
; 0.675 ; por_reset_n ; uart:u_uart|tx_clk_cnt[11]     ; clk          ; clk         ; 0.000        ; 0.234      ; 0.993      ;
; 0.675 ; por_reset_n ; uart:u_uart|tx_clk_cnt[0]      ; clk          ; clk         ; 0.000        ; 0.234      ; 0.993      ;
; 0.675 ; por_reset_n ; uart:u_uart|tx_clk_cnt[1]      ; clk          ; clk         ; 0.000        ; 0.234      ; 0.993      ;
; 0.675 ; por_reset_n ; uart:u_uart|tx_clk_cnt[2]      ; clk          ; clk         ; 0.000        ; 0.234      ; 0.993      ;
; 0.675 ; por_reset_n ; uart:u_uart|tx_clk_cnt[3]      ; clk          ; clk         ; 0.000        ; 0.234      ; 0.993      ;
; 0.675 ; por_reset_n ; uart:u_uart|tx_clk_cnt[4]      ; clk          ; clk         ; 0.000        ; 0.234      ; 0.993      ;
; 0.675 ; por_reset_n ; uart:u_uart|tx_clk_cnt[5]      ; clk          ; clk         ; 0.000        ; 0.234      ; 0.993      ;
; 0.675 ; por_reset_n ; uart:u_uart|tx_clk_cnt[6]      ; clk          ; clk         ; 0.000        ; 0.234      ; 0.993      ;
; 0.675 ; por_reset_n ; uart:u_uart|tx_clk_cnt[7]      ; clk          ; clk         ; 0.000        ; 0.234      ; 0.993      ;
; 0.675 ; por_reset_n ; uart:u_uart|tx_clk_cnt[8]      ; clk          ; clk         ; 0.000        ; 0.234      ; 0.993      ;
; 0.675 ; por_reset_n ; uart:u_uart|tx_clk_cnt[9]      ; clk          ; clk         ; 0.000        ; 0.234      ; 0.993      ;
; 0.675 ; por_reset_n ; uart:u_uart|tx_clk_cnt[10]     ; clk          ; clk         ; 0.000        ; 0.234      ; 0.993      ;
; 0.675 ; por_reset_n ; uart:u_uart|tx_clk_cnt[12]     ; clk          ; clk         ; 0.000        ; 0.234      ; 0.993      ;
; 0.708 ; por_reset_n ; uart:u_uart|rx_state.STOP_BIT  ; clk          ; clk         ; 0.000        ; 0.238      ; 1.030      ;
; 0.773 ; por_reset_n ; uart:u_uart|rx_state.R_DATA    ; clk          ; clk         ; 0.000        ; 0.036      ; 0.893      ;
; 0.773 ; por_reset_n ; uart:u_uart|rx_state.WAIT_HALF ; clk          ; clk         ; 0.000        ; 0.036      ; 0.893      ;
; 0.773 ; por_reset_n ; uart:u_uart|rx_clk_cnt[2]      ; clk          ; clk         ; 0.000        ; 0.036      ; 0.893      ;
; 0.773 ; por_reset_n ; uart:u_uart|rx_clk_cnt[0]      ; clk          ; clk         ; 0.000        ; 0.036      ; 0.893      ;
; 0.773 ; por_reset_n ; uart:u_uart|rx_clk_cnt[1]      ; clk          ; clk         ; 0.000        ; 0.036      ; 0.893      ;
; 0.773 ; por_reset_n ; uart:u_uart|rx_clk_cnt[3]      ; clk          ; clk         ; 0.000        ; 0.036      ; 0.893      ;
; 0.773 ; por_reset_n ; uart:u_uart|rx_clk_cnt[4]      ; clk          ; clk         ; 0.000        ; 0.036      ; 0.893      ;
; 0.773 ; por_reset_n ; uart:u_uart|rx_clk_cnt[7]      ; clk          ; clk         ; 0.000        ; 0.036      ; 0.893      ;
; 0.773 ; por_reset_n ; uart:u_uart|rx_clk_cnt[6]      ; clk          ; clk         ; 0.000        ; 0.036      ; 0.893      ;
; 0.773 ; por_reset_n ; uart:u_uart|rx_clk_cnt[8]      ; clk          ; clk         ; 0.000        ; 0.036      ; 0.893      ;
; 0.773 ; por_reset_n ; uart:u_uart|rx_clk_cnt[12]     ; clk          ; clk         ; 0.000        ; 0.036      ; 0.893      ;
; 0.773 ; por_reset_n ; uart:u_uart|rx_clk_cnt[9]      ; clk          ; clk         ; 0.000        ; 0.036      ; 0.893      ;
; 0.773 ; por_reset_n ; uart:u_uart|rx_clk_cnt[10]     ; clk          ; clk         ; 0.000        ; 0.036      ; 0.893      ;
; 0.773 ; por_reset_n ; uart:u_uart|rx_clk_cnt[11]     ; clk          ; clk         ; 0.000        ; 0.036      ; 0.893      ;
; 0.773 ; por_reset_n ; uart:u_uart|rx_clk_cnt[5]      ; clk          ; clk         ; 0.000        ; 0.036      ; 0.893      ;
; 0.855 ; por_reset_n ; uart:u_uart|tx_reg[2]          ; clk          ; clk         ; 0.000        ; 0.034      ; 0.973      ;
; 0.855 ; por_reset_n ; uart:u_uart|tx_reg[3]          ; clk          ; clk         ; 0.000        ; 0.034      ; 0.973      ;
; 0.855 ; por_reset_n ; uart:u_uart|tx_reg[4]          ; clk          ; clk         ; 0.000        ; 0.034      ; 0.973      ;
; 0.855 ; por_reset_n ; uart:u_uart|tx_busy_int        ; clk          ; clk         ; 0.000        ; 0.034      ; 0.973      ;
; 0.855 ; por_reset_n ; uart:u_uart|tx_bit_cnt[1]      ; clk          ; clk         ; 0.000        ; 0.036      ; 0.975      ;
; 0.855 ; por_reset_n ; uart:u_uart|tx_bit_cnt[2]      ; clk          ; clk         ; 0.000        ; 0.034      ; 0.973      ;
; 0.855 ; por_reset_n ; uart:u_uart|tx_bit_cnt[3]      ; clk          ; clk         ; 0.000        ; 0.034      ; 0.973      ;
; 0.855 ; por_reset_n ; uart:u_uart|tx_bit_cnt[0]      ; clk          ; clk         ; 0.000        ; 0.034      ; 0.973      ;
; 0.855 ; por_reset_n ; uart:u_uart|rx_shift[0]        ; clk          ; clk         ; 0.000        ; 0.036      ; 0.975      ;
; 0.855 ; por_reset_n ; uart:u_uart|rx_shift[1]        ; clk          ; clk         ; 0.000        ; 0.036      ; 0.975      ;
; 0.855 ; por_reset_n ; uart:u_uart|rx_shift[2]        ; clk          ; clk         ; 0.000        ; 0.036      ; 0.975      ;
; 0.855 ; por_reset_n ; uart:u_uart|rx_shift[3]        ; clk          ; clk         ; 0.000        ; 0.036      ; 0.975      ;
; 0.855 ; por_reset_n ; uart:u_uart|rx_shift[4]        ; clk          ; clk         ; 0.000        ; 0.036      ; 0.975      ;
; 0.855 ; por_reset_n ; uart:u_uart|rx_shift[5]        ; clk          ; clk         ; 0.000        ; 0.036      ; 0.975      ;
; 0.855 ; por_reset_n ; uart:u_uart|rx_shift[6]        ; clk          ; clk         ; 0.000        ; 0.036      ; 0.975      ;
; 0.855 ; por_reset_n ; uart:u_uart|rx_bit_cnt[0]      ; clk          ; clk         ; 0.000        ; 0.036      ; 0.975      ;
; 0.855 ; por_reset_n ; uart:u_uart|rx_bit_cnt[2]      ; clk          ; clk         ; 0.000        ; 0.036      ; 0.975      ;
; 0.855 ; por_reset_n ; uart:u_uart|rx_bit_cnt[1]      ; clk          ; clk         ; 0.000        ; 0.036      ; 0.975      ;
; 0.855 ; por_reset_n ; uart:u_uart|rx_shift[7]        ; clk          ; clk         ; 0.000        ; 0.036      ; 0.975      ;
; 0.855 ; por_reset_n ; uart:u_uart|rx_done_int        ; clk          ; clk         ; 0.000        ; 0.036      ; 0.975      ;
; 0.855 ; por_reset_n ; uart:u_uart|rx_state.IDLE      ; clk          ; clk         ; 0.000        ; 0.036      ; 0.975      ;
; 0.869 ; por_reset_n ; uart:u_uart|tx_reg[0]          ; clk          ; clk         ; 0.000        ; 0.034      ; 0.987      ;
; 0.869 ; por_reset_n ; uart:u_uart|tx_reg[1]          ; clk          ; clk         ; 0.000        ; 0.034      ; 0.987      ;
; 0.869 ; por_reset_n ; uart:u_uart|tx_reg[5]          ; clk          ; clk         ; 0.000        ; 0.034      ; 0.987      ;
; 0.869 ; por_reset_n ; uart:u_uart|tx_reg[6]          ; clk          ; clk         ; 0.000        ; 0.034      ; 0.987      ;
; 0.869 ; por_reset_n ; uart:u_uart|tx_reg[7]          ; clk          ; clk         ; 0.000        ; 0.034      ; 0.987      ;
; 0.869 ; por_reset_n ; uart:u_uart|tx_reg[8]          ; clk          ; clk         ; 0.000        ; 0.034      ; 0.987      ;
+-------+-------------+--------------------------------+--------------+-------------+--------------+------------+------------+


----------------------------------------------
; Fast 1200mV 0C Model Metastability Summary ;
----------------------------------------------
Design MTBF is not calculated because the design doesn't meet its timing requirements.



+---------------------------------------------------------------------------------+
; Multicorner Timing Analysis Summary                                             ;
+------------------+-----------+-------+----------+---------+---------------------+
; Clock            ; Setup     ; Hold  ; Recovery ; Removal ; Minimum Pulse Width ;
+------------------+-----------+-------+----------+---------+---------------------+
; Worst-case Slack ; -6.996    ; 0.145 ; -0.938   ; 0.675   ; -3.000              ;
;  clk             ; -6.996    ; 0.145 ; -0.938   ; 0.675   ; -3.000              ;
; Design-wide TNS  ; -3876.733 ; 0.0   ; -45.116  ; 0.0     ; -1293.525           ;
;  clk             ; -3876.733 ; 0.000 ; -45.116  ; 0.000   ; -1293.525           ;
+------------------+-----------+-------+----------+---------+---------------------+


+------------------------------------------------------------------------------------------------------------------------------------------------------------------------------------------------------------------------------------------------------------------------------------------------------------------------------------------------------------------------------------------------------------------+
; Board Trace Model Assignments                                                                                                                                                                                                                                                                                                                                                                                    ;
+---------------+--------------+-------------------+-------------------------+-------------------------+---------------+---------------------+----------------+------------------+--------+------------------+------------------------+------------------------+--------------+---------------+-----------------+-------+---------------------+--------------------+---------------+-----------------+-------------+
; Pin           ; I/O Standard ; Near Tline Length ; Near Tline L per Length ; Near Tline C per Length ; Near Series R ; Near Differential R ; Near Pull-up R ; Near Pull-down R ; Near C ; Far Tline Length ; Far Tline L per Length ; Far Tline C per Length ; Far Series R ; Far Pull-up R ; Far Pull-down R ; Far C ; Termination Voltage ; Far Differential R ; EBD File Name ; EBD Signal Name ; EBD Far-end ;
+---------------+--------------+-------------------+-------------------------+-------------------------+---------------+---------------------+----------------+------------------+--------+------------------+------------------------+------------------------+--------------+---------------+-----------------+-------+---------------------+--------------------+---------------+-----------------+-------------+
; tx            ; 3.3-V LVTTL  ; 0 in              ; 0 H/in                  ; 0 F/in                  ; short         ; -                   ; open           ; open             ; open   ; 0 in             ; 0 H/in                 ; 0 F/in                 ; short        ; open          ; open            ; open  ; 0 V                 ; -                  ; n/a           ; n/a             ; n/a         ;
; led[0]        ; 3.3-V LVTTL  ; 0 in              ; 0 H/in                  ; 0 F/in                  ; short         ; -                   ; open           ; open             ; open   ; 0 in             ; 0 H/in                 ; 0 F/in                 ; short        ; open          ; open            ; open  ; 0 V                 ; -                  ; n/a           ; n/a             ; n/a         ;
; led[1]        ; 3.3-V LVTTL  ; 0 in              ; 0 H/in                  ; 0 F/in                  ; short         ; -                   ; open           ; open             ; open   ; 0 in             ; 0 H/in                 ; 0 F/in                 ; short        ; open          ; open            ; open  ; 0 V                 ; -                  ; n/a           ; n/a             ; n/a         ;
; led[2]        ; 3.3-V LVTTL  ; 0 in              ; 0 H/in                  ; 0 F/in                  ; short         ; -                   ; open           ; open             ; open   ; 0 in             ; 0 H/in                 ; 0 F/in                 ; short        ; open          ; open            ; open  ; 0 V                 ; -                  ; n/a           ; n/a             ; n/a         ;
; led[3]        ; 3.3-V LVTTL  ; 0 in              ; 0 H/in                  ; 0 F/in                  ; short         ; -                   ; open           ; open             ; open   ; 0 in             ; 0 H/in                 ; 0 F/in                 ; short        ; open          ; open            ; open  ; 0 V                 ; -                  ; n/a           ; n/a             ; n/a         ;
; led[4]        ; 3.3-V LVTTL  ; 0 in              ; 0 H/in                  ; 0 F/in                  ; short         ; -                   ; open           ; open             ; open   ; 0 in             ; 0 H/in                 ; 0 F/in                 ; short        ; open          ; open            ; open  ; 0 V                 ; -                  ; n/a           ; n/a             ; n/a         ;
; led[5]        ; 3.3-V LVTTL  ; 0 in              ; 0 H/in                  ; 0 F/in                  ; short         ; -                   ; open           ; open             ; open   ; 0 in             ; 0 H/in                 ; 0 F/in                 ; short        ; open          ; open            ; open  ; 0 V                 ; -                  ; n/a           ; n/a             ; n/a         ;
; led[6]        ; 3.3-V LVTTL  ; 0 in              ; 0 H/in                  ; 0 F/in                  ; short         ; -                   ; open           ; open             ; open   ; 0 in             ; 0 H/in                 ; 0 F/in                 ; short        ; open          ; open            ; open  ; 0 V                 ; -                  ; n/a           ; n/a             ; n/a         ;
; led[7]        ; 3.3-V LVTTL  ; 0 in              ; 0 H/in                  ; 0 F/in                  ; short         ; -                   ; open           ; open             ; open   ; 0 in             ; 0 H/in                 ; 0 F/in                 ; short        ; open          ; open            ; open  ; 0 V                 ; -                  ; n/a           ; n/a             ; n/a         ;
; ~ALTERA_DCLK~ ; 3.3-V LVTTL  ; 0 in              ; 0 H/in                  ; 0 F/in                  ; short         ; -                   ; open           ; open             ; open   ; 0 in             ; 0 H/in                 ; 0 F/in                 ; short        ; open          ; open            ; open  ; 0 V                 ; -                  ; n/a           ; n/a             ; n/a         ;
; ~ALTERA_nCEO~ ; 2.5 V        ; 0 in              ; 0 H/in                  ; 0 F/in                  ; short         ; -                   ; open           ; open             ; open   ; 0 in             ; 0 H/in                 ; 0 F/in                 ; short        ; open          ; open            ; open  ; 0 V                 ; -                  ; n/a           ; n/a             ; n/a         ;
+---------------+--------------+-------------------+-------------------------+-------------------------+---------------+---------------------+----------------+------------------+--------+------------------+------------------------+------------------------+--------------+---------------+-----------------+-------+---------------------+--------------------+---------------+-----------------+-------------+


+----------------------------------------------------------------------------+
; Input Transition Times                                                     ;
+-------------------------+--------------+-----------------+-----------------+
; Pin                     ; I/O Standard ; 10-90 Rise Time ; 90-10 Fall Time ;
+-------------------------+--------------+-----------------+-----------------+
; clk                     ; 3.3-V LVTTL  ; 2640 ps         ; 2640 ps         ;
; reset_n                 ; 3.3-V LVTTL  ; 2640 ps         ; 2640 ps         ;
; sw[2]                   ; 3.3-V LVTTL  ; 2640 ps         ; 2640 ps         ;
; sw[3]                   ; 3.3-V LVTTL  ; 2640 ps         ; 2640 ps         ;
; sw[0]                   ; 3.3-V LVTTL  ; 2640 ps         ; 2640 ps         ;
; sw[1]                   ; 3.3-V LVTTL  ; 2640 ps         ; 2640 ps         ;
; rx                      ; 3.3-V LVTTL  ; 2640 ps         ; 2640 ps         ;
; ~ALTERA_ASDO_DATA1~     ; 3.3-V LVTTL  ; 2640 ps         ; 2640 ps         ;
; ~ALTERA_FLASH_nCE_nCSO~ ; 3.3-V LVTTL  ; 2640 ps         ; 2640 ps         ;
; ~ALTERA_DATA0~          ; 3.3-V LVTTL  ; 2640 ps         ; 2640 ps         ;
+-------------------------+--------------+-----------------+-----------------+


+--------------------------------------------------------------------------------------------------------------------------------------------------------------------------------------------------------------------------------------------------------------------------------------------------------------------------------------------------------------------------------------------------------------------------------------------------------------------------------------------------------------------------------------------------------------------------------------------------------------------------------------------------------------------------------------------+
; Signal Integrity Metrics (Slow 1200mv 0c Model)                                                                                                                                                                                                                                                                                                                                                                                                                                                                                                                                                                                                                                            ;
+---------------+--------------+---------------------+---------------------+------------------------------+------------------------------+---------------------+---------------------+--------------------------------------+--------------------------------------+-----------------------------+-----------------------------+----------------------------+----------------------------+-----------------------------+-----------------------------+--------------------+--------------------+-------------------------------------+-------------------------------------+----------------------------+----------------------------+---------------------------+---------------------------+
; Pin           ; I/O Standard ; Board Delay on Rise ; Board Delay on Fall ; Steady State Voh at FPGA Pin ; Steady State Vol at FPGA Pin ; Voh Max at FPGA Pin ; Vol Min at FPGA Pin ; Ringback Voltage on Rise at FPGA Pin ; Ringback Voltage on Fall at FPGA Pin ; 10-90 Rise Time at FPGA Pin ; 90-10 Fall Time at FPGA Pin ; Monotonic Rise at FPGA Pin ; Monotonic Fall at FPGA Pin ; Steady State Voh at Far-end ; Steady State Vol at Far-end ; Voh Max at Far-end ; Vol Min at Far-end ; Ringback Voltage on Rise at Far-end ; Ringback Voltage on Fall at Far-end ; 10-90 Rise Time at Far-end ; 90-10 Fall Time at Far-end ; Monotonic Rise at Far-end ; Monotonic Fall at Far-end ;
+---------------+--------------+---------------------+---------------------+------------------------------+------------------------------+---------------------+---------------------+--------------------------------------+--------------------------------------+-----------------------------+-----------------------------+----------------------------+----------------------------+-----------------------------+-----------------------------+--------------------+--------------------+-------------------------------------+-------------------------------------+----------------------------+----------------------------+---------------------------+---------------------------+
; tx            ; 3.3-V LVTTL  ; 0 s                 ; 0 s                 ; 3.08 V                       ; 2.24e-08 V                   ; 3.14 V              ; -0.115 V            ; 0.31 V                               ; 0.241 V                              ; 5.06e-10 s                  ; 4.37e-10 s                  ; No                         ; No                         ; 3.08 V                      ; 2.24e-08 V                  ; 3.14 V             ; -0.115 V           ; 0.31 V                              ; 0.241 V                             ; 5.06e-10 s                 ; 4.37e-10 s                 ; No                        ; No                        ;
; led[0]        ; 3.3-V LVTTL  ; 0 s                 ; 0 s                 ; 3.08 V                       ; 2.24e-08 V                   ; 3.14 V              ; -0.115 V            ; 0.31 V                               ; 0.241 V                              ; 5.06e-10 s                  ; 4.37e-10 s                  ; No                         ; No                         ; 3.08 V                      ; 2.24e-08 V                  ; 3.14 V             ; -0.115 V           ; 0.31 V                              ; 0.241 V                             ; 5.06e-10 s                 ; 4.37e-10 s                 ; No                        ; No                        ;
; led[1]        ; 3.3-V LVTTL  ; 0 s                 ; 0 s                 ; 3.08 V                       ; 2.24e-08 V                   ; 3.14 V              ; -0.115 V            ; 0.31 V                               ; 0.241 V                              ; 5.06e-10 s                  ; 4.37e-10 s                  ; No                         ; No                         ; 3.08 V                      ; 2.24e-08 V                  ; 3.14 V             ; -0.115 V           ; 0.31 V                              ; 0.241 V                             ; 5.06e-10 s                 ; 4.37e-10 s                 ; No                        ; No                        ;
; led[2]        ; 3.3-V LVTTL  ; 0 s                 ; 0 s                 ; 3.08 V                       ; 2.24e-08 V                   ; 3.14 V              ; -0.115 V            ; 0.31 V                               ; 0.241 V                              ; 5.06e-10 s                  ; 4.37e-10 s                  ; No                         ; No                         ; 3.08 V                      ; 2.24e-08 V                  ; 3.14 V             ; -0.115 V           ; 0.31 V                              ; 0.241 V                             ; 5.06e-10 s                 ; 4.37e-10 s                 ; No                        ; No                        ;
; led[3]        ; 3.3-V LVTTL  ; 0 s                 ; 0 s                 ; 3.08 V                       ; 2.24e-08 V                   ; 3.14 V              ; -0.115 V            ; 0.31 V                               ; 0.241 V                              ; 5.06e-10 s                  ; 4.37e-10 s                  ; No                         ; No                         ; 3.08 V                      ; 2.24e-08 V                  ; 3.14 V             ; -0.115 V           ; 0.31 V                              ; 0.241 V                             ; 5.06e-10 s                 ; 4.37e-10 s                 ; No                        ; No                        ;
; led[4]        ; 3.3-V LVTTL  ; 0 s                 ; 0 s                 ; 3.08 V                       ; 1.54e-08 V                   ; 3.14 V              ; -0.074 V            ; 0.343 V                              ; 0.194 V                              ; 7.35e-10 s                  ; 6.36e-10 s                  ; No                         ; No                         ; 3.08 V                      ; 1.54e-08 V                  ; 3.14 V             ; -0.074 V           ; 0.343 V                             ; 0.194 V                             ; 7.35e-10 s                 ; 6.36e-10 s                 ; No                        ; No                        ;
; led[5]        ; 3.3-V LVTTL  ; 0 s                 ; 0 s                 ; 3.08 V                       ; 1.54e-08 V                   ; 3.09 V              ; -0.0119 V           ; 0.277 V                              ; 0.297 V                              ; 4.54e-09 s                  ; 3.32e-09 s                  ; No                         ; No                         ; 3.08 V                      ; 1.54e-08 V                  ; 3.09 V             ; -0.0119 V          ; 0.277 V                             ; 0.297 V                             ; 4.54e-09 s                 ; 3.32e-09 s                 ; No                        ; No                        ;
; led[6]        ; 3.3-V LVTTL  ; 0 s                 ; 0 s                 ; 3.08 V                       ; 1.54e-08 V                   ; 3.16 V              ; -0.11 V             ; 0.302 V                              ; 0.22 V                               ; 4.82e-10 s                  ; 4.27e-10 s                  ; Yes                        ; No                         ; 3.08 V                      ; 1.54e-08 V                  ; 3.16 V             ; -0.11 V            ; 0.302 V                             ; 0.22 V                              ; 4.82e-10 s                 ; 4.27e-10 s                 ; Yes                       ; No                        ;
; led[7]        ; 3.3-V LVTTL  ; 0 s                 ; 0 s                 ; 3.08 V                       ; 1.54e-08 V                   ; 3.09 V              ; -0.0119 V           ; 0.277 V                              ; 0.297 V                              ; 4.54e-09 s                  ; 3.32e-09 s                  ; No                         ; No                         ; 3.08 V                      ; 1.54e-08 V                  ; 3.09 V             ; -0.0119 V          ; 0.277 V                             ; 0.297 V                             ; 4.54e-09 s                 ; 3.32e-09 s                 ; No                        ; No                        ;
; ~ALTERA_DCLK~ ; 3.3-V LVTTL  ; 0 s                 ; 0 s                 ; 3.08 V                       ; 8.05e-09 V                   ; 3.21 V              ; -0.181 V            ; 0.16 V                               ; 0.253 V                              ; 2.77e-10 s                  ; 2.32e-10 s                  ; No                         ; Yes                        ; 3.08 V                      ; 8.05e-09 V                  ; 3.21 V             ; -0.181 V           ; 0.16 V                              ; 0.253 V                             ; 2.77e-10 s                 ; 2.32e-10 s                 ; No                        ; Yes                       ;
; ~ALTERA_nCEO~ ; 2.5 V        ; 0 s                 ; 0 s                 ; 2.32 V                       ; 5.61e-09 V                   ; 2.38 V              ; -0.00274 V          ; 0.141 V                              ; 0.006 V                              ; 4.7e-10 s                   ; 6.02e-10 s                  ; Yes                        ; Yes                        ; 2.32 V                      ; 5.61e-09 V                  ; 2.38 V             ; -0.00274 V         ; 0.141 V                             ; 0.006 V                             ; 4.7e-10 s                  ; 6.02e-10 s                 ; Yes                       ; Yes                       ;
+---------------+--------------+---------------------+---------------------+------------------------------+------------------------------+---------------------+---------------------+--------------------------------------+--------------------------------------+-----------------------------+-----------------------------+----------------------------+----------------------------+-----------------------------+-----------------------------+--------------------+--------------------+-------------------------------------+-------------------------------------+----------------------------+----------------------------+---------------------------+---------------------------+


+--------------------------------------------------------------------------------------------------------------------------------------------------------------------------------------------------------------------------------------------------------------------------------------------------------------------------------------------------------------------------------------------------------------------------------------------------------------------------------------------------------------------------------------------------------------------------------------------------------------------------------------------------------------------------------------------+
; Signal Integrity Metrics (Slow 1200mv 85c Model)                                                                                                                                                                                                                                                                                                                                                                                                                                                                                                                                                                                                                                           ;
+---------------+--------------+---------------------+---------------------+------------------------------+------------------------------+---------------------+---------------------+--------------------------------------+--------------------------------------+-----------------------------+-----------------------------+----------------------------+----------------------------+-----------------------------+-----------------------------+--------------------+--------------------+-------------------------------------+-------------------------------------+----------------------------+----------------------------+---------------------------+---------------------------+
; Pin           ; I/O Standard ; Board Delay on Rise ; Board Delay on Fall ; Steady State Voh at FPGA Pin ; Steady State Vol at FPGA Pin ; Voh Max at FPGA Pin ; Vol Min at FPGA Pin ; Ringback Voltage on Rise at FPGA Pin ; Ringback Voltage on Fall at FPGA Pin ; 10-90 Rise Time at FPGA Pin ; 90-10 Fall Time at FPGA Pin ; Monotonic Rise at FPGA Pin ; Monotonic Fall at FPGA Pin ; Steady State Voh at Far-end ; Steady State Vol at Far-end ; Voh Max at Far-end ; Vol Min at Far-end ; Ringback Voltage on Rise at Far-end ; Ringback Voltage on Fall at Far-end ; 10-90 Rise Time at Far-end ; 90-10 Fall Time at Far-end ; Monotonic Rise at Far-end ; Monotonic Fall at Far-end ;
+---------------+--------------+---------------------+---------------------+------------------------------+------------------------------+---------------------+---------------------+--------------------------------------+--------------------------------------+-----------------------------+-----------------------------+----------------------------+----------------------------+-----------------------------+-----------------------------+--------------------+--------------------+-------------------------------------+-------------------------------------+----------------------------+----------------------------+---------------------------+---------------------------+
; tx            ; 3.3-V LVTTL  ; 0 s                 ; 0 s                 ; 3.08 V                       ; 2.99e-06 V                   ; 3.11 V              ; -0.0717 V           ; 0.209 V                              ; 0.168 V                              ; 6.66e-10 s                  ; 6.19e-10 s                  ; Yes                        ; No                         ; 3.08 V                      ; 2.99e-06 V                  ; 3.11 V             ; -0.0717 V          ; 0.209 V                             ; 0.168 V                             ; 6.66e-10 s                 ; 6.19e-10 s                 ; Yes                       ; No                        ;
; led[0]        ; 3.3-V LVTTL  ; 0 s                 ; 0 s                 ; 3.08 V                       ; 2.99e-06 V                   ; 3.11 V              ; -0.0717 V           ; 0.209 V                              ; 0.168 V                              ; 6.66e-10 s                  ; 6.19e-10 s                  ; Yes                        ; No                         ; 3.08 V                      ; 2.99e-06 V                  ; 3.11 V             ; -0.0717 V          ; 0.209 V                             ; 0.168 V                             ; 6.66e-10 s                 ; 6.19e-10 s                 ; Yes                       ; No                        ;
; led[1]        ; 3.3-V LVTTL  ; 0 s                 ; 0 s                 ; 3.08 V                       ; 2.99e-06 V                   ; 3.11 V              ; -0.0717 V           ; 0.209 V                              ; 0.168 V                              ; 6.66e-10 s                  ; 6.19e-10 s                  ; Yes                        ; No                         ; 3.08 V                      ; 2.99e-06 V                  ; 3.11 V             ; -0.0717 V          ; 0.209 V                             ; 0.168 V                             ; 6.66e-10 s                 ; 6.19e-10 s                 ; Yes                       ; No                        ;
; led[2]        ; 3.3-V LVTTL  ; 0 s                 ; 0 s                 ; 3.08 V                       ; 2.99e-06 V                   ; 3.11 V              ; -0.0717 V           ; 0.209 V                              ; 0.168 V                              ; 6.66e-10 s                  ; 6.19e-10 s                  ; Yes                        ; No                         ; 3.08 V                      ; 2.99e-06 V                  ; 3.11 V             ; -0.0717 V          ; 0.209 V                             ; 0.168 V                             ; 6.66e-10 s                 ; 6.19e-10 s                 ; Yes                       ; No                        ;
; led[3]        ; 3.3-V LVTTL  ; 0 s                 ; 0 s                 ; 3.08 V                       ; 2.99e-06 V                   ; 3.11 V              ; -0.0717 V           ; 0.209 V                              ; 0.168 V                              ; 6.66e-10 s                  ; 6.19e-10 s                  ; Yes                        ; No                         ; 3.08 V                      ; 2.99e-06 V                  ; 3.11 V             ; -0.0717 V          ; 0.209 V                             ; 0.168 V                             ; 6.66e-10 s                 ; 6.19e-10 s                 ; Yes                       ; No                        ;
; led[4]        ; 3.3-V LVTTL  ; 0 s                 ; 0 s                 ; 3.08 V                       ; 2e-06 V                      ; 3.12 V              ; -0.0547 V           ; 0.276 V                              ; 0.181 V                              ; 9.17e-10 s                  ; 8.31e-10 s                  ; Yes                        ; No                         ; 3.08 V                      ; 2e-06 V                     ; 3.12 V             ; -0.0547 V          ; 0.276 V                             ; 0.181 V                             ; 9.17e-10 s                 ; 8.31e-10 s                 ; Yes                       ; No                        ;
; led[5]        ; 3.3-V LVTTL  ; 0 s                 ; 0 s                 ; 3.08 V                       ; 2e-06 V                      ; 3.08 V              ; -0.00666 V          ; 0.298 V                              ; 0.277 V                              ; 5.29e-09 s                  ; 4.2e-09 s                   ; Yes                        ; No                         ; 3.08 V                      ; 2e-06 V                     ; 3.08 V             ; -0.00666 V         ; 0.298 V                             ; 0.277 V                             ; 5.29e-09 s                 ; 4.2e-09 s                  ; Yes                       ; No                        ;
; led[6]        ; 3.3-V LVTTL  ; 0 s                 ; 0 s                 ; 3.08 V                       ; 2e-06 V                      ; 3.13 V              ; -0.0781 V           ; 0.202 V                              ; 0.359 V                              ; 6.54e-10 s                  ; 5e-10 s                     ; No                         ; No                         ; 3.08 V                      ; 2e-06 V                     ; 3.13 V             ; -0.0781 V          ; 0.202 V                             ; 0.359 V                             ; 6.54e-10 s                 ; 5e-10 s                    ; No                        ; No                        ;
; led[7]        ; 3.3-V LVTTL  ; 0 s                 ; 0 s                 ; 3.08 V                       ; 2e-06 V                      ; 3.08 V              ; -0.00666 V          ; 0.298 V                              ; 0.277 V                              ; 5.29e-09 s                  ; 4.2e-09 s                   ; Yes                        ; No                         ; 3.08 V                      ; 2e-06 V                     ; 3.08 V             ; -0.00666 V         ; 0.298 V                             ; 0.277 V                             ; 5.29e-09 s                 ; 4.2e-09 s                  ; Yes                       ; No                        ;
; ~ALTERA_DCLK~ ; 3.3-V LVTTL  ; 0 s                 ; 0 s                 ; 3.08 V                       ; 1.02e-06 V                   ; 3.14 V              ; -0.123 V            ; 0.134 V                              ; 0.323 V                              ; 3.02e-10 s                  ; 2.85e-10 s                  ; Yes                        ; No                         ; 3.08 V                      ; 1.02e-06 V                  ; 3.14 V             ; -0.123 V           ; 0.134 V                             ; 0.323 V                             ; 3.02e-10 s                 ; 2.85e-10 s                 ; Yes                       ; No                        ;
; ~ALTERA_nCEO~ ; 2.5 V        ; 0 s                 ; 0 s                 ; 2.32 V                       ; 9.45e-07 V                   ; 2.35 V              ; -0.00643 V          ; 0.081 V                              ; 0.031 V                              ; 5.31e-10 s                  ; 7.59e-10 s                  ; Yes                        ; Yes                        ; 2.32 V                      ; 9.45e-07 V                  ; 2.35 V             ; -0.00643 V         ; 0.081 V                             ; 0.031 V                             ; 5.31e-10 s                 ; 7.59e-10 s                 ; Yes                       ; Yes                       ;
+---------------+--------------+---------------------+---------------------+------------------------------+------------------------------+---------------------+---------------------+--------------------------------------+--------------------------------------+-----------------------------+-----------------------------+----------------------------+----------------------------+-----------------------------+-----------------------------+--------------------+--------------------+-------------------------------------+-------------------------------------+----------------------------+----------------------------+---------------------------+---------------------------+


+--------------------------------------------------------------------------------------------------------------------------------------------------------------------------------------------------------------------------------------------------------------------------------------------------------------------------------------------------------------------------------------------------------------------------------------------------------------------------------------------------------------------------------------------------------------------------------------------------------------------------------------------------------------------------------------------+
; Signal Integrity Metrics (Fast 1200mv 0c Model)                                                                                                                                                                                                                                                                                                                                                                                                                                                                                                                                                                                                                                            ;
+---------------+--------------+---------------------+---------------------+------------------------------+------------------------------+---------------------+---------------------+--------------------------------------+--------------------------------------+-----------------------------+-----------------------------+----------------------------+----------------------------+-----------------------------+-----------------------------+--------------------+--------------------+-------------------------------------+-------------------------------------+----------------------------+----------------------------+---------------------------+---------------------------+
; Pin           ; I/O Standard ; Board Delay on Rise ; Board Delay on Fall ; Steady State Voh at FPGA Pin ; Steady State Vol at FPGA Pin ; Voh Max at FPGA Pin ; Vol Min at FPGA Pin ; Ringback Voltage on Rise at FPGA Pin ; Ringback Voltage on Fall at FPGA Pin ; 10-90 Rise Time at FPGA Pin ; 90-10 Fall Time at FPGA Pin ; Monotonic Rise at FPGA Pin ; Monotonic Fall at FPGA Pin ; Steady State Voh at Far-end ; Steady State Vol at Far-end ; Voh Max at Far-end ; Vol Min at Far-end ; Ringback Voltage on Rise at Far-end ; Ringback Voltage on Fall at Far-end ; 10-90 Rise Time at Far-end ; 90-10 Fall Time at Far-end ; Monotonic Rise at Far-end ; Monotonic Fall at Far-end ;
+---------------+--------------+---------------------+---------------------+------------------------------+------------------------------+---------------------+---------------------+--------------------------------------+--------------------------------------+-----------------------------+-----------------------------+----------------------------+----------------------------+-----------------------------+-----------------------------+--------------------+--------------------+-------------------------------------+-------------------------------------+----------------------------+----------------------------+---------------------------+---------------------------+
; tx            ; 3.3-V LVTTL  ; 0 s                 ; 0 s                 ; 3.46 V                       ; 1.85e-07 V                   ; 3.57 V              ; -0.141 V            ; 0.301 V                              ; 0.239 V                              ; 4.61e-10 s                  ; 4.2e-10 s                   ; No                         ; No                         ; 3.46 V                      ; 1.85e-07 V                  ; 3.57 V             ; -0.141 V           ; 0.301 V                             ; 0.239 V                             ; 4.61e-10 s                 ; 4.2e-10 s                  ; No                        ; No                        ;
; led[0]        ; 3.3-V LVTTL  ; 0 s                 ; 0 s                 ; 3.46 V                       ; 1.85e-07 V                   ; 3.57 V              ; -0.141 V            ; 0.301 V                              ; 0.239 V                              ; 4.61e-10 s                  ; 4.2e-10 s                   ; No                         ; No                         ; 3.46 V                      ; 1.85e-07 V                  ; 3.57 V             ; -0.141 V           ; 0.301 V                             ; 0.239 V                             ; 4.61e-10 s                 ; 4.2e-10 s                  ; No                        ; No                        ;
; led[1]        ; 3.3-V LVTTL  ; 0 s                 ; 0 s                 ; 3.46 V                       ; 1.85e-07 V                   ; 3.57 V              ; -0.141 V            ; 0.301 V                              ; 0.239 V                              ; 4.61e-10 s                  ; 4.2e-10 s                   ; No                         ; No                         ; 3.46 V                      ; 1.85e-07 V                  ; 3.57 V             ; -0.141 V           ; 0.301 V                             ; 0.239 V                             ; 4.61e-10 s                 ; 4.2e-10 s                  ; No                        ; No                        ;
; led[2]        ; 3.3-V LVTTL  ; 0 s                 ; 0 s                 ; 3.46 V                       ; 1.85e-07 V                   ; 3.57 V              ; -0.141 V            ; 0.301 V                              ; 0.239 V                              ; 4.61e-10 s                  ; 4.2e-10 s                   ; No                         ; No                         ; 3.46 V                      ; 1.85e-07 V                  ; 3.57 V             ; -0.141 V           ; 0.301 V                             ; 0.239 V                             ; 4.61e-10 s                 ; 4.2e-10 s                  ; No                        ; No                        ;
; led[3]        ; 3.3-V LVTTL  ; 0 s                 ; 0 s                 ; 3.46 V                       ; 1.85e-07 V                   ; 3.57 V              ; -0.141 V            ; 0.301 V                              ; 0.239 V                              ; 4.61e-10 s                  ; 4.2e-10 s                   ; No                         ; No                         ; 3.46 V                      ; 1.85e-07 V                  ; 3.57 V             ; -0.141 V           ; 0.301 V                             ; 0.239 V                             ; 4.61e-10 s                 ; 4.2e-10 s                  ; No                        ; No                        ;
; led[4]        ; 3.3-V LVTTL  ; 0 s                 ; 0 s                 ; 3.46 V                       ; 1.25e-07 V                   ; 3.57 V              ; -0.0855 V           ; 0.315 V                              ; 0.175 V                              ; 6.79e-10 s                  ; 6.15e-10 s                  ; No                         ; No                         ; 3.46 V                      ; 1.25e-07 V                  ; 3.57 V             ; -0.0855 V          ; 0.315 V                             ; 0.175 V                             ; 6.79e-10 s                 ; 6.15e-10 s                 ; No                        ; No                        ;
; led[5]        ; 3.3-V LVTTL  ; 0 s                 ; 0 s                 ; 3.46 V                       ; 1.25e-07 V                   ; 3.48 V              ; -0.0162 V           ; 0.354 V                              ; 0.317 V                              ; 3.88e-09 s                  ; 3.06e-09 s                  ; No                         ; No                         ; 3.46 V                      ; 1.25e-07 V                  ; 3.48 V             ; -0.0162 V          ; 0.354 V                             ; 0.317 V                             ; 3.88e-09 s                 ; 3.06e-09 s                 ; No                        ; No                        ;
; led[6]        ; 3.3-V LVTTL  ; 0 s                 ; 0 s                 ; 3.46 V                       ; 1.25e-07 V                   ; 3.6 V               ; -0.127 V            ; 0.302 V                              ; 0.21 V                               ; 4.55e-10 s                  ; 4.11e-10 s                  ; No                         ; No                         ; 3.46 V                      ; 1.25e-07 V                  ; 3.6 V              ; -0.127 V           ; 0.302 V                             ; 0.21 V                              ; 4.55e-10 s                 ; 4.11e-10 s                 ; No                        ; No                        ;
; led[7]        ; 3.3-V LVTTL  ; 0 s                 ; 0 s                 ; 3.46 V                       ; 1.25e-07 V                   ; 3.48 V              ; -0.0162 V           ; 0.354 V                              ; 0.317 V                              ; 3.88e-09 s                  ; 3.06e-09 s                  ; No                         ; No                         ; 3.46 V                      ; 1.25e-07 V                  ; 3.48 V             ; -0.0162 V          ; 0.354 V                             ; 0.317 V                             ; 3.88e-09 s                 ; 3.06e-09 s                 ; No                        ; No                        ;
; ~ALTERA_DCLK~ ; 3.3-V LVTTL  ; 0 s                 ; 0 s                 ; 3.46 V                       ; 6.54e-08 V                   ; 3.66 V              ; -0.26 V             ; 0.41 V                               ; 0.32 V                               ; 1.57e-10 s                  ; 2.15e-10 s                  ; No                         ; Yes                        ; 3.46 V                      ; 6.54e-08 V                  ; 3.66 V             ; -0.26 V            ; 0.41 V                              ; 0.32 V                              ; 1.57e-10 s                 ; 2.15e-10 s                 ; No                        ; Yes                       ;
; ~ALTERA_nCEO~ ; 2.5 V        ; 0 s                 ; 0 s                 ; 2.62 V                       ; 3.54e-08 V                   ; 2.7 V               ; -0.00943 V          ; 0.276 V                              ; 0.035 V                              ; 3.19e-10 s                  ; 4.99e-10 s                  ; No                         ; Yes                        ; 2.62 V                      ; 3.54e-08 V                  ; 2.7 V              ; -0.00943 V         ; 0.276 V                             ; 0.035 V                             ; 3.19e-10 s                 ; 4.99e-10 s                 ; No                        ; Yes                       ;
+---------------+--------------+---------------------+---------------------+------------------------------+------------------------------+---------------------+---------------------+--------------------------------------+--------------------------------------+-----------------------------+-----------------------------+----------------------------+----------------------------+-----------------------------+-----------------------------+--------------------+--------------------+-------------------------------------+-------------------------------------+----------------------------+----------------------------+---------------------------+---------------------------+


+-------------------------------------------------------------------+
; Setup Transfers                                                   ;
+------------+----------+----------+----------+----------+----------+
; From Clock ; To Clock ; RR Paths ; FR Paths ; RF Paths ; FF Paths ;
+------------+----------+----------+----------+----------+----------+
; clk        ; clk      ; 178067   ; 0        ; 0        ; 0        ;
+------------+----------+----------+----------+----------+----------+
Entries labeled "false path" only account for clock-to-clock false paths and not path-based false paths. As a result, actual path counts may be lower than reported.


+-------------------------------------------------------------------+
; Hold Transfers                                                    ;
+------------+----------+----------+----------+----------+----------+
; From Clock ; To Clock ; RR Paths ; FR Paths ; RF Paths ; FF Paths ;
+------------+----------+----------+----------+----------+----------+
; clk        ; clk      ; 178067   ; 0        ; 0        ; 0        ;
+------------+----------+----------+----------+----------+----------+
Entries labeled "false path" only account for clock-to-clock false paths and not path-based false paths. As a result, actual path counts may be lower than reported.


+-------------------------------------------------------------------+
; Recovery Transfers                                                ;
+------------+----------+----------+----------+----------+----------+
; From Clock ; To Clock ; RR Paths ; FR Paths ; RF Paths ; FF Paths ;
+------------+----------+----------+----------+----------+----------+
; clk        ; clk      ; 56       ; 0        ; 0        ; 0        ;
+------------+----------+----------+----------+----------+----------+
Entries labeled "false path" only account for clock-to-clock false paths and not path-based false paths. As a result, actual path counts may be lower than reported.


+-------------------------------------------------------------------+
; Removal Transfers                                                 ;
+------------+----------+----------+----------+----------+----------+
; From Clock ; To Clock ; RR Paths ; FR Paths ; RF Paths ; FF Paths ;
+------------+----------+----------+----------+----------+----------+
; clk        ; clk      ; 56       ; 0        ; 0        ; 0        ;
+------------+----------+----------+----------+----------+----------+
Entries labeled "false path" only account for clock-to-clock false paths and not path-based false paths. As a result, actual path counts may be lower than reported.


---------------
; Report TCCS ;
---------------
No dedicated SERDES Transmitter circuitry present in device or used in design


---------------
; Report RSKM ;
---------------
No non-DPA dedicated SERDES Receiver circuitry present in device or used in design


+------------------------------------------------+
; Unconstrained Paths Summary                    ;
+---------------------------------+-------+------+
; Property                        ; Setup ; Hold ;
+---------------------------------+-------+------+
; Illegal Clocks                  ; 0     ; 0    ;
; Unconstrained Clocks            ; 0     ; 0    ;
; Unconstrained Input Ports       ; 6     ; 6    ;
; Unconstrained Input Port Paths  ; 442   ; 442  ;
; Unconstrained Output Ports      ; 9     ; 9    ;
; Unconstrained Output Port Paths ; 17    ; 17   ;
+---------------------------------+-------+------+


+-------------------------------------+
; Clock Status Summary                ;
+--------+-------+------+-------------+
; Target ; Clock ; Type ; Status      ;
+--------+-------+------+-------------+
; clk    ; clk   ; Base ; Constrained ;
+--------+-------+------+-------------+


+---------------------------------------------------------------------------------------------------+
; Unconstrained Input Ports                                                                         ;
+------------+--------------------------------------------------------------------------------------+
; Input Port ; Comment                                                                              ;
+------------+--------------------------------------------------------------------------------------+
; reset_n    ; No input delay, min/max delays, false-path exceptions, or max skew assignments found ;
; rx         ; No input delay, min/max delays, false-path exceptions, or max skew assignments found ;
; sw[0]      ; No input delay, min/max delays, false-path exceptions, or max skew assignments found ;
; sw[1]      ; No input delay, min/max delays, false-path exceptions, or max skew assignments found ;
; sw[2]      ; No input delay, min/max delays, false-path exceptions, or max skew assignments found ;
; sw[3]      ; No input delay, min/max delays, false-path exceptions, or max skew assignments found ;
+------------+--------------------------------------------------------------------------------------+


+-----------------------------------------------------------------------------------------------------+
; Unconstrained Output Ports                                                                          ;
+-------------+---------------------------------------------------------------------------------------+
; Output Port ; Comment                                                                               ;
+-------------+---------------------------------------------------------------------------------------+
; led[0]      ; No output delay, min/max delays, false-path exceptions, or max skew assignments found ;
; led[1]      ; No output delay, min/max delays, false-path exceptions, or max skew assignments found ;
; led[2]      ; No output delay, min/max delays, false-path exceptions, or max skew assignments found ;
; led[3]      ; No output delay, min/max delays, false-path exceptions, or max skew assignments found ;
; led[4]      ; No output delay, min/max delays, false-path exceptions, or max skew assignments found ;
; led[5]      ; No output delay, min/max delays, false-path exceptions, or max skew assignments found ;
; led[6]      ; No output delay, min/max delays, false-path exceptions, or max skew assignments found ;
; led[7]      ; No output delay, min/max delays, false-path exceptions, or max skew assignments found ;
; tx          ; No output delay, min/max delays, false-path exceptions, or max skew assignments found ;
+-------------+---------------------------------------------------------------------------------------+


+---------------------------------------------------------------------------------------------------+
; Unconstrained Input Ports                                                                         ;
+------------+--------------------------------------------------------------------------------------+
; Input Port ; Comment                                                                              ;
+------------+--------------------------------------------------------------------------------------+
; reset_n    ; No input delay, min/max delays, false-path exceptions, or max skew assignments found ;
; rx         ; No input delay, min/max delays, false-path exceptions, or max skew assignments found ;
; sw[0]      ; No input delay, min/max delays, false-path exceptions, or max skew assignments found ;
; sw[1]      ; No input delay, min/max delays, false-path exceptions, or max skew assignments found ;
; sw[2]      ; No input delay, min/max delays, false-path exceptions, or max skew assignments found ;
; sw[3]      ; No input delay, min/max delays, false-path exceptions, or max skew assignments found ;
+------------+--------------------------------------------------------------------------------------+


+-----------------------------------------------------------------------------------------------------+
; Unconstrained Output Ports                                                                          ;
+-------------+---------------------------------------------------------------------------------------+
; Output Port ; Comment                                                                               ;
+-------------+---------------------------------------------------------------------------------------+
; led[0]      ; No output delay, min/max delays, false-path exceptions, or max skew assignments found ;
; led[1]      ; No output delay, min/max delays, false-path exceptions, or max skew assignments found ;
; led[2]      ; No output delay, min/max delays, false-path exceptions, or max skew assignments found ;
; led[3]      ; No output delay, min/max delays, false-path exceptions, or max skew assignments found ;
; led[4]      ; No output delay, min/max delays, false-path exceptions, or max skew assignments found ;
; led[5]      ; No output delay, min/max delays, false-path exceptions, or max skew assignments found ;
; led[6]      ; No output delay, min/max delays, false-path exceptions, or max skew assignments found ;
; led[7]      ; No output delay, min/max delays, false-path exceptions, or max skew assignments found ;
; tx          ; No output delay, min/max delays, false-path exceptions, or max skew assignments found ;
+-------------+---------------------------------------------------------------------------------------+


+--------------------------+
; Timing Analyzer Messages ;
+--------------------------+
Info: *******************************************************************
Info: Running Quartus Prime Timing Analyzer
    Info: Version 22.1std.1 Build 917 02/14/2023 SC Lite Edition
    Info: Processing started: Sun Sep 13 19:18:01 2026
Info: Command: quartus_sta week9 -c week9
Info: qsta_default_script.tcl version: #1
Warning (18236): Number of processors has not been specified which may cause overloading on shared machines.  Set the global assignment NUM_PARALLEL_PROCESSORS in your QSF to an appropriate value for best performance.
Info (20030): Parallel compilation is enabled and will use 2 of the 2 processors detected
Info (21077): Low junction temperature is 0 degrees C
Info (21077): High junction temperature is 85 degrees C
Critical Warning (332012): Synopsys Design Constraints File file not found: 'week9.sdc'. A Synopsys Design Constraints File is required by the Timing Analyzer to get proper timing constraints. Without it, the Compiler will not properly optimize the design.
Info (332142): No user constrained base clocks found in the design. Calling "derive_clocks -period 1.0"
Info (332105): Deriving Clocks
    Info (332105): create_clock -period 1.000 -name clk clk
Info (332143): No user constrained clock uncertainty found in the design. Calling "derive_clock_uncertainty"
Info (332123): Deriving Clock Uncertainty. Please refer to report_sdc in the Timing Analyzer to see clock uncertainties.
Info: Found TIMING_ANALYZER_REPORT_SCRIPT_INCLUDE_DEFAULT_ANALYSIS = ON
Info: Analyzing Slow 1200mV 85C Model
Critical Warning (332148): Timing requirements not met
    Info (11105): For recommendations on closing timing, run Report Timing Closure Recommendations in the Timing Analyzer.
Info (332146): Worst-case setup slack is -6.996
    Info (332119):     Slack       End Point TNS Clock 
    Info (332119): ========= =================== =====================
    Info (332119):    -6.996           -3876.733 clk 
Info (332146): Worst-case hold slack is 0.321
    Info (332119):     Slack       End Point TNS Clock 
    Info (332119): ========= =================== =====================
    Info (332119):     0.321               0.000 clk 
Info (332146): Worst-case recovery slack is -0.938
    Info (332119):     Slack       End Point TNS Clock 
    Info (332119): ========= =================== =====================
    Info (332119):    -0.938             -45.116 clk 
Info (332146): Worst-case removal slack is 1.188
    Info (332119):     Slack       End Point TNS Clock 
    Info (332119): ========= =================== =====================
    Info (332119):     1.188               0.000 clk 
Info (332146): Worst-case minimum pulse width slack is -3.000
    Info (332119):     Slack       End Point TNS Clock 
    Info (332119): ========= =================== =====================
    Info (332119):    -3.000           -1073.370 clk 
Info (332114): Report Metastability: Found 1 synchronizer chains.
    Info (332114): Design MTBF is not calculated because the design doesn't meet its timing requirements.
Info: Analyzing Slow 1200mV 0C Model
Info (334003): Started post-fitting delay annotation
Info (334004): Delay annotation completed successfully
Info (332123): Deriving Clock Uncertainty. Please refer to report_sdc in the Timing Analyzer to see clock uncertainties.
Critical Warning (332148): Timing requirements not met
    Info (11105): For recommendations on closing timing, run Report Timing Closure Recommendations in the Timing Analyzer.
Info (332146): Worst-case setup slack is -6.287
    Info (332119):     Slack       End Point TNS Clock 
    Info (332119): ========= =================== =====================
    Info (332119):    -6.287           -3386.716 clk 
Info (332146): Worst-case hold slack is 0.297
    Info (332119):     Slack       End Point TNS Clock 
    Info (332119): ========= =================== =====================
    Info (332119):     0.297               0.000 clk 
Info (332146): Worst-case recovery slack is -0.757
    Info (332119):     Slack       End Point TNS Clock 
    Info (332119): ========= =================== =====================
    Info (332119):    -0.757             -35.565 clk 
Info (332146): Worst-case removal slack is 1.066
    Info (332119):     Slack       End Point TNS Clock 
    Info (332119): ========= =================== =====================
    Info (332119):     1.066               0.000 clk 
Info (332146): Worst-case minimum pulse width slack is -3.000
    Info (332119):     Slack       End Point TNS Clock 
    Info (332119): ========= =================== =====================
    Info (332119):    -3.000           -1073.310 clk 
Info (332114): Report Metastability: Found 1 synchronizer chains.
    Info (332114): Design MTBF is not calculated because the design doesn't meet its timing requirements.
Info: Analyzing Fast 1200mV 0C Model
Info (332123): Deriving Clock Uncertainty. Please refer to report_sdc in the Timing Analyzer to see clock uncertainties.
Critical Warning (332148): Timing requirements not met
    Info (11105): For recommendations on closing timing, run Report Timing Closure Recommendations in the Timing Analyzer.
Info (332146): Worst-case setup slack is -3.510
    Info (332119):     Slack       End Point TNS Clock 
    Info (332119): ========= =================== =====================
    Info (332119):    -3.510           -1803.300 clk 
Info (332146): Worst-case hold slack is 0.145
    Info (332119):     Slack       End Point TNS Clock 
    Info (332119): ========= =================== =====================
    Info (332119):     0.145               0.000 clk 
Info (332146): Worst-case recovery slack is -0.089
    Info (332119):     Slack       End Point TNS Clock 
    Info (332119): ========= =================== =====================
    Info (332119):    -0.089              -2.018 clk 
Info (332146): Worst-case removal slack is 0.675
    Info (332119):     Slack       End Point TNS Clock 
    Info (332119): ========= =================== =====================
    Info (332119):     0.675               0.000 clk 
Info (332146): Worst-case minimum pulse width slack is -3.000
    Info (332119):     Slack       End Point TNS Clock 
    Info (332119): ========= =================== =====================
    Info (332119):    -3.000           -1293.525 clk 
Info (332114): Report Metastability: Found 1 synchronizer chains.
    Info (332114): Design MTBF is not calculated because the design doesn't meet its timing requirements.
Info (332102): Design is not fully constrained for setup requirements
Info (332102): Design is not fully constrained for hold requirements
Info: Quartus Prime Timing Analyzer was successful. 0 errors, 5 warnings
    Info: Peak virtual memory: 4813 megabytes
    Info: Processing ended: Sun Sep 13 19:18:06 2026
    Info: Elapsed time: 00:00:05
    Info: Total CPU time (on all processors): 00:00:04


