Analysis & Synthesis report for week6
Fri Sep 11 01:30:40 2026
Quartus Prime Version 22.1std.1 Build 917 02/14/2023 SC Lite Edition


---------------------
; Table of Contents ;
---------------------
  1. Legal Notice
  2. Analysis & Synthesis Summary
  3. Analysis & Synthesis Settings
  4. Parallel Compilation
  5. Analysis & Synthesis Source Files Read
  6. Analysis & Synthesis Resource Usage Summary
  7. Analysis & Synthesis Resource Utilization by Entity
  8. Analysis & Synthesis RAM Summary
  9. State Machine - |soc_boot_top|picorv32:u_cpu|mem_wordsize
 10. State Machine - |soc_boot_top|picorv32:u_cpu|cpu_state
 11. State Machine - |soc_boot_top|bootloader:u_boot|hex_state
 12. State Machine - |soc_boot_top|uart:u_uart|rx_state
 13. Registers Removed During Synthesis
 14. Removed Registers Triggering Further Register Optimizations
 15. General Register Statistics
 16. Inverted Register Statistics
 17. Registers Added for RAM Pass-Through Logic
 18. Multiplexer Restructuring Statistics (Restructuring Performed)
 19. Source assignments for ram_16kb:u_ram|altsyncram:ram_byte0|altsyncram_94q3:auto_generated
 20. Source assignments for ram_16kb:u_ram|altsyncram:ram_byte1|altsyncram_a4q3:auto_generated
 21. Source assignments for ram_16kb:u_ram|altsyncram:ram_byte2|altsyncram_b4q3:auto_generated
 22. Source assignments for ram_16kb:u_ram|altsyncram:ram_byte3|altsyncram_c4q3:auto_generated
 23. Source assignments for picorv32:u_cpu|altsyncram:cpuregs_rtl_0|altsyncram_trd1:auto_generated
 24. Source assignments for picorv32:u_cpu|altsyncram:cpuregs_rtl_1|altsyncram_trd1:auto_generated
 25. Parameter Settings for User Entity Instance: uart:u_uart
 26. Parameter Settings for User Entity Instance: ram_16kb:u_ram|altsyncram:ram_byte0
 27. Parameter Settings for User Entity Instance: ram_16kb:u_ram|altsyncram:ram_byte1
 28. Parameter Settings for User Entity Instance: ram_16kb:u_ram|altsyncram:ram_byte2
 29. Parameter Settings for User Entity Instance: ram_16kb:u_ram|altsyncram:ram_byte3
 30. Parameter Settings for User Entity Instance: picorv32:u_cpu
 31. Parameter Settings for Inferred Entity Instance: picorv32:u_cpu|altsyncram:cpuregs_rtl_0
 32. Parameter Settings for Inferred Entity Instance: picorv32:u_cpu|altsyncram:cpuregs_rtl_1
 33. altsyncram Parameter Settings by Entity Instance
 34. Port Connectivity Checks: "picorv32:u_cpu"
 35. Post-Synthesis Netlist Statistics for Top Partition
 36. Elapsed Time Per Partition
 37. Analysis & Synthesis Messages
 38. Analysis & Synthesis Suppressed Messages



----------------
; Legal Notice ;
----------------
Copyright (C) 2023  Intel Corporation. All rights reserved.
Your use of Intel Corporation's design tools, logic functions 
and other software and tools, and any partner logic 
functions, and any output files from any of the foregoing 
(including device programming or simulation files), and any 
associated documentation or information are expressly subject 
to the terms and conditions of the Intel Program License 
Subscription Agreement, the Intel Quartus Prime License Agreement,
the Intel FPGA IP License Agreement, or other applicable license
agreement, including, without limitation, that your use is for
the sole purpose of programming logic devices manufactured by
Intel and sold by Intel or its authorized distributors.  Please
refer to the applicable agreement for further details, at
https://fpgasoftware.intel.com/eula.



+-------------------------------------------------------------------------------------+
; Analysis & Synthesis Summary                                                        ;
+------------------------------------+------------------------------------------------+
; Analysis & Synthesis Status        ; Successful - Fri Sep 11 01:30:40 2026          ;
; Quartus Prime Version              ; 22.1std.1 Build 917 02/14/2023 SC Lite Edition ;
; Revision Name                      ; week6                                          ;
; Top-level Entity Name              ; soc_boot_top                                   ;
; Family                             ; Cyclone IV E                                   ;
; Total logic elements               ; 1,727                                          ;
;     Total combinational functions  ; 1,585                                          ;
;     Dedicated logic registers      ; 721                                            ;
; Total registers                    ; 721                                            ;
; Total pins                         ; 16                                             ;
; Total virtual pins                 ; 0                                              ;
; Total memory bits                  ; 133,120                                        ;
; Embedded Multiplier 9-bit elements ; 0                                              ;
; Total PLLs                         ; 0                                              ;
+------------------------------------+------------------------------------------------+


+------------------------------------------------------------------------------------------------------------+
; Analysis & Synthesis Settings                                                                              ;
+------------------------------------------------------------------+--------------------+--------------------+
; Option                                                           ; Setting            ; Default Value      ;
+------------------------------------------------------------------+--------------------+--------------------+
; Device                                                           ; EP4CE22F17C6       ;                    ;
; Top-level entity name                                            ; soc_boot_top       ; week6              ;
; Family name                                                      ; Cyclone IV E       ; Cyclone V          ;
; VHDL Show LMF Mapping Messages                                   ; Off                ;                    ;
; VHDL Version                                                     ; VHDL_2008          ; VHDL_1993          ;
; Use smart compilation                                            ; Off                ; Off                ;
; Enable parallel Assembler and Timing Analyzer during compilation ; On                 ; On                 ;
; Enable compact report table                                      ; Off                ; Off                ;
; Restructure Multiplexers                                         ; Auto               ; Auto               ;
; Create Debugging Nodes for IP Cores                              ; Off                ; Off                ;
; Preserve fewer node names                                        ; On                 ; On                 ;
; Intel FPGA IP Evaluation Mode                                    ; Enable             ; Enable             ;
; Verilog Version                                                  ; Verilog_2001       ; Verilog_2001       ;
; State Machine Processing                                         ; Auto               ; Auto               ;
; Safe State Machine                                               ; Off                ; Off                ;
; Extract Verilog State Machines                                   ; On                 ; On                 ;
; Extract VHDL State Machines                                      ; On                 ; On                 ;
; Ignore Verilog initial constructs                                ; Off                ; Off                ;
; Iteration limit for constant Verilog loops                       ; 5000               ; 5000               ;
; Iteration limit for non-constant Verilog loops                   ; 250                ; 250                ;
; Add Pass-Through Logic to Inferred RAMs                          ; On                 ; On                 ;
; Infer RAMs from Raw Logic                                        ; On                 ; On                 ;
; Parallel Synthesis                                               ; On                 ; On                 ;
; DSP Block Balancing                                              ; Auto               ; Auto               ;
; NOT Gate Push-Back                                               ; On                 ; On                 ;
; Power-Up Don't Care                                              ; On                 ; On                 ;
; Remove Redundant Logic Cells                                     ; Off                ; Off                ;
; Remove Duplicate Registers                                       ; On                 ; On                 ;
; Ignore CARRY Buffers                                             ; Off                ; Off                ;
; Ignore CASCADE Buffers                                           ; Off                ; Off                ;
; Ignore GLOBAL Buffers                                            ; Off                ; Off                ;
; Ignore ROW GLOBAL Buffers                                        ; Off                ; Off                ;
; Ignore LCELL Buffers                                             ; Off                ; Off                ;
; Ignore SOFT Buffers                                              ; On                 ; On                 ;
; Limit AHDL Integers to 32 Bits                                   ; Off                ; Off                ;
; Optimization Technique                                           ; Balanced           ; Balanced           ;
; Carry Chain Length                                               ; 70                 ; 70                 ;
; Auto Carry Chains                                                ; On                 ; On                 ;
; Auto Open-Drain Pins                                             ; On                 ; On                 ;
; Perform WYSIWYG Primitive Resynthesis                            ; Off                ; Off                ;
; Auto ROM Replacement                                             ; On                 ; On                 ;
; Auto RAM Replacement                                             ; On                 ; On                 ;
; Auto DSP Block Replacement                                       ; On                 ; On                 ;
; Auto Shift Register Replacement                                  ; Auto               ; Auto               ;
; Allow Shift Register Merging across Hierarchies                  ; Auto               ; Auto               ;
; Auto Clock Enable Replacement                                    ; On                 ; On                 ;
; Strict RAM Replacement                                           ; Off                ; Off                ;
; Allow Synchronous Control Signals                                ; On                 ; On                 ;
; Force Use of Synchronous Clear Signals                           ; Off                ; Off                ;
; Auto RAM Block Balancing                                         ; On                 ; On                 ;
; Auto RAM to Logic Cell Conversion                                ; Off                ; Off                ;
; Auto Resource Sharing                                            ; Off                ; Off                ;
; Allow Any RAM Size For Recognition                               ; Off                ; Off                ;
; Allow Any ROM Size For Recognition                               ; Off                ; Off                ;
; Allow Any Shift Register Size For Recognition                    ; Off                ; Off                ;
; Use LogicLock Constraints during Resource Balancing              ; On                 ; On                 ;
; Ignore translate_off and synthesis_off directives                ; Off                ; Off                ;
; Timing-Driven Synthesis                                          ; On                 ; On                 ;
; Report Parameter Settings                                        ; On                 ; On                 ;
; Report Source Assignments                                        ; On                 ; On                 ;
; Report Connectivity Checks                                       ; On                 ; On                 ;
; Ignore Maximum Fan-Out Assignments                               ; Off                ; Off                ;
; Synchronization Register Chain Length                            ; 2                  ; 2                  ;
; Power Optimization During Synthesis                              ; Normal compilation ; Normal compilation ;
; HDL message level                                                ; Level2             ; Level2             ;
; Suppress Register Optimization Related Messages                  ; Off                ; Off                ;
; Number of Removed Registers Reported in Synthesis Report         ; 5000               ; 5000               ;
; Number of Swept Nodes Reported in Synthesis Report               ; 5000               ; 5000               ;
; Number of Inverted Registers Reported in Synthesis Report        ; 100                ; 100                ;
; Clock MUX Protection                                             ; On                 ; On                 ;
; Auto Gated Clock Conversion                                      ; Off                ; Off                ;
; Block Design Naming                                              ; Auto               ; Auto               ;
; SDC constraint protection                                        ; Off                ; Off                ;
; Synthesis Effort                                                 ; Auto               ; Auto               ;
; Shift Register Replacement - Allow Asynchronous Clear Signal     ; On                 ; On                 ;
; Pre-Mapping Resynthesis Optimization                             ; Off                ; Off                ;
; Analysis & Synthesis Message Level                               ; Medium             ; Medium             ;
; Disable Register Merging Across Hierarchies                      ; Auto               ; Auto               ;
; Resource Aware Inference For Block RAM                           ; On                 ; On                 ;
+------------------------------------------------------------------+--------------------+--------------------+


+------------------------------------------+
; Parallel Compilation                     ;
+----------------------------+-------------+
; Processors                 ; Number      ;
+----------------------------+-------------+
; Number detected on machine ; 4           ;
; Maximum allowed            ; 2           ;
;                            ;             ;
; Average used               ; 1.00        ;
; Maximum used               ; 2           ;
;                            ;             ;
; Usage by Processor         ; % Time Used ;
;     Processor 1            ; 100.0%      ;
;     Processor 2            ;   0.1%      ;
+----------------------------+-------------+


+-----------------------------------------------------------------------------------------------------------------------------------------------------------------------------------+
; Analysis & Synthesis Source Files Read                                                                                                                                            ;
+----------------------------------+-----------------+----------------------------------+---------------------------------------------------------------------------------+---------+
; File Name with User-Entered Path ; Used in Netlist ; File Type                        ; File Name with Absolute Path                                                    ; Library ;
+----------------------------------+-----------------+----------------------------------+---------------------------------------------------------------------------------+---------+
; ../week3/uart.vhd                ; yes             ; User VHDL File                   ; C:/DE0-RISC-V-MCU/hw/week3/uart.vhd                                             ;         ;
; picorv32.v                       ; yes             ; User Verilog HDL File            ; C:/DE0-RISC-V-MCU/hw/week6/picorv32.v                                           ;         ;
; ram_16kb.vhd                     ; yes             ; User VHDL File                   ; C:/DE0-RISC-V-MCU/hw/week6/ram_16kb.vhd                                         ;         ;
; bootloader.vhd                   ; yes             ; User VHDL File                   ; C:/DE0-RISC-V-MCU/hw/week6/bootloader.vhd                                       ;         ;
; soc_boot_top.vhd                 ; yes             ; User VHDL File                   ; C:/DE0-RISC-V-MCU/hw/week6/soc_boot_top.vhd                                     ;         ;
; ram_byte0.mif                    ; yes             ; User Memory Initialization File  ; C:/DE0-RISC-V-MCU/hw/week6/ram_byte0.mif                                        ;         ;
; ram_byte1.mif                    ; yes             ; User Memory Initialization File  ; C:/DE0-RISC-V-MCU/hw/week6/ram_byte1.mif                                        ;         ;
; ram_byte2.mif                    ; yes             ; User Memory Initialization File  ; C:/DE0-RISC-V-MCU/hw/week6/ram_byte2.mif                                        ;         ;
; ram_byte3.mif                    ; yes             ; User Memory Initialization File  ; C:/DE0-RISC-V-MCU/hw/week6/ram_byte3.mif                                        ;         ;
; altsyncram.tdf                   ; yes             ; Megafunction                     ; e:/intelfpga_lite/22.1std/quartus/libraries/megafunctions/altsyncram.tdf        ;         ;
; stratix_ram_block.inc            ; yes             ; Megafunction                     ; e:/intelfpga_lite/22.1std/quartus/libraries/megafunctions/stratix_ram_block.inc ;         ;
; lpm_mux.inc                      ; yes             ; Megafunction                     ; e:/intelfpga_lite/22.1std/quartus/libraries/megafunctions/lpm_mux.inc           ;         ;
; lpm_decode.inc                   ; yes             ; Megafunction                     ; e:/intelfpga_lite/22.1std/quartus/libraries/megafunctions/lpm_decode.inc        ;         ;
; aglobal221.inc                   ; yes             ; Megafunction                     ; e:/intelfpga_lite/22.1std/quartus/libraries/megafunctions/aglobal221.inc        ;         ;
; a_rdenreg.inc                    ; yes             ; Megafunction                     ; e:/intelfpga_lite/22.1std/quartus/libraries/megafunctions/a_rdenreg.inc         ;         ;
; altrom.inc                       ; yes             ; Megafunction                     ; e:/intelfpga_lite/22.1std/quartus/libraries/megafunctions/altrom.inc            ;         ;
; altram.inc                       ; yes             ; Megafunction                     ; e:/intelfpga_lite/22.1std/quartus/libraries/megafunctions/altram.inc            ;         ;
; altdpram.inc                     ; yes             ; Megafunction                     ; e:/intelfpga_lite/22.1std/quartus/libraries/megafunctions/altdpram.inc          ;         ;
; db/altsyncram_94q3.tdf           ; yes             ; Auto-Generated Megafunction      ; C:/DE0-RISC-V-MCU/hw/week6/db/altsyncram_94q3.tdf                               ;         ;
; db/altsyncram_a4q3.tdf           ; yes             ; Auto-Generated Megafunction      ; C:/DE0-RISC-V-MCU/hw/week6/db/altsyncram_a4q3.tdf                               ;         ;
; db/altsyncram_b4q3.tdf           ; yes             ; Auto-Generated Megafunction      ; C:/DE0-RISC-V-MCU/hw/week6/db/altsyncram_b4q3.tdf                               ;         ;
; db/altsyncram_c4q3.tdf           ; yes             ; Auto-Generated Megafunction      ; C:/DE0-RISC-V-MCU/hw/week6/db/altsyncram_c4q3.tdf                               ;         ;
; db/altsyncram_trd1.tdf           ; yes             ; Auto-Generated Megafunction      ; C:/DE0-RISC-V-MCU/hw/week6/db/altsyncram_trd1.tdf                               ;         ;
+----------------------------------+-----------------+----------------------------------+---------------------------------------------------------------------------------+---------+


+---------------------------------------------------------+
; Analysis & Synthesis Resource Usage Summary             ;
+---------------------------------------------+-----------+
; Resource                                    ; Usage     ;
+---------------------------------------------+-----------+
; Estimated Total logic elements              ; 1,727     ;
;                                             ;           ;
; Total combinational functions               ; 1585      ;
; Logic element usage by number of LUT inputs ;           ;
;     -- 4 input functions                    ; 838       ;
;     -- 3 input functions                    ; 491       ;
;     -- <=2 input functions                  ; 256       ;
;                                             ;           ;
; Logic elements by mode                      ;           ;
;     -- normal mode                          ; 1315      ;
;     -- arithmetic mode                      ; 270       ;
;                                             ;           ;
; Total registers                             ; 721       ;
;     -- Dedicated logic registers            ; 721       ;
;     -- I/O registers                        ; 0         ;
;                                             ;           ;
; I/O pins                                    ; 16        ;
; Total memory bits                           ; 133120    ;
;                                             ;           ;
; Embedded Multiplier 9-bit elements          ; 0         ;
;                                             ;           ;
; Maximum fan-out node                        ; clk~input ;
; Maximum fan-out                             ; 817       ;
; Total fan-out                               ; 9009      ;
; Average fan-out                             ; 3.70      ;
+---------------------------------------------+-----------+


+----------------------------------------------------------------------------------------------------------------------------------------------------------------------------------------------------------------------------------------------------------------------------------------------+
; Analysis & Synthesis Resource Utilization by Entity                                                                                                                                                                                                                                          ;
+-------------------------------------------+---------------------+---------------------------+-------------+--------------+---------+-----------+------+--------------+--------------------------------------------------------------------------------------+-----------------+--------------+
; Compilation Hierarchy Node                ; Combinational ALUTs ; Dedicated Logic Registers ; Memory Bits ; DSP Elements ; DSP 9x9 ; DSP 18x18 ; Pins ; Virtual Pins ; Full Hierarchy Name                                                                  ; Entity Name     ; Library Name ;
+-------------------------------------------+---------------------+---------------------------+-------------+--------------+---------+-----------+------+--------------+--------------------------------------------------------------------------------------+-----------------+--------------+
; |soc_boot_top                             ; 1585 (104)          ; 721 (15)                  ; 133120      ; 0            ; 0       ; 0         ; 16   ; 0            ; |soc_boot_top                                                                        ; soc_boot_top    ; work         ;
;    |bootloader:u_boot|                    ; 177 (177)           ; 132 (132)                 ; 0           ; 0            ; 0       ; 0         ; 0    ; 0            ; |soc_boot_top|bootloader:u_boot                                                      ; bootloader      ; work         ;
;    |picorv32:u_cpu|                       ; 1223 (1223)         ; 515 (515)                 ; 2048        ; 0            ; 0       ; 0         ; 0    ; 0            ; |soc_boot_top|picorv32:u_cpu                                                         ; picorv32        ; work         ;
;       |altsyncram:cpuregs_rtl_0|          ; 0 (0)               ; 0 (0)                     ; 1024        ; 0            ; 0       ; 0         ; 0    ; 0            ; |soc_boot_top|picorv32:u_cpu|altsyncram:cpuregs_rtl_0                                ; altsyncram      ; work         ;
;          |altsyncram_trd1:auto_generated| ; 0 (0)               ; 0 (0)                     ; 1024        ; 0            ; 0       ; 0         ; 0    ; 0            ; |soc_boot_top|picorv32:u_cpu|altsyncram:cpuregs_rtl_0|altsyncram_trd1:auto_generated ; altsyncram_trd1 ; work         ;
;       |altsyncram:cpuregs_rtl_1|          ; 0 (0)               ; 0 (0)                     ; 1024        ; 0            ; 0       ; 0         ; 0    ; 0            ; |soc_boot_top|picorv32:u_cpu|altsyncram:cpuregs_rtl_1                                ; altsyncram      ; work         ;
;          |altsyncram_trd1:auto_generated| ; 0 (0)               ; 0 (0)                     ; 1024        ; 0            ; 0       ; 0         ; 0    ; 0            ; |soc_boot_top|picorv32:u_cpu|altsyncram:cpuregs_rtl_1|altsyncram_trd1:auto_generated ; altsyncram_trd1 ; work         ;
;    |ram_16kb:u_ram|                       ; 4 (4)               ; 0 (0)                     ; 131072      ; 0            ; 0       ; 0         ; 0    ; 0            ; |soc_boot_top|ram_16kb:u_ram                                                         ; ram_16kb        ; work         ;
;       |altsyncram:ram_byte0|              ; 0 (0)               ; 0 (0)                     ; 32768       ; 0            ; 0       ; 0         ; 0    ; 0            ; |soc_boot_top|ram_16kb:u_ram|altsyncram:ram_byte0                                    ; altsyncram      ; work         ;
;          |altsyncram_94q3:auto_generated| ; 0 (0)               ; 0 (0)                     ; 32768       ; 0            ; 0       ; 0         ; 0    ; 0            ; |soc_boot_top|ram_16kb:u_ram|altsyncram:ram_byte0|altsyncram_94q3:auto_generated     ; altsyncram_94q3 ; work         ;
;       |altsyncram:ram_byte1|              ; 0 (0)               ; 0 (0)                     ; 32768       ; 0            ; 0       ; 0         ; 0    ; 0            ; |soc_boot_top|ram_16kb:u_ram|altsyncram:ram_byte1                                    ; altsyncram      ; work         ;
;          |altsyncram_a4q3:auto_generated| ; 0 (0)               ; 0 (0)                     ; 32768       ; 0            ; 0       ; 0         ; 0    ; 0            ; |soc_boot_top|ram_16kb:u_ram|altsyncram:ram_byte1|altsyncram_a4q3:auto_generated     ; altsyncram_a4q3 ; work         ;
;       |altsyncram:ram_byte2|              ; 0 (0)               ; 0 (0)                     ; 32768       ; 0            ; 0       ; 0         ; 0    ; 0            ; |soc_boot_top|ram_16kb:u_ram|altsyncram:ram_byte2                                    ; altsyncram      ; work         ;
;          |altsyncram_b4q3:auto_generated| ; 0 (0)               ; 0 (0)                     ; 32768       ; 0            ; 0       ; 0         ; 0    ; 0            ; |soc_boot_top|ram_16kb:u_ram|altsyncram:ram_byte2|altsyncram_b4q3:auto_generated     ; altsyncram_b4q3 ; work         ;
;       |altsyncram:ram_byte3|              ; 0 (0)               ; 0 (0)                     ; 32768       ; 0            ; 0       ; 0         ; 0    ; 0            ; |soc_boot_top|ram_16kb:u_ram|altsyncram:ram_byte3                                    ; altsyncram      ; work         ;
;          |altsyncram_c4q3:auto_generated| ; 0 (0)               ; 0 (0)                     ; 32768       ; 0            ; 0       ; 0         ; 0    ; 0            ; |soc_boot_top|ram_16kb:u_ram|altsyncram:ram_byte3|altsyncram_c4q3:auto_generated     ; altsyncram_c4q3 ; work         ;
;    |uart:u_uart|                          ; 77 (77)             ; 59 (59)                   ; 0           ; 0            ; 0       ; 0         ; 0    ; 0            ; |soc_boot_top|uart:u_uart                                                            ; uart            ; work         ;
+-------------------------------------------+---------------------+---------------------------+-------------+--------------+---------+-----------+------+--------------+--------------------------------------------------------------------------------------+-----------------+--------------+
Note: For table entries with two numbers listed, the numbers in parentheses indicate the number of resources of the given type used by the specific entity alone. The numbers listed outside of parentheses indicate the total resources of the given type used by the specific entity and all of its sub-entities in the hierarchy.


+-------------------------------------------------------------------------------------------------------------------------------------------------------------------------------------------------+
; Analysis & Synthesis RAM Summary                                                                                                                                                                ;
+-----------------------------------------------------------------------------------+------+------------------+--------------+--------------+--------------+--------------+-------+---------------+
; Name                                                                              ; Type ; Mode             ; Port A Depth ; Port A Width ; Port B Depth ; Port B Width ; Size  ; MIF           ;
+-----------------------------------------------------------------------------------+------+------------------+--------------+--------------+--------------+--------------+-------+---------------+
; picorv32:u_cpu|altsyncram:cpuregs_rtl_0|altsyncram_trd1:auto_generated|ALTSYNCRAM ; AUTO ; Simple Dual Port ; 32           ; 32           ; 32           ; 32           ; 1024  ; None          ;
; picorv32:u_cpu|altsyncram:cpuregs_rtl_1|altsyncram_trd1:auto_generated|ALTSYNCRAM ; AUTO ; Simple Dual Port ; 32           ; 32           ; 32           ; 32           ; 1024  ; None          ;
; ram_16kb:u_ram|altsyncram:ram_byte0|altsyncram_94q3:auto_generated|ALTSYNCRAM     ; AUTO ; Single Port      ; 4096         ; 8            ; --           ; --           ; 32768 ; ram_byte0.mif ;
; ram_16kb:u_ram|altsyncram:ram_byte1|altsyncram_a4q3:auto_generated|ALTSYNCRAM     ; AUTO ; Single Port      ; 4096         ; 8            ; --           ; --           ; 32768 ; ram_byte1.mif ;
; ram_16kb:u_ram|altsyncram:ram_byte2|altsyncram_b4q3:auto_generated|ALTSYNCRAM     ; AUTO ; Single Port      ; 4096         ; 8            ; --           ; --           ; 32768 ; ram_byte2.mif ;
; ram_16kb:u_ram|altsyncram:ram_byte3|altsyncram_c4q3:auto_generated|ALTSYNCRAM     ; AUTO ; Single Port      ; 4096         ; 8            ; --           ; --           ; 32768 ; ram_byte3.mif ;
+-----------------------------------------------------------------------------------+------+------------------+--------------+--------------+--------------+--------------+-------+---------------+


Encoding Type:  One-Hot
+-----------------------------------------------------------------------+
; State Machine - |soc_boot_top|picorv32:u_cpu|mem_wordsize             ;
+-----------------+-----------------+-----------------+-----------------+
; Name            ; mem_wordsize.00 ; mem_wordsize.10 ; mem_wordsize.01 ;
+-----------------+-----------------+-----------------+-----------------+
; mem_wordsize.00 ; 0               ; 0               ; 0               ;
; mem_wordsize.01 ; 1               ; 0               ; 1               ;
; mem_wordsize.10 ; 1               ; 1               ; 0               ;
+-----------------+-----------------+-----------------+-----------------+


Encoding Type:  One-Hot
+------------------------------------------------------------------------------------------------------------------------------------------------------------------------------------------------------------------------------------------------------------+
; State Machine - |soc_boot_top|picorv32:u_cpu|cpu_state                                                                                                                                                                                                     ;
+----------------------------+--------------------------+---------------------------+----------------------------+----------------------------+--------------------------+---------------------------+---------------------------+---------------------------+
; Name                       ; cpu_state.cpu_state_trap ; cpu_state.cpu_state_fetch ; cpu_state.cpu_state_ld_rs1 ; cpu_state.cpu_state_ld_rs2 ; cpu_state.cpu_state_exec ; cpu_state.cpu_state_shift ; cpu_state.cpu_state_stmem ; cpu_state.cpu_state_ldmem ;
+----------------------------+--------------------------+---------------------------+----------------------------+----------------------------+--------------------------+---------------------------+---------------------------+---------------------------+
; cpu_state.cpu_state_trap   ; 0                        ; 0                         ; 0                          ; 0                          ; 0                        ; 0                         ; 0                         ; 0                         ;
; cpu_state.cpu_state_stmem  ; 1                        ; 0                         ; 0                          ; 0                          ; 0                        ; 0                         ; 1                         ; 0                         ;
; cpu_state.cpu_state_shift  ; 1                        ; 0                         ; 0                          ; 0                          ; 0                        ; 1                         ; 0                         ; 0                         ;
; cpu_state.cpu_state_exec   ; 1                        ; 0                         ; 0                          ; 0                          ; 1                        ; 0                         ; 0                         ; 0                         ;
; cpu_state.cpu_state_ld_rs2 ; 1                        ; 0                         ; 0                          ; 1                          ; 0                        ; 0                         ; 0                         ; 0                         ;
; cpu_state.cpu_state_ld_rs1 ; 1                        ; 0                         ; 1                          ; 0                          ; 0                        ; 0                         ; 0                         ; 0                         ;
; cpu_state.cpu_state_fetch  ; 1                        ; 1                         ; 0                          ; 0                          ; 0                        ; 0                         ; 0                         ; 0                         ;
; cpu_state.cpu_state_ldmem  ; 1                        ; 0                         ; 0                          ; 0                          ; 0                        ; 0                         ; 0                         ; 1                         ;
+----------------------------+--------------------------+---------------------------+----------------------------+----------------------------+--------------------------+---------------------------+---------------------------+---------------------------+


Encoding Type:  One-Hot
+----------------------------------------------------------------------------------------------------------------------------------------------------------------------------------------------------------------------------------------------------------------------------------------------------------------------------------------------+
; State Machine - |soc_boot_top|bootloader:u_boot|hex_state                                                                                                                                                                                                                                                                                    ;
+--------------------------+----------------------+--------------------+--------------------------+---------------------+-----------------------+-----------------------+----------------------+----------------------+----------------------+----------------------+-------------------------+-------------------------+----------------------+
; Name                     ; hex_state.FLUSH_LINE ; hex_state.SEND_ACK ; hex_state.PROCESS_RECORD ; hex_state.READ_DATA ; hex_state.READ_TYPE_L ; hex_state.READ_TYPE_H ; hex_state.READ_ADDR0 ; hex_state.READ_ADDR1 ; hex_state.READ_ADDR2 ; hex_state.READ_ADDR3 ; hex_state.READ_LENGTH_L ; hex_state.READ_LENGTH_H ; hex_state.WAIT_COLON ;
+--------------------------+----------------------+--------------------+--------------------------+---------------------+-----------------------+-----------------------+----------------------+----------------------+----------------------+----------------------+-------------------------+-------------------------+----------------------+
; hex_state.WAIT_COLON     ; 0                    ; 0                  ; 0                        ; 0                   ; 0                     ; 0                     ; 0                    ; 0                    ; 0                    ; 0                    ; 0                       ; 0                       ; 0                    ;
; hex_state.READ_LENGTH_H  ; 0                    ; 0                  ; 0                        ; 0                   ; 0                     ; 0                     ; 0                    ; 0                    ; 0                    ; 0                    ; 0                       ; 1                       ; 1                    ;
; hex_state.READ_LENGTH_L  ; 0                    ; 0                  ; 0                        ; 0                   ; 0                     ; 0                     ; 0                    ; 0                    ; 0                    ; 0                    ; 1                       ; 0                       ; 1                    ;
; hex_state.READ_ADDR3     ; 0                    ; 0                  ; 0                        ; 0                   ; 0                     ; 0                     ; 0                    ; 0                    ; 0                    ; 1                    ; 0                       ; 0                       ; 1                    ;
; hex_state.READ_ADDR2     ; 0                    ; 0                  ; 0                        ; 0                   ; 0                     ; 0                     ; 0                    ; 0                    ; 1                    ; 0                    ; 0                       ; 0                       ; 1                    ;
; hex_state.READ_ADDR1     ; 0                    ; 0                  ; 0                        ; 0                   ; 0                     ; 0                     ; 0                    ; 1                    ; 0                    ; 0                    ; 0                       ; 0                       ; 1                    ;
; hex_state.READ_ADDR0     ; 0                    ; 0                  ; 0                        ; 0                   ; 0                     ; 0                     ; 1                    ; 0                    ; 0                    ; 0                    ; 0                       ; 0                       ; 1                    ;
; hex_state.READ_TYPE_H    ; 0                    ; 0                  ; 0                        ; 0                   ; 0                     ; 1                     ; 0                    ; 0                    ; 0                    ; 0                    ; 0                       ; 0                       ; 1                    ;
; hex_state.READ_TYPE_L    ; 0                    ; 0                  ; 0                        ; 0                   ; 1                     ; 0                     ; 0                    ; 0                    ; 0                    ; 0                    ; 0                       ; 0                       ; 1                    ;
; hex_state.READ_DATA      ; 0                    ; 0                  ; 0                        ; 1                   ; 0                     ; 0                     ; 0                    ; 0                    ; 0                    ; 0                    ; 0                       ; 0                       ; 1                    ;
; hex_state.PROCESS_RECORD ; 0                    ; 0                  ; 1                        ; 0                   ; 0                     ; 0                     ; 0                    ; 0                    ; 0                    ; 0                    ; 0                       ; 0                       ; 1                    ;
; hex_state.SEND_ACK       ; 0                    ; 1                  ; 0                        ; 0                   ; 0                     ; 0                     ; 0                    ; 0                    ; 0                    ; 0                    ; 0                       ; 0                       ; 1                    ;
; hex_state.FLUSH_LINE     ; 1                    ; 0                  ; 0                        ; 0                   ; 0                     ; 0                     ; 0                    ; 0                    ; 0                    ; 0                    ; 0                       ; 0                       ; 1                    ;
+--------------------------+----------------------+--------------------+--------------------------+---------------------+-----------------------+-----------------------+----------------------+----------------------+----------------------+----------------------+-------------------------+-------------------------+----------------------+


Encoding Type:  One-Hot
+-----------------------------------------------------------------------------------------------+
; State Machine - |soc_boot_top|uart:u_uart|rx_state                                            ;
+--------------------+-------------------+-----------------+--------------------+---------------+
; Name               ; rx_state.STOP_BIT ; rx_state.R_DATA ; rx_state.WAIT_HALF ; rx_state.IDLE ;
+--------------------+-------------------+-----------------+--------------------+---------------+
; rx_state.IDLE      ; 0                 ; 0               ; 0                  ; 0             ;
; rx_state.WAIT_HALF ; 0                 ; 0               ; 1                  ; 1             ;
; rx_state.R_DATA    ; 0                 ; 1               ; 0                  ; 1             ;
; rx_state.STOP_BIT  ; 1                 ; 0               ; 0                  ; 1             ;
+--------------------+-------------------+-----------------+--------------------+---------------+


+------------------------------------------------------------------------------------------+
; Registers Removed During Synthesis                                                       ;
+-------------------------------------------+----------------------------------------------+
; Register name                             ; Reason for Removal                           ;
+-------------------------------------------+----------------------------------------------+
; picorv32:u_cpu|instr_retirq               ; Stuck at GND due to stuck port data_in       ;
; picorv32:u_cpu|decoded_imm_j[0]           ; Stuck at GND due to stuck port data_in       ;
; picorv32:u_cpu|compressed_instr           ; Stuck at GND due to stuck port data_in       ;
; picorv32:u_cpu|do_waitirq                 ; Stuck at GND due to stuck port data_in       ;
; picorv32:u_cpu|reg_pc[0,1]                ; Stuck at GND due to stuck port data_in       ;
; picorv32:u_cpu|reg_next_pc[0,1]           ; Stuck at GND due to stuck port data_in       ;
; picorv32:u_cpu|mem_addr[0,1]              ; Stuck at GND due to stuck port data_in       ;
; picorv32:u_cpu|latched_compr              ; Stuck at GND due to stuck port data_in       ;
; picorv32:u_cpu|decoded_imm_j[20..30]      ; Merged with picorv32:u_cpu|decoded_imm_j[31] ;
; picorv32:u_cpu|decoded_rs1[4]             ; Merged with picorv32:u_cpu|decoded_imm_j[19] ;
; picorv32:u_cpu|decoded_rs1[3]             ; Merged with picorv32:u_cpu|decoded_imm_j[18] ;
; picorv32:u_cpu|decoded_rs1[2]             ; Merged with picorv32:u_cpu|decoded_imm_j[17] ;
; picorv32:u_cpu|decoded_rs1[1]             ; Merged with picorv32:u_cpu|decoded_imm_j[16] ;
; picorv32:u_cpu|decoded_rs1[0]             ; Merged with picorv32:u_cpu|decoded_imm_j[15] ;
; picorv32:u_cpu|decoded_rs2[0]             ; Merged with picorv32:u_cpu|decoded_imm_j[11] ;
; picorv32:u_cpu|decoded_rs2[4]             ; Merged with picorv32:u_cpu|decoded_imm_j[4]  ;
; picorv32:u_cpu|decoded_rs2[3]             ; Merged with picorv32:u_cpu|decoded_imm_j[3]  ;
; picorv32:u_cpu|decoded_rs2[2]             ; Merged with picorv32:u_cpu|decoded_imm_j[2]  ;
; picorv32:u_cpu|decoded_rs2[1]             ; Merged with picorv32:u_cpu|decoded_imm_j[1]  ;
; bootloader:u_boot|tx_data[5]              ; Merged with bootloader:u_boot|tx_data[7]     ;
; bootloader:u_boot|tx_data[2]              ; Merged with bootloader:u_boot|tx_data[6]     ;
; bootloader:u_boot|tx_data[0,1]            ; Merged with bootloader:u_boot|tx_data[3]     ;
; bootloader:u_boot|ack_sent                ; Merged with bootloader:u_boot|tx_data[3]     ;
; bootloader:u_boot|tx_data[4]              ; Merged with bootloader:u_boot|tx_data[7]     ;
; bootloader:u_boot|tx_data[3]              ; Merged with bootloader:u_boot|tx_data[6]     ;
; bootloader:u_boot|tx_data[7]              ; Stuck at GND due to stuck port data_in       ;
; picorv32:u_cpu|instr_srli                 ; Lost fanout                                  ;
; picorv32:u_cpu|instr_srl                  ; Lost fanout                                  ;
; uart:u_uart|tx_reg[9]                     ; Stuck at VCC due to stuck port data_in       ;
; picorv32:u_cpu|latched_is_lu              ; Lost fanout                                  ;
; picorv32:u_cpu|is_lbu_lhu_lw              ; Lost fanout                                  ;
; picorv32:u_cpu|cpu_state.cpu_state_ld_rs2 ; Lost fanout                                  ;
; bootloader:u_boot|address[14,15]          ; Lost fanout                                  ;
; Total Number of Removed Registers = 48    ;                                              ;
+-------------------------------------------+----------------------------------------------+


+------------------------------------------------------------------------------------------------------+
; Removed Registers Triggering Further Register Optimizations                                          ;
+---------------------------------+---------------------------+----------------------------------------+
; Register name                   ; Reason for Removal        ; Registers Removed due to This Register ;
+---------------------------------+---------------------------+----------------------------------------+
; picorv32:u_cpu|compressed_instr ; Stuck at GND              ; picorv32:u_cpu|latched_compr           ;
;                                 ; due to stuck port data_in ;                                        ;
; picorv32:u_cpu|latched_is_lu    ; Lost Fanouts              ; picorv32:u_cpu|is_lbu_lhu_lw           ;
; bootloader:u_boot|address[15]   ; Lost Fanouts              ; bootloader:u_boot|address[14]          ;
+---------------------------------+---------------------------+----------------------------------------+


+------------------------------------------------------+
; General Register Statistics                          ;
+----------------------------------------------+-------+
; Statistic                                    ; Value ;
+----------------------------------------------+-------+
; Total registers                              ; 721   ;
; Number of registers using Synchronous Clear  ; 117   ;
; Number of registers using Synchronous Load   ; 106   ;
; Number of registers using Asynchronous Clear ; 56    ;
; Number of registers using Asynchronous Load  ; 0     ;
; Number of registers using Clock Enable       ; 474   ;
; Number of registers using Preset             ; 0     ;
+----------------------------------------------+-------+


+---------------------------------------------------+
; Inverted Register Statistics                      ;
+-----------------------------------------+---------+
; Inverted Register                       ; Fan out ;
+-----------------------------------------+---------+
; uart:u_uart|tx_reg[0]                   ; 1       ;
; uart:u_uart|tx_reg[1]                   ; 1       ;
; uart:u_uart|tx_reg[2]                   ; 1       ;
; uart:u_uart|tx_reg[3]                   ; 1       ;
; uart:u_uart|rx_sync[2]                  ; 5       ;
; uart:u_uart|tx_reg[4]                   ; 1       ;
; uart:u_uart|rx_sync[1]                  ; 1       ;
; uart:u_uart|tx_reg[5]                   ; 1       ;
; uart:u_uart|rx_sync[0]                  ; 1       ;
; uart:u_uart|tx_reg[6]                   ; 1       ;
; uart:u_uart|tx_reg[7]                   ; 1       ;
; uart:u_uart|tx_reg[8]                   ; 1       ;
; Total number of inverted registers = 12 ;         ;
+-----------------------------------------+---------+


+------------------------------------------------------------------------+
; Registers Added for RAM Pass-Through Logic                             ;
+-----------------------------------------+------------------------------+
; Register Name                           ; RAM Name                     ;
+-----------------------------------------+------------------------------+
; picorv32:u_cpu|cpuregs_rtl_0_bypass[0]  ; picorv32:u_cpu|cpuregs_rtl_0 ;
; picorv32:u_cpu|cpuregs_rtl_0_bypass[1]  ; picorv32:u_cpu|cpuregs_rtl_0 ;
; picorv32:u_cpu|cpuregs_rtl_0_bypass[2]  ; picorv32:u_cpu|cpuregs_rtl_0 ;
; picorv32:u_cpu|cpuregs_rtl_0_bypass[3]  ; picorv32:u_cpu|cpuregs_rtl_0 ;
; picorv32:u_cpu|cpuregs_rtl_0_bypass[4]  ; picorv32:u_cpu|cpuregs_rtl_0 ;
; picorv32:u_cpu|cpuregs_rtl_0_bypass[5]  ; picorv32:u_cpu|cpuregs_rtl_0 ;
; picorv32:u_cpu|cpuregs_rtl_0_bypass[6]  ; picorv32:u_cpu|cpuregs_rtl_0 ;
; picorv32:u_cpu|cpuregs_rtl_0_bypass[7]  ; picorv32:u_cpu|cpuregs_rtl_0 ;
; picorv32:u_cpu|cpuregs_rtl_0_bypass[8]  ; picorv32:u_cpu|cpuregs_rtl_0 ;
; picorv32:u_cpu|cpuregs_rtl_0_bypass[9]  ; picorv32:u_cpu|cpuregs_rtl_0 ;
; picorv32:u_cpu|cpuregs_rtl_0_bypass[10] ; picorv32:u_cpu|cpuregs_rtl_0 ;
; picorv32:u_cpu|cpuregs_rtl_0_bypass[11] ; picorv32:u_cpu|cpuregs_rtl_0 ;
; picorv32:u_cpu|cpuregs_rtl_0_bypass[12] ; picorv32:u_cpu|cpuregs_rtl_0 ;
; picorv32:u_cpu|cpuregs_rtl_0_bypass[13] ; picorv32:u_cpu|cpuregs_rtl_0 ;
; picorv32:u_cpu|cpuregs_rtl_0_bypass[14] ; picorv32:u_cpu|cpuregs_rtl_0 ;
; picorv32:u_cpu|cpuregs_rtl_0_bypass[15] ; picorv32:u_cpu|cpuregs_rtl_0 ;
; picorv32:u_cpu|cpuregs_rtl_0_bypass[16] ; picorv32:u_cpu|cpuregs_rtl_0 ;
; picorv32:u_cpu|cpuregs_rtl_0_bypass[17] ; picorv32:u_cpu|cpuregs_rtl_0 ;
; picorv32:u_cpu|cpuregs_rtl_0_bypass[18] ; picorv32:u_cpu|cpuregs_rtl_0 ;
; picorv32:u_cpu|cpuregs_rtl_0_bypass[19] ; picorv32:u_cpu|cpuregs_rtl_0 ;
; picorv32:u_cpu|cpuregs_rtl_0_bypass[20] ; picorv32:u_cpu|cpuregs_rtl_0 ;
; picorv32:u_cpu|cpuregs_rtl_0_bypass[21] ; picorv32:u_cpu|cpuregs_rtl_0 ;
; picorv32:u_cpu|cpuregs_rtl_0_bypass[22] ; picorv32:u_cpu|cpuregs_rtl_0 ;
; picorv32:u_cpu|cpuregs_rtl_0_bypass[23] ; picorv32:u_cpu|cpuregs_rtl_0 ;
; picorv32:u_cpu|cpuregs_rtl_0_bypass[24] ; picorv32:u_cpu|cpuregs_rtl_0 ;
; picorv32:u_cpu|cpuregs_rtl_0_bypass[25] ; picorv32:u_cpu|cpuregs_rtl_0 ;
; picorv32:u_cpu|cpuregs_rtl_0_bypass[26] ; picorv32:u_cpu|cpuregs_rtl_0 ;
; picorv32:u_cpu|cpuregs_rtl_0_bypass[27] ; picorv32:u_cpu|cpuregs_rtl_0 ;
; picorv32:u_cpu|cpuregs_rtl_0_bypass[28] ; picorv32:u_cpu|cpuregs_rtl_0 ;
; picorv32:u_cpu|cpuregs_rtl_0_bypass[29] ; picorv32:u_cpu|cpuregs_rtl_0 ;
; picorv32:u_cpu|cpuregs_rtl_0_bypass[30] ; picorv32:u_cpu|cpuregs_rtl_0 ;
; picorv32:u_cpu|cpuregs_rtl_0_bypass[31] ; picorv32:u_cpu|cpuregs_rtl_0 ;
; picorv32:u_cpu|cpuregs_rtl_0_bypass[32] ; picorv32:u_cpu|cpuregs_rtl_0 ;
; picorv32:u_cpu|cpuregs_rtl_0_bypass[33] ; picorv32:u_cpu|cpuregs_rtl_0 ;
; picorv32:u_cpu|cpuregs_rtl_0_bypass[34] ; picorv32:u_cpu|cpuregs_rtl_0 ;
; picorv32:u_cpu|cpuregs_rtl_0_bypass[35] ; picorv32:u_cpu|cpuregs_rtl_0 ;
; picorv32:u_cpu|cpuregs_rtl_0_bypass[36] ; picorv32:u_cpu|cpuregs_rtl_0 ;
; picorv32:u_cpu|cpuregs_rtl_0_bypass[37] ; picorv32:u_cpu|cpuregs_rtl_0 ;
; picorv32:u_cpu|cpuregs_rtl_0_bypass[38] ; picorv32:u_cpu|cpuregs_rtl_0 ;
; picorv32:u_cpu|cpuregs_rtl_0_bypass[39] ; picorv32:u_cpu|cpuregs_rtl_0 ;
; picorv32:u_cpu|cpuregs_rtl_0_bypass[40] ; picorv32:u_cpu|cpuregs_rtl_0 ;
; picorv32:u_cpu|cpuregs_rtl_0_bypass[41] ; picorv32:u_cpu|cpuregs_rtl_0 ;
; picorv32:u_cpu|cpuregs_rtl_0_bypass[42] ; picorv32:u_cpu|cpuregs_rtl_0 ;
; picorv32:u_cpu|cpuregs_rtl_1_bypass[0]  ; picorv32:u_cpu|cpuregs_rtl_1 ;
; picorv32:u_cpu|cpuregs_rtl_1_bypass[1]  ; picorv32:u_cpu|cpuregs_rtl_1 ;
; picorv32:u_cpu|cpuregs_rtl_1_bypass[2]  ; picorv32:u_cpu|cpuregs_rtl_1 ;
; picorv32:u_cpu|cpuregs_rtl_1_bypass[3]  ; picorv32:u_cpu|cpuregs_rtl_1 ;
; picorv32:u_cpu|cpuregs_rtl_1_bypass[4]  ; picorv32:u_cpu|cpuregs_rtl_1 ;
; picorv32:u_cpu|cpuregs_rtl_1_bypass[5]  ; picorv32:u_cpu|cpuregs_rtl_1 ;
; picorv32:u_cpu|cpuregs_rtl_1_bypass[6]  ; picorv32:u_cpu|cpuregs_rtl_1 ;
; picorv32:u_cpu|cpuregs_rtl_1_bypass[7]  ; picorv32:u_cpu|cpuregs_rtl_1 ;
; picorv32:u_cpu|cpuregs_rtl_1_bypass[8]  ; picorv32:u_cpu|cpuregs_rtl_1 ;
; picorv32:u_cpu|cpuregs_rtl_1_bypass[9]  ; picorv32:u_cpu|cpuregs_rtl_1 ;
; picorv32:u_cpu|cpuregs_rtl_1_bypass[10] ; picorv32:u_cpu|cpuregs_rtl_1 ;
; picorv32:u_cpu|cpuregs_rtl_1_bypass[11] ; picorv32:u_cpu|cpuregs_rtl_1 ;
; picorv32:u_cpu|cpuregs_rtl_1_bypass[12] ; picorv32:u_cpu|cpuregs_rtl_1 ;
; picorv32:u_cpu|cpuregs_rtl_1_bypass[13] ; picorv32:u_cpu|cpuregs_rtl_1 ;
; picorv32:u_cpu|cpuregs_rtl_1_bypass[14] ; picorv32:u_cpu|cpuregs_rtl_1 ;
; picorv32:u_cpu|cpuregs_rtl_1_bypass[15] ; picorv32:u_cpu|cpuregs_rtl_1 ;
; picorv32:u_cpu|cpuregs_rtl_1_bypass[16] ; picorv32:u_cpu|cpuregs_rtl_1 ;
; picorv32:u_cpu|cpuregs_rtl_1_bypass[17] ; picorv32:u_cpu|cpuregs_rtl_1 ;
; picorv32:u_cpu|cpuregs_rtl_1_bypass[18] ; picorv32:u_cpu|cpuregs_rtl_1 ;
; picorv32:u_cpu|cpuregs_rtl_1_bypass[19] ; picorv32:u_cpu|cpuregs_rtl_1 ;
; picorv32:u_cpu|cpuregs_rtl_1_bypass[20] ; picorv32:u_cpu|cpuregs_rtl_1 ;
; picorv32:u_cpu|cpuregs_rtl_1_bypass[21] ; picorv32:u_cpu|cpuregs_rtl_1 ;
; picorv32:u_cpu|cpuregs_rtl_1_bypass[22] ; picorv32:u_cpu|cpuregs_rtl_1 ;
; picorv32:u_cpu|cpuregs_rtl_1_bypass[23] ; picorv32:u_cpu|cpuregs_rtl_1 ;
; picorv32:u_cpu|cpuregs_rtl_1_bypass[24] ; picorv32:u_cpu|cpuregs_rtl_1 ;
; picorv32:u_cpu|cpuregs_rtl_1_bypass[25] ; picorv32:u_cpu|cpuregs_rtl_1 ;
; picorv32:u_cpu|cpuregs_rtl_1_bypass[26] ; picorv32:u_cpu|cpuregs_rtl_1 ;
; picorv32:u_cpu|cpuregs_rtl_1_bypass[27] ; picorv32:u_cpu|cpuregs_rtl_1 ;
; picorv32:u_cpu|cpuregs_rtl_1_bypass[28] ; picorv32:u_cpu|cpuregs_rtl_1 ;
; picorv32:u_cpu|cpuregs_rtl_1_bypass[29] ; picorv32:u_cpu|cpuregs_rtl_1 ;
; picorv32:u_cpu|cpuregs_rtl_1_bypass[30] ; picorv32:u_cpu|cpuregs_rtl_1 ;
; picorv32:u_cpu|cpuregs_rtl_1_bypass[31] ; picorv32:u_cpu|cpuregs_rtl_1 ;
; picorv32:u_cpu|cpuregs_rtl_1_bypass[32] ; picorv32:u_cpu|cpuregs_rtl_1 ;
; picorv32:u_cpu|cpuregs_rtl_1_bypass[33] ; picorv32:u_cpu|cpuregs_rtl_1 ;
; picorv32:u_cpu|cpuregs_rtl_1_bypass[34] ; picorv32:u_cpu|cpuregs_rtl_1 ;
; picorv32:u_cpu|cpuregs_rtl_1_bypass[35] ; picorv32:u_cpu|cpuregs_rtl_1 ;
; picorv32:u_cpu|cpuregs_rtl_1_bypass[36] ; picorv32:u_cpu|cpuregs_rtl_1 ;
; picorv32:u_cpu|cpuregs_rtl_1_bypass[37] ; picorv32:u_cpu|cpuregs_rtl_1 ;
; picorv32:u_cpu|cpuregs_rtl_1_bypass[38] ; picorv32:u_cpu|cpuregs_rtl_1 ;
; picorv32:u_cpu|cpuregs_rtl_1_bypass[39] ; picorv32:u_cpu|cpuregs_rtl_1 ;
; picorv32:u_cpu|cpuregs_rtl_1_bypass[40] ; picorv32:u_cpu|cpuregs_rtl_1 ;
; picorv32:u_cpu|cpuregs_rtl_1_bypass[41] ; picorv32:u_cpu|cpuregs_rtl_1 ;
; picorv32:u_cpu|cpuregs_rtl_1_bypass[42] ; picorv32:u_cpu|cpuregs_rtl_1 ;
+-----------------------------------------+------------------------------+


+--------------------------------------------------------------------------------------------------------------------------------------------------------------+
; Multiplexer Restructuring Statistics (Restructuring Performed)                                                                                               ;
+--------------------+-----------+---------------+----------------------+------------------------+------------+------------------------------------------------+
; Multiplexer Inputs ; Bus Width ; Baseline Area ; Area if Restructured ; Saving if Restructured ; Registered ; Example Multiplexer Output                     ;
+--------------------+-----------+---------------+----------------------+------------------------+------------+------------------------------------------------+
; 3:1                ; 30 bits   ; 60 LEs        ; 30 LEs               ; 30 LEs                 ; Yes        ; |soc_boot_top|picorv32:u_cpu|reg_pc[20]        ;
; 3:1                ; 4 bits    ; 8 LEs         ; 4 LEs                ; 4 LEs                  ; Yes        ; |soc_boot_top|uart:u_uart|tx_bit_cnt[0]        ;
; 3:1                ; 8 bits    ; 16 LEs        ; 8 LEs                ; 8 LEs                  ; Yes        ; |soc_boot_top|gpio_out_reg[0]                  ;
; 3:1                ; 21 bits   ; 42 LEs        ; 21 LEs               ; 21 LEs                 ; Yes        ; |soc_boot_top|picorv32:u_cpu|instr_sltiu       ;
; 3:1                ; 8 bits    ; 16 LEs        ; 8 LEs                ; 8 LEs                  ; Yes        ; |soc_boot_top|bootloader:u_boot|byte_count[1]  ;
; 3:1                ; 4 bits    ; 8 LEs         ; 4 LEs                ; 4 LEs                  ; Yes        ; |soc_boot_top|bootloader:u_boot|rec_type[0]    ;
; 3:1                ; 4 bits    ; 8 LEs         ; 4 LEs                ; 4 LEs                  ; Yes        ; |soc_boot_top|bootloader:u_boot|rec_type[5]    ;
; 3:1                ; 4 bits    ; 8 LEs         ; 4 LEs                ; 4 LEs                  ; Yes        ; |soc_boot_top|picorv32:u_cpu|mem_wstrb[1]      ;
; 3:1                ; 4 bits    ; 8 LEs         ; 4 LEs                ; 4 LEs                  ; Yes        ; |soc_boot_top|bootloader:u_boot|high_nibble[3] ;
; 3:1                ; 30 bits   ; 60 LEs        ; 60 LEs               ; 0 LEs                  ; Yes        ; |soc_boot_top|picorv32:u_cpu|mem_addr[29]      ;
; 3:1                ; 44 bits   ; 88 LEs        ; 44 LEs               ; 44 LEs                 ; Yes        ; |soc_boot_top|bootloader:u_boot|ram_wdata[2]   ;
; 3:1                ; 4 bits    ; 8 LEs         ; 4 LEs                ; 4 LEs                  ; Yes        ; |soc_boot_top|bootloader:u_boot|data_byte[5]   ;
; 3:1                ; 24 bits   ; 48 LEs        ; 24 LEs               ; 24 LEs                 ; Yes        ; |soc_boot_top|bootloader:u_boot|word_buffer[5] ;
; 3:1                ; 13 bits   ; 26 LEs        ; 13 LEs               ; 13 LEs                 ; Yes        ; |soc_boot_top|uart:u_uart|tx_clk_cnt[4]        ;
; 3:1                ; 8 bits    ; 16 LEs        ; 16 LEs               ; 0 LEs                  ; Yes        ; |soc_boot_top|picorv32:u_cpu|mem_wdata[24]     ;
; 4:1                ; 30 bits   ; 60 LEs        ; 60 LEs               ; 0 LEs                  ; Yes        ; |soc_boot_top|picorv32:u_cpu|reg_next_pc[11]   ;
; 4:1                ; 5 bits    ; 10 LEs        ; 5 LEs                ; 5 LEs                  ; Yes        ; |soc_boot_top|picorv32:u_cpu|reg_op2[2]        ;
; 3:1                ; 6 bits    ; 12 LEs        ; 12 LEs               ; 0 LEs                  ; Yes        ; |soc_boot_top|picorv32:u_cpu|decoded_imm[9]    ;
; 3:1                ; 19 bits   ; 38 LEs        ; 38 LEs               ; 0 LEs                  ; Yes        ; |soc_boot_top|picorv32:u_cpu|decoded_imm[16]   ;
; 5:1                ; 4 bits    ; 12 LEs        ; 4 LEs                ; 8 LEs                  ; Yes        ; |soc_boot_top|picorv32:u_cpu|latched_rd[2]     ;
; 5:1                ; 3 bits    ; 9 LEs         ; 3 LEs                ; 6 LEs                  ; Yes        ; |soc_boot_top|uart:u_uart|rx_bit_cnt[0]        ;
; 5:1                ; 31 bits   ; 93 LEs        ; 93 LEs               ; 0 LEs                  ; Yes        ; |soc_boot_top|picorv32:u_cpu|alu_out_q[6]      ;
; 4:1                ; 4 bits    ; 8 LEs         ; 8 LEs                ; 0 LEs                  ; Yes        ; |soc_boot_top|picorv32:u_cpu|decoded_imm[3]    ;
; 6:1                ; 4 bits    ; 16 LEs        ; 8 LEs                ; 8 LEs                  ; Yes        ; |soc_boot_top|bootloader:u_boot|address[12]    ;
; 6:1                ; 4 bits    ; 16 LEs        ; 8 LEs                ; 8 LEs                  ; Yes        ; |soc_boot_top|bootloader:u_boot|address[8]     ;
; 6:1                ; 4 bits    ; 16 LEs        ; 8 LEs                ; 8 LEs                  ; Yes        ; |soc_boot_top|bootloader:u_boot|address[5]     ;
; 6:1                ; 2 bits    ; 8 LEs         ; 4 LEs                ; 4 LEs                  ; Yes        ; |soc_boot_top|bootloader:u_boot|address[3]     ;
; 5:1                ; 27 bits   ; 81 LEs        ; 54 LEs               ; 27 LEs                 ; Yes        ; |soc_boot_top|picorv32:u_cpu|reg_op2[31]       ;
; 6:1                ; 13 bits   ; 52 LEs        ; 13 LEs               ; 39 LEs                 ; Yes        ; |soc_boot_top|uart:u_uart|rx_clk_cnt[0]        ;
; 7:1                ; 2 bits    ; 8 LEs         ; 2 LEs                ; 6 LEs                  ; Yes        ; |soc_boot_top|bootloader:u_boot|word_pos[1]    ;
; 8:1                ; 8 bits    ; 40 LEs        ; 8 LEs                ; 32 LEs                 ; Yes        ; |soc_boot_top|bootloader:u_boot|byte_idx[0]    ;
; 11:1               ; 2 bits    ; 14 LEs        ; 6 LEs                ; 8 LEs                  ; Yes        ; |soc_boot_top|picorv32:u_cpu|mem_state[1]      ;
; 5:1                ; 2 bits    ; 6 LEs         ; 6 LEs                ; 0 LEs                  ; Yes        ; |soc_boot_top|picorv32:u_cpu|reg_out[15]       ;
; 5:1                ; 6 bits    ; 18 LEs        ; 18 LEs               ; 0 LEs                  ; Yes        ; |soc_boot_top|picorv32:u_cpu|reg_out[12]       ;
; 5:1                ; 2 bits    ; 6 LEs         ; 4 LEs                ; 2 LEs                  ; Yes        ; |soc_boot_top|picorv32:u_cpu|reg_sh[0]         ;
; 5:1                ; 3 bits    ; 9 LEs         ; 6 LEs                ; 3 LEs                  ; Yes        ; |soc_boot_top|picorv32:u_cpu|reg_sh[4]         ;
; 7:1                ; 16 bits   ; 64 LEs        ; 64 LEs               ; 0 LEs                  ; Yes        ; |soc_boot_top|picorv32:u_cpu|reg_out[20]       ;
; 14:1               ; 3 bits    ; 27 LEs        ; 12 LEs               ; 15 LEs                 ; Yes        ; |soc_boot_top|picorv32:u_cpu|reg_op1[30]       ;
; 15:1               ; 2 bits    ; 20 LEs        ; 10 LEs               ; 10 LEs                 ; Yes        ; |soc_boot_top|picorv32:u_cpu|reg_op1[3]        ;
; 15:1               ; 24 bits   ; 240 LEs       ; 144 LEs              ; 96 LEs                 ; Yes        ; |soc_boot_top|picorv32:u_cpu|reg_op1[13]       ;
; 7:1                ; 2 bits    ; 8 LEs         ; 8 LEs                ; 0 LEs                  ; Yes        ; |soc_boot_top|picorv32:u_cpu|reg_out[1]        ;
; 7:1                ; 5 bits    ; 20 LEs        ; 20 LEs               ; 0 LEs                  ; Yes        ; |soc_boot_top|picorv32:u_cpu|reg_out[2]        ;
; 3:1                ; 3 bits    ; 6 LEs         ; 3 LEs                ; 3 LEs                  ; Yes        ; |soc_boot_top|uart:u_uart|tx_reg[5]            ;
; 3:1                ; 5 bits    ; 10 LEs        ; 5 LEs                ; 5 LEs                  ; Yes        ; |soc_boot_top|uart:u_uart|tx_reg[2]            ;
; 3:1                ; 4 bits    ; 8 LEs         ; 8 LEs                ; 0 LEs                  ; No         ; |soc_boot_top|cpu_mem_rdata[3]                 ;
; 3:1                ; 5 bits    ; 10 LEs        ; 10 LEs               ; 0 LEs                  ; No         ; |soc_boot_top|picorv32:u_cpu|cpuregs_rs2[4]    ;
; 4:1                ; 2 bits    ; 4 LEs         ; 4 LEs                ; 0 LEs                  ; No         ; |soc_boot_top|picorv32:u_cpu|Selector9         ;
; 4:1                ; 2 bits    ; 4 LEs         ; 4 LEs                ; 0 LEs                  ; No         ; |soc_boot_top|picorv32:u_cpu|Selector11        ;
; 7:1                ; 3 bits    ; 12 LEs        ; 6 LEs                ; 6 LEs                  ; No         ; |soc_boot_top|picorv32:u_cpu|mem_wordsize      ;
; 8:1                ; 4 bits    ; 20 LEs        ; 12 LEs               ; 8 LEs                  ; No         ; |soc_boot_top|uart:u_uart|Selector3            ;
; 13:1               ; 4 bits    ; 32 LEs        ; 16 LEs               ; 16 LEs                 ; No         ; |soc_boot_top|picorv32:u_cpu|cpu_state         ;
; 14:1               ; 2 bits    ; 18 LEs        ; 6 LEs                ; 12 LEs                 ; No         ; |soc_boot_top|picorv32:u_cpu|cpu_state         ;
; 12:1               ; 2 bits    ; 16 LEs        ; 8 LEs                ; 8 LEs                  ; No         ; |soc_boot_top|bootloader:u_boot|hex_state      ;
; 14:1               ; 2 bits    ; 18 LEs        ; 8 LEs                ; 10 LEs                 ; No         ; |soc_boot_top|bootloader:u_boot|hex_state      ;
; 13:1               ; 2 bits    ; 16 LEs        ; 6 LEs                ; 10 LEs                 ; No         ; |soc_boot_top|bootloader:u_boot|hex_state      ;
+--------------------+-----------+---------------+----------------------+------------------------+------------+------------------------------------------------+


+-------------------------------------------------------------------------------------------+
; Source assignments for ram_16kb:u_ram|altsyncram:ram_byte0|altsyncram_94q3:auto_generated ;
+---------------------------------+--------------------+------+-----------------------------+
; Assignment                      ; Value              ; From ; To                          ;
+---------------------------------+--------------------+------+-----------------------------+
; OPTIMIZE_POWER_DURING_SYNTHESIS ; NORMAL_COMPILATION ; -    ; -                           ;
+---------------------------------+--------------------+------+-----------------------------+


+-------------------------------------------------------------------------------------------+
; Source assignments for ram_16kb:u_ram|altsyncram:ram_byte1|altsyncram_a4q3:auto_generated ;
+---------------------------------+--------------------+------+-----------------------------+
; Assignment                      ; Value              ; From ; To                          ;
+---------------------------------+--------------------+------+-----------------------------+
; OPTIMIZE_POWER_DURING_SYNTHESIS ; NORMAL_COMPILATION ; -    ; -                           ;
+---------------------------------+--------------------+------+-----------------------------+


+-------------------------------------------------------------------------------------------+
; Source assignments for ram_16kb:u_ram|altsyncram:ram_byte2|altsyncram_b4q3:auto_generated ;
+---------------------------------+--------------------+------+-----------------------------+
; Assignment                      ; Value              ; From ; To                          ;
+---------------------------------+--------------------+------+-----------------------------+
; OPTIMIZE_POWER_DURING_SYNTHESIS ; NORMAL_COMPILATION ; -    ; -                           ;
+---------------------------------+--------------------+------+-----------------------------+


+-------------------------------------------------------------------------------------------+
; Source assignments for ram_16kb:u_ram|altsyncram:ram_byte3|altsyncram_c4q3:auto_generated ;
+---------------------------------+--------------------+------+-----------------------------+
; Assignment                      ; Value              ; From ; To                          ;
+---------------------------------+--------------------+------+-----------------------------+
; OPTIMIZE_POWER_DURING_SYNTHESIS ; NORMAL_COMPILATION ; -    ; -                           ;
+---------------------------------+--------------------+------+-----------------------------+


+-----------------------------------------------------------------------------------------------+
; Source assignments for picorv32:u_cpu|altsyncram:cpuregs_rtl_0|altsyncram_trd1:auto_generated ;
+---------------------------------+--------------------+------+---------------------------------+
; Assignment                      ; Value              ; From ; To                              ;
+---------------------------------+--------------------+------+---------------------------------+
; OPTIMIZE_POWER_DURING_SYNTHESIS ; NORMAL_COMPILATION ; -    ; -                               ;
+---------------------------------+--------------------+------+---------------------------------+


+-----------------------------------------------------------------------------------------------+
; Source assignments for picorv32:u_cpu|altsyncram:cpuregs_rtl_1|altsyncram_trd1:auto_generated ;
+---------------------------------+--------------------+------+---------------------------------+
; Assignment                      ; Value              ; From ; To                              ;
+---------------------------------+--------------------+------+---------------------------------+
; OPTIMIZE_POWER_DURING_SYNTHESIS ; NORMAL_COMPILATION ; -    ; -                               ;
+---------------------------------+--------------------+------+---------------------------------+


+----------------------------------------------------------+
; Parameter Settings for User Entity Instance: uart:u_uart ;
+----------------+----------+------------------------------+
; Parameter Name ; Value    ; Type                         ;
+----------------+----------+------------------------------+
; clock_freq_hz  ; 50000000 ; Signed Integer               ;
; baud_rate      ; 9600     ; Signed Integer               ;
+----------------+----------+------------------------------+
Note: In order to hide this table in the UI and the text report file, please set the "Show Parameter Settings in Synthesis Report" option in "Analysis and Synthesis Settings -> More Settings" to "Off".


+----------------------------------------------------------------------------------+
; Parameter Settings for User Entity Instance: ram_16kb:u_ram|altsyncram:ram_byte0 ;
+------------------------------------+----------------------+----------------------+
; Parameter Name                     ; Value                ; Type                 ;
+------------------------------------+----------------------+----------------------+
; BYTE_SIZE_BLOCK                    ; 8                    ; Untyped              ;
; AUTO_CARRY_CHAINS                  ; ON                   ; AUTO_CARRY           ;
; IGNORE_CARRY_BUFFERS               ; OFF                  ; IGNORE_CARRY         ;
; AUTO_CASCADE_CHAINS                ; ON                   ; AUTO_CASCADE         ;
; IGNORE_CASCADE_BUFFERS             ; OFF                  ; IGNORE_CASCADE       ;
; WIDTH_BYTEENA                      ; 1                    ; Untyped              ;
; OPERATION_MODE                     ; SINGLE_PORT          ; Untyped              ;
; WIDTH_A                            ; 8                    ; Signed Integer       ;
; WIDTHAD_A                          ; 12                   ; Signed Integer       ;
; NUMWORDS_A                         ; 4096                 ; Signed Integer       ;
; OUTDATA_REG_A                      ; UNREGISTERED         ; Untyped              ;
; ADDRESS_ACLR_A                     ; NONE                 ; Untyped              ;
; OUTDATA_ACLR_A                     ; NONE                 ; Untyped              ;
; WRCONTROL_ACLR_A                   ; NONE                 ; Untyped              ;
; INDATA_ACLR_A                      ; NONE                 ; Untyped              ;
; BYTEENA_ACLR_A                     ; NONE                 ; Untyped              ;
; WIDTH_B                            ; 1                    ; Signed Integer       ;
; WIDTHAD_B                          ; 1                    ; Signed Integer       ;
; NUMWORDS_B                         ; 0                    ; Signed Integer       ;
; INDATA_REG_B                       ; CLOCK1               ; Untyped              ;
; WRCONTROL_WRADDRESS_REG_B          ; CLOCK1               ; Untyped              ;
; RDCONTROL_REG_B                    ; CLOCK1               ; Untyped              ;
; ADDRESS_REG_B                      ; CLOCK1               ; Untyped              ;
; OUTDATA_REG_B                      ; UNREGISTERED         ; Untyped              ;
; BYTEENA_REG_B                      ; CLOCK1               ; Untyped              ;
; INDATA_ACLR_B                      ; NONE                 ; Untyped              ;
; WRCONTROL_ACLR_B                   ; NONE                 ; Untyped              ;
; ADDRESS_ACLR_B                     ; NONE                 ; Untyped              ;
; OUTDATA_ACLR_B                     ; NONE                 ; Untyped              ;
; RDCONTROL_ACLR_B                   ; NONE                 ; Untyped              ;
; BYTEENA_ACLR_B                     ; NONE                 ; Untyped              ;
; WIDTH_BYTEENA_A                    ; 1                    ; Signed Integer       ;
; WIDTH_BYTEENA_B                    ; 1                    ; Signed Integer       ;
; RAM_BLOCK_TYPE                     ; AUTO                 ; Untyped              ;
; BYTE_SIZE                          ; 8                    ; Signed Integer       ;
; READ_DURING_WRITE_MODE_MIXED_PORTS ; DONT_CARE            ; Untyped              ;
; READ_DURING_WRITE_MODE_PORT_A      ; NEW_DATA_NO_NBE_READ ; Untyped              ;
; READ_DURING_WRITE_MODE_PORT_B      ; NEW_DATA_NO_NBE_READ ; Untyped              ;
; INIT_FILE                          ; ram_byte0.mif        ; Untyped              ;
; INIT_FILE_LAYOUT                   ; PORT_A               ; Untyped              ;
; MAXIMUM_DEPTH                      ; 0                    ; Signed Integer       ;
; CLOCK_ENABLE_INPUT_A               ; NORMAL               ; Untyped              ;
; CLOCK_ENABLE_INPUT_B               ; NORMAL               ; Untyped              ;
; CLOCK_ENABLE_OUTPUT_A              ; NORMAL               ; Untyped              ;
; CLOCK_ENABLE_OUTPUT_B              ; NORMAL               ; Untyped              ;
; CLOCK_ENABLE_CORE_A                ; USE_INPUT_CLKEN      ; Untyped              ;
; CLOCK_ENABLE_CORE_B                ; USE_INPUT_CLKEN      ; Untyped              ;
; ENABLE_ECC                         ; FALSE                ; Untyped              ;
; ECC_PIPELINE_STAGE_ENABLED         ; FALSE                ; Untyped              ;
; WIDTH_ECCSTATUS                    ; 3                    ; Signed Integer       ;
; DEVICE_FAMILY                      ; Cyclone IV E         ; Untyped              ;
; CBXI_PARAMETER                     ; altsyncram_94q3      ; Untyped              ;
+------------------------------------+----------------------+----------------------+
Note: In order to hide this table in the UI and the text report file, please set the "Show Parameter Settings in Synthesis Report" option in "Analysis and Synthesis Settings -> More Settings" to "Off".


+----------------------------------------------------------------------------------+
; Parameter Settings for User Entity Instance: ram_16kb:u_ram|altsyncram:ram_byte1 ;
+------------------------------------+----------------------+----------------------+
; Parameter Name                     ; Value                ; Type                 ;
+------------------------------------+----------------------+----------------------+
; BYTE_SIZE_BLOCK                    ; 8                    ; Untyped              ;
; AUTO_CARRY_CHAINS                  ; ON                   ; AUTO_CARRY           ;
; IGNORE_CARRY_BUFFERS               ; OFF                  ; IGNORE_CARRY         ;
; AUTO_CASCADE_CHAINS                ; ON                   ; AUTO_CASCADE         ;
; IGNORE_CASCADE_BUFFERS             ; OFF                  ; IGNORE_CASCADE       ;
; WIDTH_BYTEENA                      ; 1                    ; Untyped              ;
; OPERATION_MODE                     ; SINGLE_PORT          ; Untyped              ;
; WIDTH_A                            ; 8                    ; Signed Integer       ;
; WIDTHAD_A                          ; 12                   ; Signed Integer       ;
; NUMWORDS_A                         ; 4096                 ; Signed Integer       ;
; OUTDATA_REG_A                      ; UNREGISTERED         ; Untyped              ;
; ADDRESS_ACLR_A                     ; NONE                 ; Untyped              ;
; OUTDATA_ACLR_A                     ; NONE                 ; Untyped              ;
; WRCONTROL_ACLR_A                   ; NONE                 ; Untyped              ;
; INDATA_ACLR_A                      ; NONE                 ; Untyped              ;
; BYTEENA_ACLR_A                     ; NONE                 ; Untyped              ;
; WIDTH_B                            ; 1                    ; Signed Integer       ;
; WIDTHAD_B                          ; 1                    ; Signed Integer       ;
; NUMWORDS_B                         ; 0                    ; Signed Integer       ;
; INDATA_REG_B                       ; CLOCK1               ; Untyped              ;
; WRCONTROL_WRADDRESS_REG_B          ; CLOCK1               ; Untyped              ;
; RDCONTROL_REG_B                    ; CLOCK1               ; Untyped              ;
; ADDRESS_REG_B                      ; CLOCK1               ; Untyped              ;
; OUTDATA_REG_B                      ; UNREGISTERED         ; Untyped              ;
; BYTEENA_REG_B                      ; CLOCK1               ; Untyped              ;
; INDATA_ACLR_B                      ; NONE                 ; Untyped              ;
; WRCONTROL_ACLR_B                   ; NONE                 ; Untyped              ;
; ADDRESS_ACLR_B                     ; NONE                 ; Untyped              ;
; OUTDATA_ACLR_B                     ; NONE                 ; Untyped              ;
; RDCONTROL_ACLR_B                   ; NONE                 ; Untyped              ;
; BYTEENA_ACLR_B                     ; NONE                 ; Untyped              ;
; WIDTH_BYTEENA_A                    ; 1                    ; Signed Integer       ;
; WIDTH_BYTEENA_B                    ; 1                    ; Signed Integer       ;
; RAM_BLOCK_TYPE                     ; AUTO                 ; Untyped              ;
; BYTE_SIZE                          ; 8                    ; Signed Integer       ;
; READ_DURING_WRITE_MODE_MIXED_PORTS ; DONT_CARE            ; Untyped              ;
; READ_DURING_WRITE_MODE_PORT_A      ; NEW_DATA_NO_NBE_READ ; Untyped              ;
; READ_DURING_WRITE_MODE_PORT_B      ; NEW_DATA_NO_NBE_READ ; Untyped              ;
; INIT_FILE                          ; ram_byte1.mif        ; Untyped              ;
; INIT_FILE_LAYOUT                   ; PORT_A               ; Untyped              ;
; MAXIMUM_DEPTH                      ; 0                    ; Signed Integer       ;
; CLOCK_ENABLE_INPUT_A               ; NORMAL               ; Untyped              ;
; CLOCK_ENABLE_INPUT_B               ; NORMAL               ; Untyped              ;
; CLOCK_ENABLE_OUTPUT_A              ; NORMAL               ; Untyped              ;
; CLOCK_ENABLE_OUTPUT_B              ; NORMAL               ; Untyped              ;
; CLOCK_ENABLE_CORE_A                ; USE_INPUT_CLKEN      ; Untyped              ;
; CLOCK_ENABLE_CORE_B                ; USE_INPUT_CLKEN      ; Untyped              ;
; ENABLE_ECC                         ; FALSE                ; Untyped              ;
; ECC_PIPELINE_STAGE_ENABLED         ; FALSE                ; Untyped              ;
; WIDTH_ECCSTATUS                    ; 3                    ; Signed Integer       ;
; DEVICE_FAMILY                      ; Cyclone IV E         ; Untyped              ;
; CBXI_PARAMETER                     ; altsyncram_a4q3      ; Untyped              ;
+------------------------------------+----------------------+----------------------+
Note: In order to hide this table in the UI and the text report file, please set the "Show Parameter Settings in Synthesis Report" option in "Analysis and Synthesis Settings -> More Settings" to "Off".


+----------------------------------------------------------------------------------+
; Parameter Settings for User Entity Instance: ram_16kb:u_ram|altsyncram:ram_byte2 ;
+------------------------------------+----------------------+----------------------+
; Parameter Name                     ; Value                ; Type                 ;
+------------------------------------+----------------------+----------------------+
; BYTE_SIZE_BLOCK                    ; 8                    ; Untyped              ;
; AUTO_CARRY_CHAINS                  ; ON                   ; AUTO_CARRY           ;
; IGNORE_CARRY_BUFFERS               ; OFF                  ; IGNORE_CARRY         ;
; AUTO_CASCADE_CHAINS                ; ON                   ; AUTO_CASCADE         ;
; IGNORE_CASCADE_BUFFERS             ; OFF                  ; IGNORE_CASCADE       ;
; WIDTH_BYTEENA                      ; 1                    ; Untyped              ;
; OPERATION_MODE                     ; SINGLE_PORT          ; Untyped              ;
; WIDTH_A                            ; 8                    ; Signed Integer       ;
; WIDTHAD_A                          ; 12                   ; Signed Integer       ;
; NUMWORDS_A                         ; 4096                 ; Signed Integer       ;
; OUTDATA_REG_A                      ; UNREGISTERED         ; Untyped              ;
; ADDRESS_ACLR_A                     ; NONE                 ; Untyped              ;
; OUTDATA_ACLR_A                     ; NONE                 ; Untyped              ;
; WRCONTROL_ACLR_A                   ; NONE                 ; Untyped              ;
; INDATA_ACLR_A                      ; NONE                 ; Untyped              ;
; BYTEENA_ACLR_A                     ; NONE                 ; Untyped              ;
; WIDTH_B                            ; 1                    ; Signed Integer       ;
; WIDTHAD_B                          ; 1                    ; Signed Integer       ;
; NUMWORDS_B                         ; 0                    ; Signed Integer       ;
; INDATA_REG_B                       ; CLOCK1               ; Untyped              ;
; WRCONTROL_WRADDRESS_REG_B          ; CLOCK1               ; Untyped              ;
; RDCONTROL_REG_B                    ; CLOCK1               ; Untyped              ;
; ADDRESS_REG_B                      ; CLOCK1               ; Untyped              ;
; OUTDATA_REG_B                      ; UNREGISTERED         ; Untyped              ;
; BYTEENA_REG_B                      ; CLOCK1               ; Untyped              ;
; INDATA_ACLR_B                      ; NONE                 ; Untyped              ;
; WRCONTROL_ACLR_B                   ; NONE                 ; Untyped              ;
; ADDRESS_ACLR_B                     ; NONE                 ; Untyped              ;
; OUTDATA_ACLR_B                     ; NONE                 ; Untyped              ;
; RDCONTROL_ACLR_B                   ; NONE                 ; Untyped              ;
; BYTEENA_ACLR_B                     ; NONE                 ; Untyped              ;
; WIDTH_BYTEENA_A                    ; 1                    ; Signed Integer       ;
; WIDTH_BYTEENA_B                    ; 1                    ; Signed Integer       ;
; RAM_BLOCK_TYPE                     ; AUTO                 ; Untyped              ;
; BYTE_SIZE                          ; 8                    ; Signed Integer       ;
; READ_DURING_WRITE_MODE_MIXED_PORTS ; DONT_CARE            ; Untyped              ;
; READ_DURING_WRITE_MODE_PORT_A      ; NEW_DATA_NO_NBE_READ ; Untyped              ;
; READ_DURING_WRITE_MODE_PORT_B      ; NEW_DATA_NO_NBE_READ ; Untyped              ;
; INIT_FILE                          ; ram_byte2.mif        ; Untyped              ;
; INIT_FILE_LAYOUT                   ; PORT_A               ; Untyped              ;
; MAXIMUM_DEPTH                      ; 0                    ; Signed Integer       ;
; CLOCK_ENABLE_INPUT_A               ; NORMAL               ; Untyped              ;
; CLOCK_ENABLE_INPUT_B               ; NORMAL               ; Untyped              ;
; CLOCK_ENABLE_OUTPUT_A              ; NORMAL               ; Untyped              ;
; CLOCK_ENABLE_OUTPUT_B              ; NORMAL               ; Untyped              ;
; CLOCK_ENABLE_CORE_A                ; USE_INPUT_CLKEN      ; Untyped              ;
; CLOCK_ENABLE_CORE_B                ; USE_INPUT_CLKEN      ; Untyped              ;
; ENABLE_ECC                         ; FALSE                ; Untyped              ;
; ECC_PIPELINE_STAGE_ENABLED         ; FALSE                ; Untyped              ;
; WIDTH_ECCSTATUS                    ; 3                    ; Signed Integer       ;
; DEVICE_FAMILY                      ; Cyclone IV E         ; Untyped              ;
; CBXI_PARAMETER                     ; altsyncram_b4q3      ; Untyped              ;
+------------------------------------+----------------------+----------------------+
Note: In order to hide this table in the UI and the text report file, please set the "Show Parameter Settings in Synthesis Report" option in "Analysis and Synthesis Settings -> More Settings" to "Off".


+----------------------------------------------------------------------------------+
; Parameter Settings for User Entity Instance: ram_16kb:u_ram|altsyncram:ram_byte3 ;
+------------------------------------+----------------------+----------------------+
; Parameter Name                     ; Value                ; Type                 ;
+------------------------------------+----------------------+----------------------+
; BYTE_SIZE_BLOCK                    ; 8                    ; Untyped              ;
; AUTO_CARRY_CHAINS                  ; ON                   ; AUTO_CARRY           ;
; IGNORE_CARRY_BUFFERS               ; OFF                  ; IGNORE_CARRY         ;
; AUTO_CASCADE_CHAINS                ; ON                   ; AUTO_CASCADE         ;
; IGNORE_CASCADE_BUFFERS             ; OFF                  ; IGNORE_CASCADE       ;
; WIDTH_BYTEENA                      ; 1                    ; Untyped              ;
; OPERATION_MODE                     ; SINGLE_PORT          ; Untyped              ;
; WIDTH_A                            ; 8                    ; Signed Integer       ;
; WIDTHAD_A                          ; 12                   ; Signed Integer       ;
; NUMWORDS_A                         ; 4096                 ; Signed Integer       ;
; OUTDATA_REG_A                      ; UNREGISTERED         ; Untyped              ;
; ADDRESS_ACLR_A                     ; NONE                 ; Untyped              ;
; OUTDATA_ACLR_A                     ; NONE                 ; Untyped              ;
; WRCONTROL_ACLR_A                   ; NONE                 ; Untyped              ;
; INDATA_ACLR_A                      ; NONE                 ; Untyped              ;
; BYTEENA_ACLR_A                     ; NONE                 ; Untyped              ;
; WIDTH_B                            ; 1                    ; Signed Integer       ;
; WIDTHAD_B                          ; 1                    ; Signed Integer       ;
; NUMWORDS_B                         ; 0                    ; Signed Integer       ;
; INDATA_REG_B                       ; CLOCK1               ; Untyped              ;
; WRCONTROL_WRADDRESS_REG_B          ; CLOCK1               ; Untyped              ;
; RDCONTROL_REG_B                    ; CLOCK1               ; Untyped              ;
; ADDRESS_REG_B                      ; CLOCK1               ; Untyped              ;
; OUTDATA_REG_B                      ; UNREGISTERED         ; Untyped              ;
; BYTEENA_REG_B                      ; CLOCK1               ; Untyped              ;
; INDATA_ACLR_B                      ; NONE                 ; Untyped              ;
; WRCONTROL_ACLR_B                   ; NONE                 ; Untyped              ;
; ADDRESS_ACLR_B                     ; NONE                 ; Untyped              ;
; OUTDATA_ACLR_B                     ; NONE                 ; Untyped              ;
; RDCONTROL_ACLR_B                   ; NONE                 ; Untyped              ;
; BYTEENA_ACLR_B                     ; NONE                 ; Untyped              ;
; WIDTH_BYTEENA_A                    ; 1                    ; Signed Integer       ;
; WIDTH_BYTEENA_B                    ; 1                    ; Signed Integer       ;
; RAM_BLOCK_TYPE                     ; AUTO                 ; Untyped              ;
; BYTE_SIZE                          ; 8                    ; Signed Integer       ;
; READ_DURING_WRITE_MODE_MIXED_PORTS ; DONT_CARE            ; Untyped              ;
; READ_DURING_WRITE_MODE_PORT_A      ; NEW_DATA_NO_NBE_READ ; Untyped              ;
; READ_DURING_WRITE_MODE_PORT_B      ; NEW_DATA_NO_NBE_READ ; Untyped              ;
; INIT_FILE                          ; ram_byte3.mif        ; Untyped              ;
; INIT_FILE_LAYOUT                   ; PORT_A               ; Untyped              ;
; MAXIMUM_DEPTH                      ; 0                    ; Signed Integer       ;
; CLOCK_ENABLE_INPUT_A               ; NORMAL               ; Untyped              ;
; CLOCK_ENABLE_INPUT_B               ; NORMAL               ; Untyped              ;
; CLOCK_ENABLE_OUTPUT_A              ; NORMAL               ; Untyped              ;
; CLOCK_ENABLE_OUTPUT_B              ; NORMAL               ; Untyped              ;
; CLOCK_ENABLE_CORE_A                ; USE_INPUT_CLKEN      ; Untyped              ;
; CLOCK_ENABLE_CORE_B                ; USE_INPUT_CLKEN      ; Untyped              ;
; ENABLE_ECC                         ; FALSE                ; Untyped              ;
; ECC_PIPELINE_STAGE_ENABLED         ; FALSE                ; Untyped              ;
; WIDTH_ECCSTATUS                    ; 3                    ; Signed Integer       ;
; DEVICE_FAMILY                      ; Cyclone IV E         ; Untyped              ;
; CBXI_PARAMETER                     ; altsyncram_c4q3      ; Untyped              ;
+------------------------------------+----------------------+----------------------+
Note: In order to hide this table in the UI and the text report file, please set the "Show Parameter Settings in Synthesis Report" option in "Analysis and Synthesis Settings -> More Settings" to "Off".


+---------------------------------------------------------------------------+
; Parameter Settings for User Entity Instance: picorv32:u_cpu               ;
+----------------------+----------------------------------+-----------------+
; Parameter Name       ; Value                            ; Type            ;
+----------------------+----------------------------------+-----------------+
; ENABLE_COUNTERS      ; 0                                ; Signed Integer  ;
; ENABLE_COUNTERS64    ; 1                                ; Unsigned Binary ;
; ENABLE_REGS_16_31    ; 1                                ; Unsigned Binary ;
; ENABLE_REGS_DUALPORT ; 1                                ; Unsigned Binary ;
; LATCHED_MEM_RDATA    ; 0                                ; Unsigned Binary ;
; TWO_STAGE_SHIFT      ; 1                                ; Unsigned Binary ;
; BARREL_SHIFTER       ; 0                                ; Signed Integer  ;
; TWO_CYCLE_COMPARE    ; 0                                ; Unsigned Binary ;
; TWO_CYCLE_ALU        ; 0                                ; Unsigned Binary ;
; COMPRESSED_ISA       ; 0                                ; Signed Integer  ;
; CATCH_MISALIGN       ; 0                                ; Signed Integer  ;
; CATCH_ILLINSN        ; 0                                ; Signed Integer  ;
; ENABLE_PCPI          ; 0                                ; Unsigned Binary ;
; ENABLE_MUL           ; 0                                ; Unsigned Binary ;
; ENABLE_FAST_MUL      ; 0                                ; Unsigned Binary ;
; ENABLE_DIV           ; 0                                ; Unsigned Binary ;
; ENABLE_IRQ           ; 0                                ; Signed Integer  ;
; ENABLE_IRQ_QREGS     ; 1                                ; Unsigned Binary ;
; ENABLE_IRQ_TIMER     ; 1                                ; Unsigned Binary ;
; ENABLE_TRACE         ; 0                                ; Unsigned Binary ;
; REGS_INIT_ZERO       ; 0                                ; Unsigned Binary ;
; MASKED_IRQ           ; 00000000000000000000000000000000 ; Unsigned Binary ;
; LATCHED_IRQ          ; 11111111111111111111111111111111 ; Unsigned Binary ;
; PROGADDR_RESET       ; 00000000000000000000000000000000 ; Unsigned Binary ;
; PROGADDR_IRQ         ; 00000000000000000000000000010000 ; Unsigned Binary ;
; STACKADDR            ; 00000000000000000011111111111100 ; Unsigned Binary ;
+----------------------+----------------------------------+-----------------+
Note: In order to hide this table in the UI and the text report file, please set the "Show Parameter Settings in Synthesis Report" option in "Analysis and Synthesis Settings -> More Settings" to "Off".


+------------------------------------------------------------------------------------------+
; Parameter Settings for Inferred Entity Instance: picorv32:u_cpu|altsyncram:cpuregs_rtl_0 ;
+------------------------------------+----------------------+------------------------------+
; Parameter Name                     ; Value                ; Type                         ;
+------------------------------------+----------------------+------------------------------+
; BYTE_SIZE_BLOCK                    ; 8                    ; Untyped                      ;
; AUTO_CARRY_CHAINS                  ; ON                   ; AUTO_CARRY                   ;
; IGNORE_CARRY_BUFFERS               ; OFF                  ; IGNORE_CARRY                 ;
; AUTO_CASCADE_CHAINS                ; ON                   ; AUTO_CASCADE                 ;
; IGNORE_CASCADE_BUFFERS             ; OFF                  ; IGNORE_CASCADE               ;
; WIDTH_BYTEENA                      ; 1                    ; Untyped                      ;
; OPERATION_MODE                     ; DUAL_PORT            ; Untyped                      ;
; WIDTH_A                            ; 32                   ; Untyped                      ;
; WIDTHAD_A                          ; 5                    ; Untyped                      ;
; NUMWORDS_A                         ; 32                   ; Untyped                      ;
; OUTDATA_REG_A                      ; UNREGISTERED         ; Untyped                      ;
; ADDRESS_ACLR_A                     ; NONE                 ; Untyped                      ;
; OUTDATA_ACLR_A                     ; NONE                 ; Untyped                      ;
; WRCONTROL_ACLR_A                   ; NONE                 ; Untyped                      ;
; INDATA_ACLR_A                      ; NONE                 ; Untyped                      ;
; BYTEENA_ACLR_A                     ; NONE                 ; Untyped                      ;
; WIDTH_B                            ; 32                   ; Untyped                      ;
; WIDTHAD_B                          ; 5                    ; Untyped                      ;
; NUMWORDS_B                         ; 32                   ; Untyped                      ;
; INDATA_REG_B                       ; CLOCK1               ; Untyped                      ;
; WRCONTROL_WRADDRESS_REG_B          ; CLOCK1               ; Untyped                      ;
; RDCONTROL_REG_B                    ; CLOCK1               ; Untyped                      ;
; ADDRESS_REG_B                      ; CLOCK0               ; Untyped                      ;
; OUTDATA_REG_B                      ; UNREGISTERED         ; Untyped                      ;
; BYTEENA_REG_B                      ; CLOCK1               ; Untyped                      ;
; INDATA_ACLR_B                      ; NONE                 ; Untyped                      ;
; WRCONTROL_ACLR_B                   ; NONE                 ; Untyped                      ;
; ADDRESS_ACLR_B                     ; NONE                 ; Untyped                      ;
; OUTDATA_ACLR_B                     ; NONE                 ; Untyped                      ;
; RDCONTROL_ACLR_B                   ; NONE                 ; Untyped                      ;
; BYTEENA_ACLR_B                     ; NONE                 ; Untyped                      ;
; WIDTH_BYTEENA_A                    ; 1                    ; Untyped                      ;
; WIDTH_BYTEENA_B                    ; 1                    ; Untyped                      ;
; RAM_BLOCK_TYPE                     ; AUTO                 ; Untyped                      ;
; BYTE_SIZE                          ; 8                    ; Untyped                      ;
; READ_DURING_WRITE_MODE_MIXED_PORTS ; DONT_CARE            ; Untyped                      ;
; READ_DURING_WRITE_MODE_PORT_A      ; NEW_DATA_NO_NBE_READ ; Untyped                      ;
; READ_DURING_WRITE_MODE_PORT_B      ; NEW_DATA_NO_NBE_READ ; Untyped                      ;
; INIT_FILE                          ; UNUSED               ; Untyped                      ;
; INIT_FILE_LAYOUT                   ; PORT_A               ; Untyped                      ;
; MAXIMUM_DEPTH                      ; 0                    ; Untyped                      ;
; CLOCK_ENABLE_INPUT_A               ; NORMAL               ; Untyped                      ;
; CLOCK_ENABLE_INPUT_B               ; NORMAL               ; Untyped                      ;
; CLOCK_ENABLE_OUTPUT_A              ; NORMAL               ; Untyped                      ;
; CLOCK_ENABLE_OUTPUT_B              ; NORMAL               ; Untyped                      ;
; CLOCK_ENABLE_CORE_A                ; USE_INPUT_CLKEN      ; Untyped                      ;
; CLOCK_ENABLE_CORE_B                ; USE_INPUT_CLKEN      ; Untyped                      ;
; ENABLE_ECC                         ; FALSE                ; Untyped                      ;
; ECC_PIPELINE_STAGE_ENABLED         ; FALSE                ; Untyped                      ;
; WIDTH_ECCSTATUS                    ; 3                    ; Untyped                      ;
; DEVICE_FAMILY                      ; Cyclone IV E         ; Untyped                      ;
; CBXI_PARAMETER                     ; altsyncram_trd1      ; Untyped                      ;
+------------------------------------+----------------------+------------------------------+
Note: In order to hide this table in the UI and the text report file, please set the "Show Parameter Settings in Synthesis Report" option in "Analysis and Synthesis Settings -> More Settings" to "Off".


+------------------------------------------------------------------------------------------+
; Parameter Settings for Inferred Entity Instance: picorv32:u_cpu|altsyncram:cpuregs_rtl_1 ;
+------------------------------------+----------------------+------------------------------+
; Parameter Name                     ; Value                ; Type                         ;
+------------------------------------+----------------------+------------------------------+
; BYTE_SIZE_BLOCK                    ; 8                    ; Untyped                      ;
; AUTO_CARRY_CHAINS                  ; ON                   ; AUTO_CARRY                   ;
; IGNORE_CARRY_BUFFERS               ; OFF                  ; IGNORE_CARRY                 ;
; AUTO_CASCADE_CHAINS                ; ON                   ; AUTO_CASCADE                 ;
; IGNORE_CASCADE_BUFFERS             ; OFF                  ; IGNORE_CASCADE               ;
; WIDTH_BYTEENA                      ; 1                    ; Untyped                      ;
; OPERATION_MODE                     ; DUAL_PORT            ; Untyped                      ;
; WIDTH_A                            ; 32                   ; Untyped                      ;
; WIDTHAD_A                          ; 5                    ; Untyped                      ;
; NUMWORDS_A                         ; 32                   ; Untyped                      ;
; OUTDATA_REG_A                      ; UNREGISTERED         ; Untyped                      ;
; ADDRESS_ACLR_A                     ; NONE                 ; Untyped                      ;
; OUTDATA_ACLR_A                     ; NONE                 ; Untyped                      ;
; WRCONTROL_ACLR_A                   ; NONE                 ; Untyped                      ;
; INDATA_ACLR_A                      ; NONE                 ; Untyped                      ;
; BYTEENA_ACLR_A                     ; NONE                 ; Untyped                      ;
; WIDTH_B                            ; 32                   ; Untyped                      ;
; WIDTHAD_B                          ; 5                    ; Untyped                      ;
; NUMWORDS_B                         ; 32                   ; Untyped                      ;
; INDATA_REG_B                       ; CLOCK1               ; Untyped                      ;
; WRCONTROL_WRADDRESS_REG_B          ; CLOCK1               ; Untyped                      ;
; RDCONTROL_REG_B                    ; CLOCK1               ; Untyped                      ;
; ADDRESS_REG_B                      ; CLOCK0               ; Untyped                      ;
; OUTDATA_REG_B                      ; UNREGISTERED         ; Untyped                      ;
; BYTEENA_REG_B                      ; CLOCK1               ; Untyped                      ;
; INDATA_ACLR_B                      ; NONE                 ; Untyped                      ;
; WRCONTROL_ACLR_B                   ; NONE                 ; Untyped                      ;
; ADDRESS_ACLR_B                     ; NONE                 ; Untyped                      ;
; OUTDATA_ACLR_B                     ; NONE                 ; Untyped                      ;
; RDCONTROL_ACLR_B                   ; NONE                 ; Untyped                      ;
; BYTEENA_ACLR_B                     ; NONE                 ; Untyped                      ;
; WIDTH_BYTEENA_A                    ; 1                    ; Untyped                      ;
; WIDTH_BYTEENA_B                    ; 1                    ; Untyped                      ;
; RAM_BLOCK_TYPE                     ; AUTO                 ; Untyped                      ;
; BYTE_SIZE                          ; 8                    ; Untyped                      ;
; READ_DURING_WRITE_MODE_MIXED_PORTS ; DONT_CARE            ; Untyped                      ;
; READ_DURING_WRITE_MODE_PORT_A      ; NEW_DATA_NO_NBE_READ ; Untyped                      ;
; READ_DURING_WRITE_MODE_PORT_B      ; NEW_DATA_NO_NBE_READ ; Untyped                      ;
; INIT_FILE                          ; UNUSED               ; Untyped                      ;
; INIT_FILE_LAYOUT                   ; PORT_A               ; Untyped                      ;
; MAXIMUM_DEPTH                      ; 0                    ; Untyped                      ;
; CLOCK_ENABLE_INPUT_A               ; NORMAL               ; Untyped                      ;
; CLOCK_ENABLE_INPUT_B               ; NORMAL               ; Untyped                      ;
; CLOCK_ENABLE_OUTPUT_A              ; NORMAL               ; Untyped                      ;
; CLOCK_ENABLE_OUTPUT_B              ; NORMAL               ; Untyped                      ;
; CLOCK_ENABLE_CORE_A                ; USE_INPUT_CLKEN      ; Untyped                      ;
; CLOCK_ENABLE_CORE_B                ; USE_INPUT_CLKEN      ; Untyped                      ;
; ENABLE_ECC                         ; FALSE                ; Untyped                      ;
; ECC_PIPELINE_STAGE_ENABLED         ; FALSE                ; Untyped                      ;
; WIDTH_ECCSTATUS                    ; 3                    ; Untyped                      ;
; DEVICE_FAMILY                      ; Cyclone IV E         ; Untyped                      ;
; CBXI_PARAMETER                     ; altsyncram_trd1      ; Untyped                      ;
+------------------------------------+----------------------+------------------------------+
Note: In order to hide this table in the UI and the text report file, please set the "Show Parameter Settings in Synthesis Report" option in "Analysis and Synthesis Settings -> More Settings" to "Off".


+-------------------------------------------------------------------------------------+
; altsyncram Parameter Settings by Entity Instance                                    ;
+-------------------------------------------+-----------------------------------------+
; Name                                      ; Value                                   ;
+-------------------------------------------+-----------------------------------------+
; Number of entity instances                ; 6                                       ;
; Entity Instance                           ; ram_16kb:u_ram|altsyncram:ram_byte0     ;
;     -- OPERATION_MODE                     ; SINGLE_PORT                             ;
;     -- WIDTH_A                            ; 8                                       ;
;     -- NUMWORDS_A                         ; 4096                                    ;
;     -- OUTDATA_REG_A                      ; UNREGISTERED                            ;
;     -- WIDTH_B                            ; 1                                       ;
;     -- NUMWORDS_B                         ; 0                                       ;
;     -- ADDRESS_REG_B                      ; CLOCK1                                  ;
;     -- OUTDATA_REG_B                      ; UNREGISTERED                            ;
;     -- RAM_BLOCK_TYPE                     ; AUTO                                    ;
;     -- READ_DURING_WRITE_MODE_MIXED_PORTS ; DONT_CARE                               ;
; Entity Instance                           ; ram_16kb:u_ram|altsyncram:ram_byte1     ;
;     -- OPERATION_MODE                     ; SINGLE_PORT                             ;
;     -- WIDTH_A                            ; 8                                       ;
;     -- NUMWORDS_A                         ; 4096                                    ;
;     -- OUTDATA_REG_A                      ; UNREGISTERED                            ;
;     -- WIDTH_B                            ; 1                                       ;
;     -- NUMWORDS_B                         ; 0                                       ;
;     -- ADDRESS_REG_B                      ; CLOCK1                                  ;
;     -- OUTDATA_REG_B                      ; UNREGISTERED                            ;
;     -- RAM_BLOCK_TYPE                     ; AUTO                                    ;
;     -- READ_DURING_WRITE_MODE_MIXED_PORTS ; DONT_CARE                               ;
; Entity Instance                           ; ram_16kb:u_ram|altsyncram:ram_byte2     ;
;     -- OPERATION_MODE                     ; SINGLE_PORT                             ;
;     -- WIDTH_A                            ; 8                                       ;
;     -- NUMWORDS_A                         ; 4096                                    ;
;     -- OUTDATA_REG_A                      ; UNREGISTERED                            ;
;     -- WIDTH_B                            ; 1                                       ;
;     -- NUMWORDS_B                         ; 0                                       ;
;     -- ADDRESS_REG_B                      ; CLOCK1                                  ;
;     -- OUTDATA_REG_B                      ; UNREGISTERED                            ;
;     -- RAM_BLOCK_TYPE                     ; AUTO                                    ;
;     -- READ_DURING_WRITE_MODE_MIXED_PORTS ; DONT_CARE                               ;
; Entity Instance                           ; ram_16kb:u_ram|altsyncram:ram_byte3     ;
;     -- OPERATION_MODE                     ; SINGLE_PORT                             ;
;     -- WIDTH_A                            ; 8                                       ;
;     -- NUMWORDS_A                         ; 4096                                    ;
;     -- OUTDATA_REG_A                      ; UNREGISTERED                            ;
;     -- WIDTH_B                            ; 1                                       ;
;     -- NUMWORDS_B                         ; 0                                       ;
;     -- ADDRESS_REG_B                      ; CLOCK1                                  ;
;     -- OUTDATA_REG_B                      ; UNREGISTERED                            ;
;     -- RAM_BLOCK_TYPE                     ; AUTO                                    ;
;     -- READ_DURING_WRITE_MODE_MIXED_PORTS ; DONT_CARE                               ;
; Entity Instance                           ; picorv32:u_cpu|altsyncram:cpuregs_rtl_0 ;
;     -- OPERATION_MODE                     ; DUAL_PORT                               ;
;     -- WIDTH_A                            ; 32                                      ;
;     -- NUMWORDS_A                         ; 32                                      ;
;     -- OUTDATA_REG_A                      ; UNREGISTERED                            ;
;     -- WIDTH_B                            ; 32                                      ;
;     -- NUMWORDS_B                         ; 32                                      ;
;     -- ADDRESS_REG_B                      ; CLOCK0                                  ;
;     -- OUTDATA_REG_B                      ; UNREGISTERED                            ;
;     -- RAM_BLOCK_TYPE                     ; AUTO                                    ;
;     -- READ_DURING_WRITE_MODE_MIXED_PORTS ; DONT_CARE                               ;
; Entity Instance                           ; picorv32:u_cpu|altsyncram:cpuregs_rtl_1 ;
;     -- OPERATION_MODE                     ; DUAL_PORT                               ;
;     -- WIDTH_A                            ; 32                                      ;
;     -- NUMWORDS_A                         ; 32                                      ;
;     -- OUTDATA_REG_A                      ; UNREGISTERED                            ;
;     -- WIDTH_B                            ; 32                                      ;
;     -- NUMWORDS_B                         ; 32                                      ;
;     -- ADDRESS_REG_B                      ; CLOCK0                                  ;
;     -- OUTDATA_REG_B                      ; UNREGISTERED                            ;
;     -- RAM_BLOCK_TYPE                     ; AUTO                                    ;
;     -- READ_DURING_WRITE_MODE_MIXED_PORTS ; DONT_CARE                               ;
+-------------------------------------------+-----------------------------------------+


+---------------------------------------------------------------------------------------------------------------------------------------------------------------------------------+
; Port Connectivity Checks: "picorv32:u_cpu"                                                                                                                                      ;
+--------------+--------+----------+----------------------------------------------------------------------------------------------------------------------------------------------+
; Port         ; Type   ; Severity ; Details                                                                                                                                      ;
+--------------+--------+----------+----------------------------------------------------------------------------------------------------------------------------------------------+
; trap         ; Output ; Info     ; Connected to dangling logic. Logic that only feeds a dangling port will be removed.                                                          ;
; mem_instr    ; Output ; Info     ; Connected to dangling logic. Logic that only feeds a dangling port will be removed.                                                          ;
; mem_la_read  ; Output ; Warning  ; Declared by entity but not connected by instance. Logic that only feeds a dangling port will be removed.                                     ;
; mem_la_write ; Output ; Warning  ; Declared by entity but not connected by instance. Logic that only feeds a dangling port will be removed.                                     ;
; mem_la_addr  ; Output ; Warning  ; Declared by entity but not connected by instance. Logic that only feeds a dangling port will be removed.                                     ;
; mem_la_wdata ; Output ; Warning  ; Declared by entity but not connected by instance. Logic that only feeds a dangling port will be removed.                                     ;
; mem_la_wstrb ; Output ; Warning  ; Declared by entity but not connected by instance. Logic that only feeds a dangling port will be removed.                                     ;
; pcpi_valid   ; Output ; Warning  ; Declared by entity but not connected by instance. Logic that only feeds a dangling port will be removed.                                     ;
; pcpi_insn    ; Output ; Warning  ; Declared by entity but not connected by instance. Logic that only feeds a dangling port will be removed.                                     ;
; pcpi_rs1     ; Output ; Warning  ; Declared by entity but not connected by instance. Logic that only feeds a dangling port will be removed.                                     ;
; pcpi_rs2     ; Output ; Warning  ; Declared by entity but not connected by instance. Logic that only feeds a dangling port will be removed.                                     ;
; pcpi_wr      ; Input  ; Warning  ; Declared by entity but not connected by instance. If a default value exists, it will be used.  Otherwise, the port will be connected to GND. ;
; pcpi_rd      ; Input  ; Warning  ; Declared by entity but not connected by instance. If a default value exists, it will be used.  Otherwise, the port will be connected to GND. ;
; pcpi_wait    ; Input  ; Warning  ; Declared by entity but not connected by instance. If a default value exists, it will be used.  Otherwise, the port will be connected to GND. ;
; pcpi_ready   ; Input  ; Warning  ; Declared by entity but not connected by instance. If a default value exists, it will be used.  Otherwise, the port will be connected to GND. ;
; irq          ; Input  ; Warning  ; Declared by entity but not connected by instance. If a default value exists, it will be used.  Otherwise, the port will be connected to GND. ;
; eoi          ; Output ; Warning  ; Declared by entity but not connected by instance. Logic that only feeds a dangling port will be removed.                                     ;
; trace_valid  ; Output ; Warning  ; Declared by entity but not connected by instance. Logic that only feeds a dangling port will be removed.                                     ;
; trace_data   ; Output ; Warning  ; Declared by entity but not connected by instance. Logic that only feeds a dangling port will be removed.                                     ;
+--------------+--------+----------+----------------------------------------------------------------------------------------------------------------------------------------------+


+-----------------------------------------------------+
; Post-Synthesis Netlist Statistics for Top Partition ;
+-----------------------+-----------------------------+
; Type                  ; Count                       ;
+-----------------------+-----------------------------+
; boundary_port         ; 16                          ;
; cycloneiii_ff         ; 721                         ;
;     CLR               ; 12                          ;
;     CLR SCLR          ; 13                          ;
;     CLR SLD           ; 1                           ;
;     ENA               ; 311                         ;
;     ENA CLR           ; 17                          ;
;     ENA CLR SCLR      ; 13                          ;
;     ENA SCLR          ; 43                          ;
;     ENA SCLR SLD      ; 30                          ;
;     ENA SLD           ; 60                          ;
;     SCLR              ; 17                          ;
;     SCLR SLD          ; 1                           ;
;     SLD               ; 14                          ;
;     plain             ; 189                         ;
; cycloneiii_lcell_comb ; 1586                        ;
;     arith             ; 270                         ;
;         2 data inputs ; 86                          ;
;         3 data inputs ; 184                         ;
;     normal            ; 1316                        ;
;         0 data inputs ; 2                           ;
;         1 data inputs ; 13                          ;
;         2 data inputs ; 156                         ;
;         3 data inputs ; 307                         ;
;         4 data inputs ; 838                         ;
; cycloneiii_ram_block  ; 96                          ;
;                       ;                             ;
; Max LUT depth         ; 8.00                        ;
; Average LUT depth     ; 4.26                        ;
+-----------------------+-----------------------------+


+-------------------------------+
; Elapsed Time Per Partition    ;
+----------------+--------------+
; Partition Name ; Elapsed Time ;
+----------------+--------------+
; Top            ; 00:00:10     ;
+----------------+--------------+


+-------------------------------+
; Analysis & Synthesis Messages ;
+-------------------------------+
Info: *******************************************************************
Info: Running Quartus Prime Analysis & Synthesis
    Info: Version 22.1std.1 Build 917 02/14/2023 SC Lite Edition
    Info: Processing started: Fri Sep 11 01:30:00 2026
Info: Command: quartus_map --read_settings_files=on --write_settings_files=off week6 -c week6
Warning (18236): Number of processors has not been specified which may cause overloading on shared machines.  Set the global assignment NUM_PARALLEL_PROCESSORS in your QSF to an appropriate value for best performance.
Info (20030): Parallel compilation is enabled and will use 2 of the 2 processors detected
Info (12021): Found 2 design units, including 1 entities, in source file /de0-risc-v-mcu/hw/week3/uart.vhd
    Info (12022): Found design unit 1: uart-rtl File: C:/DE0-RISC-V-MCU/hw/week3/uart.vhd Line: 26
    Info (12023): Found entity 1: uart File: C:/DE0-RISC-V-MCU/hw/week3/uart.vhd Line: 5
Warning (10335): Unrecognized synthesis attribute "parallel_case" at picorv32.v(331) File: C:/DE0-RISC-V-MCU/hw/week6/picorv32.v Line: 331
Warning (10335): Unrecognized synthesis attribute "full_case" at picorv32.v(402) File: C:/DE0-RISC-V-MCU/hw/week6/picorv32.v Line: 402
Warning (10335): Unrecognized synthesis attribute "parallel_case" at picorv32.v(1119) File: C:/DE0-RISC-V-MCU/hw/week6/picorv32.v Line: 1119
Warning (10335): Unrecognized synthesis attribute "parallel_case" at picorv32.v(1251) File: C:/DE0-RISC-V-MCU/hw/week6/picorv32.v Line: 1251
Warning (10335): Unrecognized synthesis attribute "full_case" at picorv32.v(1251) File: C:/DE0-RISC-V-MCU/hw/week6/picorv32.v Line: 1251
Warning (10335): Unrecognized synthesis attribute "parallel_case" at picorv32.v(1268) File: C:/DE0-RISC-V-MCU/hw/week6/picorv32.v Line: 1268
Warning (10335): Unrecognized synthesis attribute "full_case" at picorv32.v(1268) File: C:/DE0-RISC-V-MCU/hw/week6/picorv32.v Line: 1268
Warning (10335): Unrecognized synthesis attribute "parallel_case" at picorv32.v(1314) File: C:/DE0-RISC-V-MCU/hw/week6/picorv32.v Line: 1314
Warning (10335): Unrecognized synthesis attribute "parallel_case" at picorv32.v(1485) File: C:/DE0-RISC-V-MCU/hw/week6/picorv32.v Line: 1485
Warning (10335): Unrecognized synthesis attribute "full_case" at picorv32.v(1485) File: C:/DE0-RISC-V-MCU/hw/week6/picorv32.v Line: 1485
Warning (10335): Unrecognized synthesis attribute "parallel_case" at picorv32.v(1497) File: C:/DE0-RISC-V-MCU/hw/week6/picorv32.v Line: 1497
Warning (10335): Unrecognized synthesis attribute "parallel_case" at picorv32.v(1583) File: C:/DE0-RISC-V-MCU/hw/week6/picorv32.v Line: 1583
Warning (10335): Unrecognized synthesis attribute "parallel_case" at picorv32.v(1627) File: C:/DE0-RISC-V-MCU/hw/week6/picorv32.v Line: 1627
Warning (10335): Unrecognized synthesis attribute "full_case" at picorv32.v(1627) File: C:/DE0-RISC-V-MCU/hw/week6/picorv32.v Line: 1627
Warning (10335): Unrecognized synthesis attribute "parallel_case" at picorv32.v(1735) File: C:/DE0-RISC-V-MCU/hw/week6/picorv32.v Line: 1735
Warning (10335): Unrecognized synthesis attribute "parallel_case" at picorv32.v(1766) File: C:/DE0-RISC-V-MCU/hw/week6/picorv32.v Line: 1766
Warning (10335): Unrecognized synthesis attribute "parallel_case" at picorv32.v(1836) File: C:/DE0-RISC-V-MCU/hw/week6/picorv32.v Line: 1836
Warning (10335): Unrecognized synthesis attribute "full_case" at picorv32.v(1836) File: C:/DE0-RISC-V-MCU/hw/week6/picorv32.v Line: 1836
Warning (10335): Unrecognized synthesis attribute "parallel_case" at picorv32.v(1844) File: C:/DE0-RISC-V-MCU/hw/week6/picorv32.v Line: 1844
Warning (10335): Unrecognized synthesis attribute "full_case" at picorv32.v(1844) File: C:/DE0-RISC-V-MCU/hw/week6/picorv32.v Line: 1844
Warning (10335): Unrecognized synthesis attribute "parallel_case" at picorv32.v(1859) File: C:/DE0-RISC-V-MCU/hw/week6/picorv32.v Line: 1859
Warning (10335): Unrecognized synthesis attribute "full_case" at picorv32.v(1859) File: C:/DE0-RISC-V-MCU/hw/week6/picorv32.v Line: 1859
Warning (10335): Unrecognized synthesis attribute "parallel_case" at picorv32.v(1884) File: C:/DE0-RISC-V-MCU/hw/week6/picorv32.v Line: 1884
Warning (10335): Unrecognized synthesis attribute "full_case" at picorv32.v(1884) File: C:/DE0-RISC-V-MCU/hw/week6/picorv32.v Line: 1884
Warning (10335): Unrecognized synthesis attribute "parallel_case" at picorv32.v(1901) File: C:/DE0-RISC-V-MCU/hw/week6/picorv32.v Line: 1901
Warning (10335): Unrecognized synthesis attribute "full_case" at picorv32.v(1901) File: C:/DE0-RISC-V-MCU/hw/week6/picorv32.v Line: 1901
Info (12021): Found 8 design units, including 8 entities, in source file picorv32.v
    Info (12023): Found entity 1: picorv32 File: C:/DE0-RISC-V-MCU/hw/week6/picorv32.v Line: 62
    Info (12023): Found entity 2: picorv32_regs File: C:/DE0-RISC-V-MCU/hw/week6/picorv32.v Line: 2174
    Info (12023): Found entity 3: picorv32_pcpi_mul File: C:/DE0-RISC-V-MCU/hw/week6/picorv32.v Line: 2197
    Info (12023): Found entity 4: picorv32_pcpi_fast_mul File: C:/DE0-RISC-V-MCU/hw/week6/picorv32.v Line: 2318
    Info (12023): Found entity 5: picorv32_pcpi_div File: C:/DE0-RISC-V-MCU/hw/week6/picorv32.v Line: 2420
    Info (12023): Found entity 6: picorv32_axi File: C:/DE0-RISC-V-MCU/hw/week6/picorv32.v Line: 2517
    Info (12023): Found entity 7: picorv32_axi_adapter File: C:/DE0-RISC-V-MCU/hw/week6/picorv32.v Line: 2731
    Info (12023): Found entity 8: picorv32_wb File: C:/DE0-RISC-V-MCU/hw/week6/picorv32.v Line: 2815
Info (12021): Found 2 design units, including 1 entities, in source file ram_16kb.vhd
    Info (12022): Found design unit 1: ram_16kb-rtl File: C:/DE0-RISC-V-MCU/hw/week6/ram_16kb.vhd Line: 22
    Info (12023): Found entity 1: ram_16kb File: C:/DE0-RISC-V-MCU/hw/week6/ram_16kb.vhd Line: 11
Info (12021): Found 2 design units, including 1 entities, in source file bootloader.vhd
    Info (12022): Found design unit 1: bootloader-rtl File: C:/DE0-RISC-V-MCU/hw/week6/bootloader.vhd Line: 32
    Info (12023): Found entity 1: bootloader File: C:/DE0-RISC-V-MCU/hw/week6/bootloader.vhd Line: 11
Info (12021): Found 2 design units, including 1 entities, in source file soc_boot_top.vhd
    Info (12022): Found design unit 1: soc_boot_top-rtl File: C:/DE0-RISC-V-MCU/hw/week6/soc_boot_top.vhd Line: 25
    Info (12023): Found entity 1: soc_boot_top File: C:/DE0-RISC-V-MCU/hw/week6/soc_boot_top.vhd Line: 12
Info (12127): Elaborating entity "soc_boot_top" for the top level hierarchy
Warning (10036): Verilog HDL or VHDL warning at soc_boot_top.vhd(119): object "cpu_mem_instr" assigned a value but never read File: C:/DE0-RISC-V-MCU/hw/week6/soc_boot_top.vhd Line: 119
Warning (10036): Verilog HDL or VHDL warning at soc_boot_top.vhd(125): object "cpu_trap" assigned a value but never read File: C:/DE0-RISC-V-MCU/hw/week6/soc_boot_top.vhd Line: 125
Info (12128): Elaborating entity "uart" for hierarchy "uart:u_uart" File: C:/DE0-RISC-V-MCU/hw/week6/soc_boot_top.vhd Line: 167
Info (12128): Elaborating entity "bootloader" for hierarchy "bootloader:u_boot" File: C:/DE0-RISC-V-MCU/hw/week6/soc_boot_top.vhd Line: 190
Info (12128): Elaborating entity "ram_16kb" for hierarchy "ram_16kb:u_ram" File: C:/DE0-RISC-V-MCU/hw/week6/soc_boot_top.vhd Line: 220
Info (12128): Elaborating entity "altsyncram" for hierarchy "ram_16kb:u_ram|altsyncram:ram_byte0" File: C:/DE0-RISC-V-MCU/hw/week6/ram_16kb.vhd Line: 44
Info (12130): Elaborated megafunction instantiation "ram_16kb:u_ram|altsyncram:ram_byte0" File: C:/DE0-RISC-V-MCU/hw/week6/ram_16kb.vhd Line: 44
Info (12133): Instantiated megafunction "ram_16kb:u_ram|altsyncram:ram_byte0" with the following parameter: File: C:/DE0-RISC-V-MCU/hw/week6/ram_16kb.vhd Line: 44
    Info (12134): Parameter "address_aclr_a" = "UNUSED"
    Info (12134): Parameter "address_aclr_b" = "NONE"
    Info (12134): Parameter "address_reg_b" = "CLOCK1"
    Info (12134): Parameter "byte_size" = "8"
    Info (12134): Parameter "byteena_aclr_a" = "UNUSED"
    Info (12134): Parameter "byteena_aclr_b" = "NONE"
    Info (12134): Parameter "byteena_reg_b" = "CLOCK1"
    Info (12134): Parameter "clock_enable_core_a" = "USE_INPUT_CLKEN"
    Info (12134): Parameter "clock_enable_core_b" = "USE_INPUT_CLKEN"
    Info (12134): Parameter "clock_enable_input_a" = "NORMAL"
    Info (12134): Parameter "clock_enable_input_b" = "NORMAL"
    Info (12134): Parameter "clock_enable_output_a" = "NORMAL"
    Info (12134): Parameter "clock_enable_output_b" = "NORMAL"
    Info (12134): Parameter "intended_device_family" = "Cyclone IV E"
    Info (12134): Parameter "ecc_pipeline_stage_enabled" = "FALSE"
    Info (12134): Parameter "enable_ecc" = "FALSE"
    Info (12134): Parameter "implement_in_les" = "OFF"
    Info (12134): Parameter "indata_aclr_a" = "UNUSED"
    Info (12134): Parameter "indata_aclr_b" = "NONE"
    Info (12134): Parameter "indata_reg_b" = "CLOCK1"
    Info (12134): Parameter "init_file" = "ram_byte0.mif"
    Info (12134): Parameter "init_file_layout" = "PORT_A"
    Info (12134): Parameter "maximum_depth" = "0"
    Info (12134): Parameter "numwords_a" = "4096"
    Info (12134): Parameter "numwords_b" = "0"
    Info (12134): Parameter "operation_mode" = "SINGLE_PORT"
    Info (12134): Parameter "outdata_aclr_a" = "NONE"
    Info (12134): Parameter "outdata_aclr_b" = "NONE"
    Info (12134): Parameter "outdata_reg_a" = "UNREGISTERED"
    Info (12134): Parameter "outdata_reg_b" = "UNREGISTERED"
    Info (12134): Parameter "power_up_uninitialized" = "FALSE"
    Info (12134): Parameter "ram_block_type" = "AUTO"
    Info (12134): Parameter "rdcontrol_aclr_b" = "NONE"
    Info (12134): Parameter "rdcontrol_reg_b" = "CLOCK1"
    Info (12134): Parameter "read_during_write_mode_mixed_ports" = "DONT_CARE"
    Info (12134): Parameter "read_during_write_mode_port_a" = "NEW_DATA_NO_NBE_READ"
    Info (12134): Parameter "read_during_write_mode_port_b" = "NEW_DATA_NO_NBE_READ"
    Info (12134): Parameter "stratixiv_m144k_allow_dual_clocks" = "ON"
    Info (12134): Parameter "width_a" = "8"
    Info (12134): Parameter "width_b" = "1"
    Info (12134): Parameter "width_byteena_a" = "1"
    Info (12134): Parameter "width_byteena_b" = "1"
    Info (12134): Parameter "width_eccstatus" = "3"
    Info (12134): Parameter "widthad_a" = "12"
    Info (12134): Parameter "widthad_b" = "1"
    Info (12134): Parameter "wrcontrol_aclr_a" = "UNUSED"
    Info (12134): Parameter "wrcontrol_aclr_b" = "NONE"
    Info (12134): Parameter "wrcontrol_wraddress_reg_b" = "CLOCK1"
    Info (12134): Parameter "lpm_hint" = "UNUSED"
    Info (12134): Parameter "lpm_type" = "altsyncram"
Info (12021): Found 1 design units, including 1 entities, in source file db/altsyncram_94q3.tdf
    Info (12023): Found entity 1: altsyncram_94q3 File: C:/DE0-RISC-V-MCU/hw/week6/db/altsyncram_94q3.tdf Line: 28
Info (12128): Elaborating entity "altsyncram_94q3" for hierarchy "ram_16kb:u_ram|altsyncram:ram_byte0|altsyncram_94q3:auto_generated" File: e:/intelfpga_lite/22.1std/quartus/libraries/megafunctions/altsyncram.tdf Line: 792
Info (12128): Elaborating entity "altsyncram" for hierarchy "ram_16kb:u_ram|altsyncram:ram_byte1" File: C:/DE0-RISC-V-MCU/hw/week6/ram_16kb.vhd Line: 67
Info (12130): Elaborated megafunction instantiation "ram_16kb:u_ram|altsyncram:ram_byte1" File: C:/DE0-RISC-V-MCU/hw/week6/ram_16kb.vhd Line: 67
Info (12133): Instantiated megafunction "ram_16kb:u_ram|altsyncram:ram_byte1" with the following parameter: File: C:/DE0-RISC-V-MCU/hw/week6/ram_16kb.vhd Line: 67
    Info (12134): Parameter "address_aclr_a" = "UNUSED"
    Info (12134): Parameter "address_aclr_b" = "NONE"
    Info (12134): Parameter "address_reg_b" = "CLOCK1"
    Info (12134): Parameter "byte_size" = "8"
    Info (12134): Parameter "byteena_aclr_a" = "UNUSED"
    Info (12134): Parameter "byteena_aclr_b" = "NONE"
    Info (12134): Parameter "byteena_reg_b" = "CLOCK1"
    Info (12134): Parameter "clock_enable_core_a" = "USE_INPUT_CLKEN"
    Info (12134): Parameter "clock_enable_core_b" = "USE_INPUT_CLKEN"
    Info (12134): Parameter "clock_enable_input_a" = "NORMAL"
    Info (12134): Parameter "clock_enable_input_b" = "NORMAL"
    Info (12134): Parameter "clock_enable_output_a" = "NORMAL"
    Info (12134): Parameter "clock_enable_output_b" = "NORMAL"
    Info (12134): Parameter "intended_device_family" = "Cyclone IV E"
    Info (12134): Parameter "ecc_pipeline_stage_enabled" = "FALSE"
    Info (12134): Parameter "enable_ecc" = "FALSE"
    Info (12134): Parameter "implement_in_les" = "OFF"
    Info (12134): Parameter "indata_aclr_a" = "UNUSED"
    Info (12134): Parameter "indata_aclr_b" = "NONE"
    Info (12134): Parameter "indata_reg_b" = "CLOCK1"
    Info (12134): Parameter "init_file" = "ram_byte1.mif"
    Info (12134): Parameter "init_file_layout" = "PORT_A"
    Info (12134): Parameter "maximum_depth" = "0"
    Info (12134): Parameter "numwords_a" = "4096"
    Info (12134): Parameter "numwords_b" = "0"
    Info (12134): Parameter "operation_mode" = "SINGLE_PORT"
    Info (12134): Parameter "outdata_aclr_a" = "NONE"
    Info (12134): Parameter "outdata_aclr_b" = "NONE"
    Info (12134): Parameter "outdata_reg_a" = "UNREGISTERED"
    Info (12134): Parameter "outdata_reg_b" = "UNREGISTERED"
    Info (12134): Parameter "power_up_uninitialized" = "FALSE"
    Info (12134): Parameter "ram_block_type" = "AUTO"
    Info (12134): Parameter "rdcontrol_aclr_b" = "NONE"
    Info (12134): Parameter "rdcontrol_reg_b" = "CLOCK1"
    Info (12134): Parameter "read_during_write_mode_mixed_ports" = "DONT_CARE"
    Info (12134): Parameter "read_during_write_mode_port_a" = "NEW_DATA_NO_NBE_READ"
    Info (12134): Parameter "read_during_write_mode_port_b" = "NEW_DATA_NO_NBE_READ"
    Info (12134): Parameter "stratixiv_m144k_allow_dual_clocks" = "ON"
    Info (12134): Parameter "width_a" = "8"
    Info (12134): Parameter "width_b" = "1"
    Info (12134): Parameter "width_byteena_a" = "1"
    Info (12134): Parameter "width_byteena_b" = "1"
    Info (12134): Parameter "width_eccstatus" = "3"
    Info (12134): Parameter "widthad_a" = "12"
    Info (12134): Parameter "widthad_b" = "1"
    Info (12134): Parameter "wrcontrol_aclr_a" = "UNUSED"
    Info (12134): Parameter "wrcontrol_aclr_b" = "NONE"
    Info (12134): Parameter "wrcontrol_wraddress_reg_b" = "CLOCK1"
    Info (12134): Parameter "lpm_hint" = "UNUSED"
    Info (12134): Parameter "lpm_type" = "altsyncram"
Info (12021): Found 1 design units, including 1 entities, in source file db/altsyncram_a4q3.tdf
    Info (12023): Found entity 1: altsyncram_a4q3 File: C:/DE0-RISC-V-MCU/hw/week6/db/altsyncram_a4q3.tdf Line: 28
Info (12128): Elaborating entity "altsyncram_a4q3" for hierarchy "ram_16kb:u_ram|altsyncram:ram_byte1|altsyncram_a4q3:auto_generated" File: e:/intelfpga_lite/22.1std/quartus/libraries/megafunctions/altsyncram.tdf Line: 792
Info (12128): Elaborating entity "altsyncram" for hierarchy "ram_16kb:u_ram|altsyncram:ram_byte2" File: C:/DE0-RISC-V-MCU/hw/week6/ram_16kb.vhd Line: 90
Info (12130): Elaborated megafunction instantiation "ram_16kb:u_ram|altsyncram:ram_byte2" File: C:/DE0-RISC-V-MCU/hw/week6/ram_16kb.vhd Line: 90
Info (12133): Instantiated megafunction "ram_16kb:u_ram|altsyncram:ram_byte2" with the following parameter: File: C:/DE0-RISC-V-MCU/hw/week6/ram_16kb.vhd Line: 90
    Info (12134): Parameter "address_aclr_a" = "UNUSED"
    Info (12134): Parameter "address_aclr_b" = "NONE"
    Info (12134): Parameter "address_reg_b" = "CLOCK1"
    Info (12134): Parameter "byte_size" = "8"
    Info (12134): Parameter "byteena_aclr_a" = "UNUSED"
    Info (12134): Parameter "byteena_aclr_b" = "NONE"
    Info (12134): Parameter "byteena_reg_b" = "CLOCK1"
    Info (12134): Parameter "clock_enable_core_a" = "USE_INPUT_CLKEN"
    Info (12134): Parameter "clock_enable_core_b" = "USE_INPUT_CLKEN"
    Info (12134): Parameter "clock_enable_input_a" = "NORMAL"
    Info (12134): Parameter "clock_enable_input_b" = "NORMAL"
    Info (12134): Parameter "clock_enable_output_a" = "NORMAL"
    Info (12134): Parameter "clock_enable_output_b" = "NORMAL"
    Info (12134): Parameter "intended_device_family" = "Cyclone IV E"
    Info (12134): Parameter "ecc_pipeline_stage_enabled" = "FALSE"
    Info (12134): Parameter "enable_ecc" = "FALSE"
    Info (12134): Parameter "implement_in_les" = "OFF"
    Info (12134): Parameter "indata_aclr_a" = "UNUSED"
    Info (12134): Parameter "indata_aclr_b" = "NONE"
    Info (12134): Parameter "indata_reg_b" = "CLOCK1"
    Info (12134): Parameter "init_file" = "ram_byte2.mif"
    Info (12134): Parameter "init_file_layout" = "PORT_A"
    Info (12134): Parameter "maximum_depth" = "0"
    Info (12134): Parameter "numwords_a" = "4096"
    Info (12134): Parameter "numwords_b" = "0"
    Info (12134): Parameter "operation_mode" = "SINGLE_PORT"
    Info (12134): Parameter "outdata_aclr_a" = "NONE"
    Info (12134): Parameter "outdata_aclr_b" = "NONE"
    Info (12134): Parameter "outdata_reg_a" = "UNREGISTERED"
    Info (12134): Parameter "outdata_reg_b" = "UNREGISTERED"
    Info (12134): Parameter "power_up_uninitialized" = "FALSE"
    Info (12134): Parameter "ram_block_type" = "AUTO"
    Info (12134): Parameter "rdcontrol_aclr_b" = "NONE"
    Info (12134): Parameter "rdcontrol_reg_b" = "CLOCK1"
    Info (12134): Parameter "read_during_write_mode_mixed_ports" = "DONT_CARE"
    Info (12134): Parameter "read_during_write_mode_port_a" = "NEW_DATA_NO_NBE_READ"
    Info (12134): Parameter "read_during_write_mode_port_b" = "NEW_DATA_NO_NBE_READ"
    Info (12134): Parameter "stratixiv_m144k_allow_dual_clocks" = "ON"
    Info (12134): Parameter "width_a" = "8"
    Info (12134): Parameter "width_b" = "1"
    Info (12134): Parameter "width_byteena_a" = "1"
    Info (12134): Parameter "width_byteena_b" = "1"
    Info (12134): Parameter "width_eccstatus" = "3"
    Info (12134): Parameter "widthad_a" = "12"
    Info (12134): Parameter "widthad_b" = "1"
    Info (12134): Parameter "wrcontrol_aclr_a" = "UNUSED"
    Info (12134): Parameter "wrcontrol_aclr_b" = "NONE"
    Info (12134): Parameter "wrcontrol_wraddress_reg_b" = "CLOCK1"
    Info (12134): Parameter "lpm_hint" = "UNUSED"
    Info (12134): Parameter "lpm_type" = "altsyncram"
Info (12021): Found 1 design units, including 1 entities, in source file db/altsyncram_b4q3.tdf
    Info (12023): Found entity 1: altsyncram_b4q3 File: C:/DE0-RISC-V-MCU/hw/week6/db/altsyncram_b4q3.tdf Line: 28
Info (12128): Elaborating entity "altsyncram_b4q3" for hierarchy "ram_16kb:u_ram|altsyncram:ram_byte2|altsyncram_b4q3:auto_generated" File: e:/intelfpga_lite/22.1std/quartus/libraries/megafunctions/altsyncram.tdf Line: 792
Info (12128): Elaborating entity "altsyncram" for hierarchy "ram_16kb:u_ram|altsyncram:ram_byte3" File: C:/DE0-RISC-V-MCU/hw/week6/ram_16kb.vhd Line: 113
Info (12130): Elaborated megafunction instantiation "ram_16kb:u_ram|altsyncram:ram_byte3" File: C:/DE0-RISC-V-MCU/hw/week6/ram_16kb.vhd Line: 113
Info (12133): Instantiated megafunction "ram_16kb:u_ram|altsyncram:ram_byte3" with the following parameter: File: C:/DE0-RISC-V-MCU/hw/week6/ram_16kb.vhd Line: 113
    Info (12134): Parameter "address_aclr_a" = "UNUSED"
    Info (12134): Parameter "address_aclr_b" = "NONE"
    Info (12134): Parameter "address_reg_b" = "CLOCK1"
    Info (12134): Parameter "byte_size" = "8"
    Info (12134): Parameter "byteena_aclr_a" = "UNUSED"
    Info (12134): Parameter "byteena_aclr_b" = "NONE"
    Info (12134): Parameter "byteena_reg_b" = "CLOCK1"
    Info (12134): Parameter "clock_enable_core_a" = "USE_INPUT_CLKEN"
    Info (12134): Parameter "clock_enable_core_b" = "USE_INPUT_CLKEN"
    Info (12134): Parameter "clock_enable_input_a" = "NORMAL"
    Info (12134): Parameter "clock_enable_input_b" = "NORMAL"
    Info (12134): Parameter "clock_enable_output_a" = "NORMAL"
    Info (12134): Parameter "clock_enable_output_b" = "NORMAL"
    Info (12134): Parameter "intended_device_family" = "Cyclone IV E"
    Info (12134): Parameter "ecc_pipeline_stage_enabled" = "FALSE"
    Info (12134): Parameter "enable_ecc" = "FALSE"
    Info (12134): Parameter "implement_in_les" = "OFF"
    Info (12134): Parameter "indata_aclr_a" = "UNUSED"
    Info (12134): Parameter "indata_aclr_b" = "NONE"
    Info (12134): Parameter "indata_reg_b" = "CLOCK1"
    Info (12134): Parameter "init_file" = "ram_byte3.mif"
    Info (12134): Parameter "init_file_layout" = "PORT_A"
    Info (12134): Parameter "maximum_depth" = "0"
    Info (12134): Parameter "numwords_a" = "4096"
    Info (12134): Parameter "numwords_b" = "0"
    Info (12134): Parameter "operation_mode" = "SINGLE_PORT"
    Info (12134): Parameter "outdata_aclr_a" = "NONE"
    Info (12134): Parameter "outdata_aclr_b" = "NONE"
    Info (12134): Parameter "outdata_reg_a" = "UNREGISTERED"
    Info (12134): Parameter "outdata_reg_b" = "UNREGISTERED"
    Info (12134): Parameter "power_up_uninitialized" = "FALSE"
    Info (12134): Parameter "ram_block_type" = "AUTO"
    Info (12134): Parameter "rdcontrol_aclr_b" = "NONE"
    Info (12134): Parameter "rdcontrol_reg_b" = "CLOCK1"
    Info (12134): Parameter "read_during_write_mode_mixed_ports" = "DONT_CARE"
    Info (12134): Parameter "read_during_write_mode_port_a" = "NEW_DATA_NO_NBE_READ"
    Info (12134): Parameter "read_during_write_mode_port_b" = "NEW_DATA_NO_NBE_READ"
    Info (12134): Parameter "stratixiv_m144k_allow_dual_clocks" = "ON"
    Info (12134): Parameter "width_a" = "8"
    Info (12134): Parameter "width_b" = "1"
    Info (12134): Parameter "width_byteena_a" = "1"
    Info (12134): Parameter "width_byteena_b" = "1"
    Info (12134): Parameter "width_eccstatus" = "3"
    Info (12134): Parameter "widthad_a" = "12"
    Info (12134): Parameter "widthad_b" = "1"
    Info (12134): Parameter "wrcontrol_aclr_a" = "UNUSED"
    Info (12134): Parameter "wrcontrol_aclr_b" = "NONE"
    Info (12134): Parameter "wrcontrol_wraddress_reg_b" = "CLOCK1"
    Info (12134): Parameter "lpm_hint" = "UNUSED"
    Info (12134): Parameter "lpm_type" = "altsyncram"
Info (12021): Found 1 design units, including 1 entities, in source file db/altsyncram_c4q3.tdf
    Info (12023): Found entity 1: altsyncram_c4q3 File: C:/DE0-RISC-V-MCU/hw/week6/db/altsyncram_c4q3.tdf Line: 28
Info (12128): Elaborating entity "altsyncram_c4q3" for hierarchy "ram_16kb:u_ram|altsyncram:ram_byte3|altsyncram_c4q3:auto_generated" File: e:/intelfpga_lite/22.1std/quartus/libraries/megafunctions/altsyncram.tdf Line: 792
Info (12128): Elaborating entity "picorv32" for hierarchy "picorv32:u_cpu" File: C:/DE0-RISC-V-MCU/hw/week6/soc_boot_top.vhd Line: 272
Warning (10036): Verilog HDL or VHDL warning at picorv32.v(181): object "dbg_insn_addr" assigned a value but never read File: C:/DE0-RISC-V-MCU/hw/week6/picorv32.v Line: 181
Warning (10036): Verilog HDL or VHDL warning at picorv32.v(183): object "dbg_mem_valid" assigned a value but never read File: C:/DE0-RISC-V-MCU/hw/week6/picorv32.v Line: 183
Warning (10036): Verilog HDL or VHDL warning at picorv32.v(184): object "dbg_mem_instr" assigned a value but never read File: C:/DE0-RISC-V-MCU/hw/week6/picorv32.v Line: 184
Warning (10036): Verilog HDL or VHDL warning at picorv32.v(185): object "dbg_mem_ready" assigned a value but never read File: C:/DE0-RISC-V-MCU/hw/week6/picorv32.v Line: 185
Warning (10036): Verilog HDL or VHDL warning at picorv32.v(186): object "dbg_mem_addr" assigned a value but never read File: C:/DE0-RISC-V-MCU/hw/week6/picorv32.v Line: 186
Warning (10036): Verilog HDL or VHDL warning at picorv32.v(187): object "dbg_mem_wdata" assigned a value but never read File: C:/DE0-RISC-V-MCU/hw/week6/picorv32.v Line: 187
Warning (10036): Verilog HDL or VHDL warning at picorv32.v(188): object "dbg_mem_wstrb" assigned a value but never read File: C:/DE0-RISC-V-MCU/hw/week6/picorv32.v Line: 188
Warning (10036): Verilog HDL or VHDL warning at picorv32.v(189): object "dbg_mem_rdata" assigned a value but never read File: C:/DE0-RISC-V-MCU/hw/week6/picorv32.v Line: 189
Warning (10036): Verilog HDL or VHDL warning at picorv32.v(375): object "mem_busy" assigned a value but never read File: C:/DE0-RISC-V-MCU/hw/week6/picorv32.v Line: 375
Warning (10036): Verilog HDL or VHDL warning at picorv32.v(696): object "dbg_rs1val" assigned a value but never read File: C:/DE0-RISC-V-MCU/hw/week6/picorv32.v Line: 696
Warning (10036): Verilog HDL or VHDL warning at picorv32.v(697): object "dbg_rs2val" assigned a value but never read File: C:/DE0-RISC-V-MCU/hw/week6/picorv32.v Line: 697
Warning (10036): Verilog HDL or VHDL warning at picorv32.v(698): object "dbg_rs1val_valid" assigned a value but never read File: C:/DE0-RISC-V-MCU/hw/week6/picorv32.v Line: 698
Warning (10036): Verilog HDL or VHDL warning at picorv32.v(699): object "dbg_rs2val_valid" assigned a value but never read File: C:/DE0-RISC-V-MCU/hw/week6/picorv32.v Line: 699
Warning (10036): Verilog HDL or VHDL warning at picorv32.v(769): object "dbg_valid_insn" assigned a value but never read File: C:/DE0-RISC-V-MCU/hw/week6/picorv32.v Line: 769
Warning (10036): Verilog HDL or VHDL warning at picorv32.v(1184): object "dbg_ascii_state" assigned a value but never read File: C:/DE0-RISC-V-MCU/hw/week6/picorv32.v Line: 1184
Warning (10270): Verilog HDL Case Statement warning at picorv32.v(332): incomplete case statement has no default case item File: C:/DE0-RISC-V-MCU/hw/week6/picorv32.v Line: 332
Warning (10230): Verilog HDL assignment warning at picorv32.v(617): truncated value with size 32 to match size of target (2) File: C:/DE0-RISC-V-MCU/hw/week6/picorv32.v Line: 617
Warning (10230): Verilog HDL assignment warning at picorv32.v(1245): truncated value with size 33 to match size of target (32) File: C:/DE0-RISC-V-MCU/hw/week6/picorv32.v Line: 1245
Warning (10230): Verilog HDL assignment warning at picorv32.v(1250): truncated value with size 32 to match size of target (1) File: C:/DE0-RISC-V-MCU/hw/week6/picorv32.v Line: 1250
Warning (10763): Verilog HDL warning at picorv32.v(1252): case statement has overlapping case item expressions with non-constant or don't care bits - unable to check case statement for completeness File: C:/DE0-RISC-V-MCU/hw/week6/picorv32.v Line: 1252
Warning (10208): Verilog HDL Case Statement warning at picorv32.v(1252): honored full_case synthesis attribute - differences between design synthesis and simulation may occur File: C:/DE0-RISC-V-MCU/hw/week6/picorv32.v Line: 1252
Warning (10763): Verilog HDL warning at picorv32.v(1269): case statement has overlapping case item expressions with non-constant or don't care bits - unable to check case statement for completeness File: C:/DE0-RISC-V-MCU/hw/week6/picorv32.v Line: 1269
Warning (10208): Verilog HDL Case Statement warning at picorv32.v(1269): honored full_case synthesis attribute - differences between design synthesis and simulation may occur File: C:/DE0-RISC-V-MCU/hw/week6/picorv32.v Line: 1269
Warning (10763): Verilog HDL warning at picorv32.v(1315): case statement has overlapping case item expressions with non-constant or don't care bits - unable to check case statement for completeness File: C:/DE0-RISC-V-MCU/hw/week6/picorv32.v Line: 1315
Warning (10270): Verilog HDL Case Statement warning at picorv32.v(1315): incomplete case statement has no default case item File: C:/DE0-RISC-V-MCU/hw/week6/picorv32.v Line: 1315
Warning (10230): Verilog HDL assignment warning at picorv32.v(1349): truncated value with size 32 to match size of target (5) File: C:/DE0-RISC-V-MCU/hw/week6/picorv32.v Line: 1349
Warning (10230): Verilog HDL assignment warning at picorv32.v(1404): truncated value with size 32 to match size of target (5) File: C:/DE0-RISC-V-MCU/hw/week6/picorv32.v Line: 1404
Warning (10763): Verilog HDL warning at picorv32.v(1498): case statement has overlapping case item expressions with non-constant or don't care bits - unable to check case statement for completeness File: C:/DE0-RISC-V-MCU/hw/week6/picorv32.v Line: 1498
Warning (10230): Verilog HDL assignment warning at picorv32.v(1731): truncated value with size 32 to match size of target (5) File: C:/DE0-RISC-V-MCU/hw/week6/picorv32.v Line: 1731
Warning (10230): Verilog HDL assignment warning at picorv32.v(1761): truncated value with size 32 to match size of target (5) File: C:/DE0-RISC-V-MCU/hw/week6/picorv32.v Line: 1761
Warning (10763): Verilog HDL warning at picorv32.v(1837): case statement has overlapping case item expressions with non-constant or don't care bits - unable to check case statement for completeness File: C:/DE0-RISC-V-MCU/hw/week6/picorv32.v Line: 1837
Warning (10208): Verilog HDL Case Statement warning at picorv32.v(1837): honored full_case synthesis attribute - differences between design synthesis and simulation may occur File: C:/DE0-RISC-V-MCU/hw/week6/picorv32.v Line: 1837
Warning (10230): Verilog HDL assignment warning at picorv32.v(1842): truncated value with size 32 to match size of target (5) File: C:/DE0-RISC-V-MCU/hw/week6/picorv32.v Line: 1842
Warning (10763): Verilog HDL warning at picorv32.v(1845): case statement has overlapping case item expressions with non-constant or don't care bits - unable to check case statement for completeness File: C:/DE0-RISC-V-MCU/hw/week6/picorv32.v Line: 1845
Warning (10208): Verilog HDL Case Statement warning at picorv32.v(1845): honored full_case synthesis attribute - differences between design synthesis and simulation may occur File: C:/DE0-RISC-V-MCU/hw/week6/picorv32.v Line: 1845
Warning (10230): Verilog HDL assignment warning at picorv32.v(1850): truncated value with size 32 to match size of target (5) File: C:/DE0-RISC-V-MCU/hw/week6/picorv32.v Line: 1850
Warning (10763): Verilog HDL warning at picorv32.v(1860): case statement has overlapping case item expressions with non-constant or don't care bits - unable to check case statement for completeness File: C:/DE0-RISC-V-MCU/hw/week6/picorv32.v Line: 1860
Warning (10208): Verilog HDL Case Statement warning at picorv32.v(1860): honored full_case synthesis attribute - differences between design synthesis and simulation may occur File: C:/DE0-RISC-V-MCU/hw/week6/picorv32.v Line: 1860
Warning (10763): Verilog HDL warning at picorv32.v(1885): case statement has overlapping case item expressions with non-constant or don't care bits - unable to check case statement for completeness File: C:/DE0-RISC-V-MCU/hw/week6/picorv32.v Line: 1885
Warning (10208): Verilog HDL Case Statement warning at picorv32.v(1885): honored full_case synthesis attribute - differences between design synthesis and simulation may occur File: C:/DE0-RISC-V-MCU/hw/week6/picorv32.v Line: 1885
Warning (10763): Verilog HDL warning at picorv32.v(1902): case statement has overlapping case item expressions with non-constant or don't care bits - unable to check case statement for completeness File: C:/DE0-RISC-V-MCU/hw/week6/picorv32.v Line: 1902
Warning (10208): Verilog HDL Case Statement warning at picorv32.v(1902): honored full_case synthesis attribute - differences between design synthesis and simulation may occur File: C:/DE0-RISC-V-MCU/hw/week6/picorv32.v Line: 1902
Warning (10034): Output port "pcpi_insn" at picorv32.v(111) has no driver File: C:/DE0-RISC-V-MCU/hw/week6/picorv32.v Line: 111
Warning (276020): Inferred RAM node "picorv32:u_cpu|cpuregs_rtl_0" from synchronous design logic.  Pass-through logic has been added to match the read-during-write behavior of the original design.
Warning (276020): Inferred RAM node "picorv32:u_cpu|cpuregs_rtl_1" from synchronous design logic.  Pass-through logic has been added to match the read-during-write behavior of the original design.
Info (19000): Inferred 2 megafunctions from design logic
    Info (276029): Inferred altsyncram megafunction from the following design logic: "picorv32:u_cpu|cpuregs_rtl_0" 
        Info (286033): Parameter OPERATION_MODE set to DUAL_PORT
        Info (286033): Parameter WIDTH_A set to 32
        Info (286033): Parameter WIDTHAD_A set to 5
        Info (286033): Parameter NUMWORDS_A set to 32
        Info (286033): Parameter WIDTH_B set to 32
        Info (286033): Parameter WIDTHAD_B set to 5
        Info (286033): Parameter NUMWORDS_B set to 32
        Info (286033): Parameter ADDRESS_ACLR_A set to NONE
        Info (286033): Parameter OUTDATA_REG_B set to UNREGISTERED
        Info (286033): Parameter ADDRESS_ACLR_B set to NONE
        Info (286033): Parameter OUTDATA_ACLR_B set to NONE
        Info (286033): Parameter ADDRESS_REG_B set to CLOCK0
        Info (286033): Parameter INDATA_ACLR_A set to NONE
        Info (286033): Parameter WRCONTROL_ACLR_A set to NONE
    Info (276029): Inferred altsyncram megafunction from the following design logic: "picorv32:u_cpu|cpuregs_rtl_1" 
        Info (286033): Parameter OPERATION_MODE set to DUAL_PORT
        Info (286033): Parameter WIDTH_A set to 32
        Info (286033): Parameter WIDTHAD_A set to 5
        Info (286033): Parameter NUMWORDS_A set to 32
        Info (286033): Parameter WIDTH_B set to 32
        Info (286033): Parameter WIDTHAD_B set to 5
        Info (286033): Parameter NUMWORDS_B set to 32
        Info (286033): Parameter ADDRESS_ACLR_A set to NONE
        Info (286033): Parameter OUTDATA_REG_B set to UNREGISTERED
        Info (286033): Parameter ADDRESS_ACLR_B set to NONE
        Info (286033): Parameter OUTDATA_ACLR_B set to NONE
        Info (286033): Parameter ADDRESS_REG_B set to CLOCK0
        Info (286033): Parameter INDATA_ACLR_A set to NONE
        Info (286033): Parameter WRCONTROL_ACLR_A set to NONE
Info (12130): Elaborated megafunction instantiation "picorv32:u_cpu|altsyncram:cpuregs_rtl_0"
Info (12133): Instantiated megafunction "picorv32:u_cpu|altsyncram:cpuregs_rtl_0" with the following parameter:
    Info (12134): Parameter "OPERATION_MODE" = "DUAL_PORT"
    Info (12134): Parameter "WIDTH_A" = "32"
    Info (12134): Parameter "WIDTHAD_A" = "5"
    Info (12134): Parameter "NUMWORDS_A" = "32"
    Info (12134): Parameter "WIDTH_B" = "32"
    Info (12134): Parameter "WIDTHAD_B" = "5"
    Info (12134): Parameter "NUMWORDS_B" = "32"
    Info (12134): Parameter "ADDRESS_ACLR_A" = "NONE"
    Info (12134): Parameter "OUTDATA_REG_B" = "UNREGISTERED"
    Info (12134): Parameter "ADDRESS_ACLR_B" = "NONE"
    Info (12134): Parameter "OUTDATA_ACLR_B" = "NONE"
    Info (12134): Parameter "ADDRESS_REG_B" = "CLOCK0"
    Info (12134): Parameter "INDATA_ACLR_A" = "NONE"
    Info (12134): Parameter "WRCONTROL_ACLR_A" = "NONE"
Info (12021): Found 1 design units, including 1 entities, in source file db/altsyncram_trd1.tdf
    Info (12023): Found entity 1: altsyncram_trd1 File: C:/DE0-RISC-V-MCU/hw/week6/db/altsyncram_trd1.tdf Line: 28
Warning (12241): 1 hierarchies have connectivity warnings - see the Connectivity Checks report folder
Info (13000): Registers with preset signals will power-up high File: C:/DE0-RISC-V-MCU/hw/week3/uart.vhd Line: 78
Info (13003): DEV_CLRn pin will set, and not reset, register with preset signal due to NOT Gate Push-Back
Info (286030): Timing-Driven Synthesis is running
Info (17049): 7 registers lost all their fanouts during netlist optimizations.
Info (144001): Generated suppressed messages file C:/DE0-RISC-V-MCU/hw/week6/output_files/week6.map.smsg
Info (16010): Generating hard_block partition "hard_block:auto_generated_inst"
    Info (16011): Adding 0 node(s), including 0 DDIO, 0 PLL, 0 transceiver and 0 LCELL
Info (21057): Implemented 1935 device resources after synthesis - the final resource count might be different
    Info (21058): Implemented 7 input pins
    Info (21059): Implemented 9 output pins
    Info (21061): Implemented 1823 logic cells
    Info (21064): Implemented 96 RAM segments
Info: Quartus Prime Analysis & Synthesis was successful. 0 errors, 75 warnings
    Info: Peak virtual memory: 4841 megabytes
    Info: Processing ended: Fri Sep 11 01:30:40 2026
    Info: Elapsed time: 00:00:40
    Info: Total CPU time (on all processors): 00:00:43


+------------------------------------------+
; Analysis & Synthesis Suppressed Messages ;
+------------------------------------------+
The suppressed messages can be found in C:/DE0-RISC-V-MCU/hw/week6/output_files/week6.map.smsg.


