Timing Analyzer report for week6
Fri Sep 11 01:31:29 2026
Quartus Prime Version 22.1std.1 Build 917 02/14/2023 SC Lite Edition


---------------------
; Table of Contents ;
---------------------
  1. Legal Notice
  2. Timing Analyzer Summary
  3. Parallel Compilation
  4. SDC File List
  5. Clocks
  6. Slow 1200mV 85C Model Fmax Summary
  7. Timing Closure Recommendations
  8. Slow 1200mV 85C Model Setup Summary
  9. Slow 1200mV 85C Model Hold Summary
 10. Slow 1200mV 85C Model Recovery Summary
 11. Slow 1200mV 85C Model Removal Summary
 12. Slow 1200mV 85C Model Minimum Pulse Width Summary
 13. Slow 1200mV 85C Model Setup: 'clk_50'
 14. Slow 1200mV 85C Model Hold: 'clk_50'
 15. Slow 1200mV 85C Model Recovery: 'clk_50'
 16. Slow 1200mV 85C Model Removal: 'clk_50'
 17. Slow 1200mV 85C Model Metastability Summary
 18. Slow 1200mV 0C Model Fmax Summary
 19. Slow 1200mV 0C Model Setup Summary
 20. Slow 1200mV 0C Model Hold Summary
 21. Slow 1200mV 0C Model Recovery Summary
 22. Slow 1200mV 0C Model Removal Summary
 23. Slow 1200mV 0C Model Minimum Pulse Width Summary
 24. Slow 1200mV 0C Model Setup: 'clk_50'
 25. Slow 1200mV 0C Model Hold: 'clk_50'
 26. Slow 1200mV 0C Model Recovery: 'clk_50'
 27. Slow 1200mV 0C Model Removal: 'clk_50'
 28. Slow 1200mV 0C Model Metastability Summary
 29. Fast 1200mV 0C Model Setup Summary
 30. Fast 1200mV 0C Model Hold Summary
 31. Fast 1200mV 0C Model Recovery Summary
 32. Fast 1200mV 0C Model Removal Summary
 33. Fast 1200mV 0C Model Minimum Pulse Width Summary
 34. Fast 1200mV 0C Model Setup: 'clk_50'
 35. Fast 1200mV 0C Model Hold: 'clk_50'
 36. Fast 1200mV 0C Model Recovery: 'clk_50'
 37. Fast 1200mV 0C Model Removal: 'clk_50'
 38. Fast 1200mV 0C Model Metastability Summary
 39. Multicorner Timing Analysis Summary
 40. Board Trace Model Assignments
 41. Input Transition Times
 42. Signal Integrity Metrics (Slow 1200mv 0c Model)
 43. Signal Integrity Metrics (Slow 1200mv 85c Model)
 44. Signal Integrity Metrics (Fast 1200mv 0c Model)
 45. Setup Transfers
 46. Hold Transfers
 47. Recovery Transfers
 48. Removal Transfers
 49. Report TCCS
 50. Report RSKM
 51. Unconstrained Paths Summary
 52. Clock Status Summary
 53. Timing Analyzer Messages



----------------
; Legal Notice ;
----------------
Copyright (C) 2023  Intel Corporation. All rights reserved.
Your use of Intel Corporation's design tools, logic functions 
and other software and tools, and any partner logic 
functions, and any output files from any of the foregoing 
(including device programming or simulation files), and any 
associated documentation or information are expressly subject 
to the terms and conditions of the Intel Program License 
Subscription Agreement, the Intel Quartus Prime License Agreement,
the Intel FPGA IP License Agreement, or other applicable license
agreement, including, without limitation, that your use is for
the sole purpose of programming logic devices manufactured by
Intel and sold by Intel or its authorized distributors.  Please
refer to the applicable agreement for further details, at
https://fpgasoftware.intel.com/eula.



+--------------------------------------------------------------------------------+
; Timing Analyzer Summary                                                        ;
+-----------------------+--------------------------------------------------------+
; Quartus Prime Version ; Version 22.1std.1 Build 917 02/14/2023 SC Lite Edition ;
; Timing Analyzer       ; Legacy Timing Analyzer                                 ;
; Revision Name         ; week6                                                  ;
; Device Family         ; Cyclone IV E                                           ;
; Device Name           ; EP4CE22F17C6                                           ;
; Timing Models         ; Final                                                  ;
; Delay Model           ; Combined                                               ;
; Rise/Fall Delays      ; Enabled                                                ;
+-----------------------+--------------------------------------------------------+


+------------------------------------------+
; Parallel Compilation                     ;
+----------------------------+-------------+
; Processors                 ; Number      ;
+----------------------------+-------------+
; Number detected on machine ; 4           ;
; Maximum allowed            ; 2           ;
;                            ;             ;
; Average used               ; 1.12        ;
; Maximum used               ; 2           ;
;                            ;             ;
; Usage by Processor         ; % Time Used ;
;     Processor 1            ; 100.0%      ;
;     Processor 2            ;  11.9%      ;
+----------------------------+-------------+


+---------------------------------------------------+
; SDC File List                                     ;
+---------------+--------+--------------------------+
; SDC File Path ; Status ; Read at                  ;
+---------------+--------+--------------------------+
; week6.sdc     ; OK     ; Fri Sep 11 01:31:26 2026 ;
+---------------+--------+--------------------------+


+---------------------------------------------------------------------------------------------------------------------------------------------------------------------------------+
; Clocks                                                                                                                                                                          ;
+------------+------+--------+-----------+-------+--------+------------+-----------+-------------+-------+--------+-----------+------------+----------+--------+--------+---------+
; Clock Name ; Type ; Period ; Frequency ; Rise  ; Fall   ; Duty Cycle ; Divide by ; Multiply by ; Phase ; Offset ; Edge List ; Edge Shift ; Inverted ; Master ; Source ; Targets ;
+------------+------+--------+-----------+-------+--------+------------+-----------+-------------+-------+--------+-----------+------------+----------+--------+--------+---------+
; clk_50     ; Base ; 20.000 ; 50.0 MHz  ; 0.000 ; 10.000 ;            ;           ;             ;       ;        ;           ;            ;          ;        ;        ; { clk } ;
+------------+------+--------+-----------+-------+--------+------------+-----------+-------------+-------+--------+-----------+------------+----------+--------+--------+---------+


+-------------------------------------------------+
; Slow 1200mV 85C Model Fmax Summary              ;
+-----------+-----------------+------------+------+
; Fmax      ; Restricted Fmax ; Clock Name ; Note ;
+-----------+-----------------+------------+------+
; 64.89 MHz ; 64.89 MHz       ; clk_50     ;      ;
+-----------+-----------------+------------+------+
This panel reports FMAX for every clock in the design, regardless of the user-specified clock periods.  FMAX is only computed for paths where the source and destination registers or ports are driven by the same clock.  Paths of different clocks, including generated clocks, are ignored.  For paths between a clock and its inversion, FMAX is computed as if the rising and falling edges are scaled along with FMAX, such that the duty cycle (in terms of a percentage) is maintained. Altera recommends that you always use clock constraints and other slack reports for sign-off analysis.


----------------------------------
; Timing Closure Recommendations ;
----------------------------------
HTML report is unavailable in plain text report export.


+-------------------------------------+
; Slow 1200mV 85C Model Setup Summary ;
+--------+-------+--------------------+
; Clock  ; Slack ; End Point TNS      ;
+--------+-------+--------------------+
; clk_50 ; 4.590 ; 0.000              ;
+--------+-------+--------------------+


+------------------------------------+
; Slow 1200mV 85C Model Hold Summary ;
+--------+-------+-------------------+
; Clock  ; Slack ; End Point TNS     ;
+--------+-------+-------------------+
; clk_50 ; 0.320 ; 0.000             ;
+--------+-------+-------------------+


+----------------------------------------+
; Slow 1200mV 85C Model Recovery Summary ;
+--------+-------+-----------------------+
; Clock  ; Slack ; End Point TNS         ;
+--------+-------+-----------------------+
; clk_50 ; 9.653 ; 0.000                 ;
+--------+-------+-----------------------+


+---------------------------------------+
; Slow 1200mV 85C Model Removal Summary ;
+--------+-------+----------------------+
; Clock  ; Slack ; End Point TNS        ;
+--------+-------+----------------------+
; clk_50 ; 1.597 ; 0.000                ;
+--------+-------+----------------------+


+---------------------------------------------------+
; Slow 1200mV 85C Model Minimum Pulse Width Summary ;
+--------+-------+----------------------------------+
; Clock  ; Slack ; End Point TNS                    ;
+--------+-------+----------------------------------+
; clk_50 ; 9.487 ; 0.000                            ;
+--------+-------+----------------------------------+


+----------------------------------------------------------------------------------------------------------------------------------------------------+
; Slow 1200mV 85C Model Setup: 'clk_50'                                                                                                              ;
+--------+---------------------------------+-----------------------------------+--------------+-------------+--------------+------------+------------+
; Slack  ; From Node                       ; To Node                           ; Launch Clock ; Latch Clock ; Relationship ; Clock Skew ; Data Delay ;
+--------+---------------------------------+-----------------------------------+--------------+-------------+--------------+------------+------------+
; 4.590  ; bootloader:u_boot|cpu_reset_int ; led[5]                            ; clk_50       ; clk_50      ; 20.000       ; -2.159     ; 8.251      ;
; 4.838  ; bootloader:u_boot|cpu_reset_int ; led[7]                            ; clk_50       ; clk_50      ; 20.000       ; -2.159     ; 8.003      ;
; 5.735  ; bootloader:u_boot|cpu_reset_int ; led[6]                            ; clk_50       ; clk_50      ; 20.000       ; -2.159     ; 7.106      ;
; 5.766  ; gpio_out_reg[5]                 ; led[5]                            ; clk_50       ; clk_50      ; 20.000       ; -2.153     ; 7.081      ;
; 6.021  ; gpio_out_reg[7]                 ; led[7]                            ; clk_50       ; clk_50      ; 20.000       ; -2.153     ; 6.826      ;
; 6.266  ; bootloader:u_boot|cpu_reset_int ; led[2]                            ; clk_50       ; clk_50      ; 20.000       ; -2.159     ; 6.575      ;
; 6.425  ; bootloader:u_boot|cpu_reset_int ; led[1]                            ; clk_50       ; clk_50      ; 20.000       ; -2.159     ; 6.416      ;
; 6.594  ; gpio_out_reg[4]                 ; led[4]                            ; clk_50       ; clk_50      ; 20.000       ; -2.158     ; 6.248      ;
; 6.797  ; bootloader:u_boot|cpu_reset_int ; led[3]                            ; clk_50       ; clk_50      ; 20.000       ; -2.159     ; 6.044      ;
; 6.966  ; gpio_out_reg[2]                 ; led[2]                            ; clk_50       ; clk_50      ; 20.000       ; -2.158     ; 5.876      ;
; 6.967  ; bootloader:u_boot|cpu_reset_int ; led[0]                            ; clk_50       ; clk_50      ; 20.000       ; -2.159     ; 5.874      ;
; 6.971  ; gpio_out_reg[6]                 ; led[6]                            ; clk_50       ; clk_50      ; 20.000       ; -2.153     ; 5.876      ;
; 7.107  ; bootloader:u_boot|cpu_reset_int ; led[4]                            ; clk_50       ; clk_50      ; 20.000       ; -2.159     ; 5.734      ;
; 7.702  ; gpio_out_reg[1]                 ; led[1]                            ; clk_50       ; clk_50      ; 20.000       ; -2.153     ; 5.145      ;
; 7.777  ; gpio_out_reg[3]                 ; led[3]                            ; clk_50       ; clk_50      ; 20.000       ; -2.153     ; 5.070      ;
; 8.216  ; gpio_out_reg[0]                 ; led[0]                            ; clk_50       ; clk_50      ; 20.000       ; -2.153     ; 4.631      ;
; 8.521  ; reset_n                         ; bootloader:u_boot|address[12]     ; clk_50       ; clk_50      ; 20.000       ; 2.074      ; 8.568      ;
; 8.578  ; reset_n                         ; bootloader:u_boot|address[13]     ; clk_50       ; clk_50      ; 20.000       ; 2.074      ; 8.511      ;
; 8.829  ; reset_n                         ; bootloader:u_boot|address[2]      ; clk_50       ; clk_50      ; 20.000       ; 2.074      ; 8.260      ;
; 8.829  ; reset_n                         ; bootloader:u_boot|address[3]      ; clk_50       ; clk_50      ; 20.000       ; 2.074      ; 8.260      ;
; 8.866  ; reset_n                         ; gpio_out_reg[0]                   ; clk_50       ; clk_50      ; 20.000       ; 2.069      ; 8.218      ;
; 8.866  ; reset_n                         ; gpio_out_reg[1]                   ; clk_50       ; clk_50      ; 20.000       ; 2.069      ; 8.218      ;
; 8.866  ; reset_n                         ; gpio_out_reg[3]                   ; clk_50       ; clk_50      ; 20.000       ; 2.069      ; 8.218      ;
; 8.866  ; reset_n                         ; gpio_out_reg[5]                   ; clk_50       ; clk_50      ; 20.000       ; 2.069      ; 8.218      ;
; 8.866  ; reset_n                         ; gpio_out_reg[6]                   ; clk_50       ; clk_50      ; 20.000       ; 2.069      ; 8.218      ;
; 8.866  ; reset_n                         ; gpio_out_reg[7]                   ; clk_50       ; clk_50      ; 20.000       ; 2.069      ; 8.218      ;
; 9.110  ; reset_n                         ; gpio_out_reg[2]                   ; clk_50       ; clk_50      ; 20.000       ; 2.074      ; 7.979      ;
; 9.110  ; reset_n                         ; gpio_out_reg[4]                   ; clk_50       ; clk_50      ; 20.000       ; 2.074      ; 7.979      ;
; 9.121  ; reset_n                         ; bootloader:u_boot|ram_wdata[2]    ; clk_50       ; clk_50      ; 20.000       ; 2.070      ; 7.964      ;
; 9.305  ; reset_n                         ; bootloader:u_boot|ram_wdata[17]   ; clk_50       ; clk_50      ; 20.000       ; 2.073      ; 7.783      ;
; 9.305  ; reset_n                         ; bootloader:u_boot|ram_wdata[18]   ; clk_50       ; clk_50      ; 20.000       ; 2.073      ; 7.783      ;
; 9.305  ; reset_n                         ; bootloader:u_boot|ram_wdata[7]    ; clk_50       ; clk_50      ; 20.000       ; 2.073      ; 7.783      ;
; 9.305  ; reset_n                         ; bootloader:u_boot|ram_wdata[5]    ; clk_50       ; clk_50      ; 20.000       ; 2.073      ; 7.783      ;
; 9.305  ; reset_n                         ; bootloader:u_boot|ram_wdata[22]   ; clk_50       ; clk_50      ; 20.000       ; 2.073      ; 7.783      ;
; 9.305  ; reset_n                         ; bootloader:u_boot|ram_wdata[21]   ; clk_50       ; clk_50      ; 20.000       ; 2.073      ; 7.783      ;
; 9.316  ; reset_n                         ; bootloader:u_boot|address[8]      ; clk_50       ; clk_50      ; 20.000       ; 2.075      ; 7.774      ;
; 9.316  ; reset_n                         ; bootloader:u_boot|address[9]      ; clk_50       ; clk_50      ; 20.000       ; 2.075      ; 7.774      ;
; 9.336  ; reset_n                         ; bootloader:u_boot|ram_addr[10]    ; clk_50       ; clk_50      ; 20.000       ; 2.073      ; 7.752      ;
; 9.336  ; reset_n                         ; bootloader:u_boot|ram_addr[9]     ; clk_50       ; clk_50      ; 20.000       ; 2.073      ; 7.752      ;
; 9.336  ; reset_n                         ; bootloader:u_boot|ram_addr[4]     ; clk_50       ; clk_50      ; 20.000       ; 2.073      ; 7.752      ;
; 9.336  ; reset_n                         ; bootloader:u_boot|ram_addr[3]     ; clk_50       ; clk_50      ; 20.000       ; 2.073      ; 7.752      ;
; 9.336  ; reset_n                         ; bootloader:u_boot|ram_addr[0]     ; clk_50       ; clk_50      ; 20.000       ; 2.073      ; 7.752      ;
; 9.336  ; reset_n                         ; bootloader:u_boot|ram_wdata[29]   ; clk_50       ; clk_50      ; 20.000       ; 2.073      ; 7.752      ;
; 9.336  ; reset_n                         ; bootloader:u_boot|ram_wdata[28]   ; clk_50       ; clk_50      ; 20.000       ; 2.073      ; 7.752      ;
; 9.336  ; reset_n                         ; bootloader:u_boot|ram_wdata[31]   ; clk_50       ; clk_50      ; 20.000       ; 2.073      ; 7.752      ;
; 9.342  ; reset_n                         ; bootloader:u_boot|ram_wdata[1]    ; clk_50       ; clk_50      ; 20.000       ; 2.074      ; 7.747      ;
; 9.374  ; reset_n                         ; bootloader:u_boot|ram_wdata[16]   ; clk_50       ; clk_50      ; 20.000       ; 2.067      ; 7.708      ;
; 9.374  ; reset_n                         ; bootloader:u_boot|ram_wdata[23]   ; clk_50       ; clk_50      ; 20.000       ; 2.067      ; 7.708      ;
; 9.475  ; uart:u_uart|tx_reg[0]           ; tx                                ; clk_50       ; clk_50      ; 20.000       ; -2.141     ; 3.384      ;
; 9.482  ; reset_n                         ; bootloader:u_boot|address[4]      ; clk_50       ; clk_50      ; 20.000       ; 2.075      ; 7.608      ;
; 9.482  ; reset_n                         ; bootloader:u_boot|address[5]      ; clk_50       ; clk_50      ; 20.000       ; 2.075      ; 7.608      ;
; 9.482  ; reset_n                         ; bootloader:u_boot|address[6]      ; clk_50       ; clk_50      ; 20.000       ; 2.075      ; 7.608      ;
; 9.482  ; reset_n                         ; bootloader:u_boot|address[7]      ; clk_50       ; clk_50      ; 20.000       ; 2.075      ; 7.608      ;
; 9.527  ; reset_n                         ; bootloader:u_boot|address[10]     ; clk_50       ; clk_50      ; 20.000       ; 2.074      ; 7.562      ;
; 9.527  ; reset_n                         ; bootloader:u_boot|address[11]     ; clk_50       ; clk_50      ; 20.000       ; 2.074      ; 7.562      ;
; 9.559  ; reset_n                         ; bootloader:u_boot|ram_wdata[0]    ; clk_50       ; clk_50      ; 20.000       ; 2.069      ; 7.525      ;
; 9.559  ; reset_n                         ; bootloader:u_boot|ram_wdata[26]   ; clk_50       ; clk_50      ; 20.000       ; 2.069      ; 7.525      ;
; 9.616  ; reset_n                         ; bootloader:u_boot|ram_wdata[14]   ; clk_50       ; clk_50      ; 20.000       ; 2.073      ; 7.472      ;
; 9.616  ; reset_n                         ; bootloader:u_boot|ram_wdata[30]   ; clk_50       ; clk_50      ; 20.000       ; 2.073      ; 7.472      ;
; 9.616  ; reset_n                         ; bootloader:u_boot|ram_wdata[15]   ; clk_50       ; clk_50      ; 20.000       ; 2.073      ; 7.472      ;
; 9.616  ; reset_n                         ; bootloader:u_boot|ram_wdata[10]   ; clk_50       ; clk_50      ; 20.000       ; 2.073      ; 7.472      ;
; 9.616  ; reset_n                         ; bootloader:u_boot|ram_wdata[9]    ; clk_50       ; clk_50      ; 20.000       ; 2.073      ; 7.472      ;
; 9.616  ; reset_n                         ; bootloader:u_boot|ram_wdata[8]    ; clk_50       ; clk_50      ; 20.000       ; 2.073      ; 7.472      ;
; 9.616  ; reset_n                         ; bootloader:u_boot|ram_wdata[24]   ; clk_50       ; clk_50      ; 20.000       ; 2.073      ; 7.472      ;
; 9.616  ; reset_n                         ; bootloader:u_boot|ram_wdata[13]   ; clk_50       ; clk_50      ; 20.000       ; 2.073      ; 7.472      ;
; 9.619  ; reset_n                         ; bootloader:u_boot|ram_addr[11]    ; clk_50       ; clk_50      ; 20.000       ; 2.074      ; 7.470      ;
; 9.619  ; reset_n                         ; bootloader:u_boot|ram_addr[8]     ; clk_50       ; clk_50      ; 20.000       ; 2.074      ; 7.470      ;
; 9.619  ; reset_n                         ; bootloader:u_boot|ram_addr[7]     ; clk_50       ; clk_50      ; 20.000       ; 2.074      ; 7.470      ;
; 9.619  ; reset_n                         ; bootloader:u_boot|ram_addr[6]     ; clk_50       ; clk_50      ; 20.000       ; 2.074      ; 7.470      ;
; 9.619  ; reset_n                         ; bootloader:u_boot|ram_addr[5]     ; clk_50       ; clk_50      ; 20.000       ; 2.074      ; 7.470      ;
; 9.619  ; reset_n                         ; bootloader:u_boot|ram_addr[2]     ; clk_50       ; clk_50      ; 20.000       ; 2.074      ; 7.470      ;
; 9.619  ; reset_n                         ; bootloader:u_boot|ram_addr[1]     ; clk_50       ; clk_50      ; 20.000       ; 2.074      ; 7.470      ;
; 9.619  ; reset_n                         ; bootloader:u_boot|ram_wdata[27]   ; clk_50       ; clk_50      ; 20.000       ; 2.074      ; 7.470      ;
; 9.874  ; reset_n                         ; bootloader:u_boot|ram_wdata[6]    ; clk_50       ; clk_50      ; 20.000       ; 2.073      ; 7.214      ;
; 9.874  ; reset_n                         ; bootloader:u_boot|ram_wdata[20]   ; clk_50       ; clk_50      ; 20.000       ; 2.073      ; 7.214      ;
; 9.874  ; reset_n                         ; bootloader:u_boot|ram_wdata[19]   ; clk_50       ; clk_50      ; 20.000       ; 2.073      ; 7.214      ;
; 9.874  ; reset_n                         ; bootloader:u_boot|ram_wdata[12]   ; clk_50       ; clk_50      ; 20.000       ; 2.073      ; 7.214      ;
; 9.874  ; reset_n                         ; bootloader:u_boot|ram_wdata[11]   ; clk_50       ; clk_50      ; 20.000       ; 2.073      ; 7.214      ;
; 9.874  ; reset_n                         ; bootloader:u_boot|ram_wdata[25]   ; clk_50       ; clk_50      ; 20.000       ; 2.073      ; 7.214      ;
; 9.874  ; reset_n                         ; bootloader:u_boot|ram_wdata[4]    ; clk_50       ; clk_50      ; 20.000       ; 2.073      ; 7.214      ;
; 9.874  ; reset_n                         ; bootloader:u_boot|ram_wdata[3]    ; clk_50       ; clk_50      ; 20.000       ; 2.073      ; 7.214      ;
; 10.020 ; reset_n                         ; bootloader:u_boot|byte_idx[1]     ; clk_50       ; clk_50      ; 20.000       ; 2.066      ; 7.061      ;
; 10.020 ; reset_n                         ; bootloader:u_boot|byte_idx[0]     ; clk_50       ; clk_50      ; 20.000       ; 2.066      ; 7.061      ;
; 10.020 ; reset_n                         ; bootloader:u_boot|byte_idx[3]     ; clk_50       ; clk_50      ; 20.000       ; 2.066      ; 7.061      ;
; 10.020 ; reset_n                         ; bootloader:u_boot|byte_idx[2]     ; clk_50       ; clk_50      ; 20.000       ; 2.066      ; 7.061      ;
; 10.020 ; reset_n                         ; bootloader:u_boot|byte_idx[7]     ; clk_50       ; clk_50      ; 20.000       ; 2.066      ; 7.061      ;
; 10.020 ; reset_n                         ; bootloader:u_boot|byte_idx[4]     ; clk_50       ; clk_50      ; 20.000       ; 2.066      ; 7.061      ;
; 10.020 ; reset_n                         ; bootloader:u_boot|byte_idx[5]     ; clk_50       ; clk_50      ; 20.000       ; 2.066      ; 7.061      ;
; 10.020 ; reset_n                         ; bootloader:u_boot|byte_idx[6]     ; clk_50       ; clk_50      ; 20.000       ; 2.066      ; 7.061      ;
; 10.048 ; reset_n                         ; bootloader:u_boot|data_byte[6]    ; clk_50       ; clk_50      ; 20.000       ; 2.075      ; 7.042      ;
; 10.048 ; reset_n                         ; bootloader:u_boot|data_byte[5]    ; clk_50       ; clk_50      ; 20.000       ; 2.075      ; 7.042      ;
; 10.048 ; reset_n                         ; bootloader:u_boot|data_byte[4]    ; clk_50       ; clk_50      ; 20.000       ; 2.075      ; 7.042      ;
; 10.048 ; reset_n                         ; bootloader:u_boot|data_byte[7]    ; clk_50       ; clk_50      ; 20.000       ; 2.075      ; 7.042      ;
; 10.299 ; reset_n                         ; bootloader:u_boot|high_nibble[1]  ; clk_50       ; clk_50      ; 20.000       ; 2.074      ; 6.790      ;
; 10.328 ; reset_n                         ; bootloader:u_boot|high_nibble[2]  ; clk_50       ; clk_50      ; 20.000       ; 2.075      ; 6.762      ;
; 10.328 ; reset_n                         ; bootloader:u_boot|high_nibble[0]  ; clk_50       ; clk_50      ; 20.000       ; 2.075      ; 6.762      ;
; 10.328 ; reset_n                         ; bootloader:u_boot|high_nibble[3]  ; clk_50       ; clk_50      ; 20.000       ; 2.075      ; 6.762      ;
; 10.330 ; reset_n                         ; bootloader:u_boot|word_buffer[10] ; clk_50       ; clk_50      ; 20.000       ; 2.073      ; 6.758      ;
; 10.332 ; reset_n                         ; bootloader:u_boot|word_buffer[9]  ; clk_50       ; clk_50      ; 20.000       ; 2.073      ; 6.756      ;
; 10.418 ; reset_n                         ; bootloader:u_boot|byte_count[2]   ; clk_50       ; clk_50      ; 20.000       ; 2.075      ; 6.672      ;
+--------+---------------------------------+-----------------------------------+--------------+-------------+--------------+------------+------------+


+-----------------------------------------------------------------------------------------------------------------------------------------------------------------------------------------------------------------------------+
; Slow 1200mV 85C Model Hold: 'clk_50'                                                                                                                                                                                        ;
+-------+-------------------------------------------+---------------------------------------------------------------------------------------------------+--------------+-------------+--------------+------------+------------+
; Slack ; From Node                                 ; To Node                                                                                           ; Launch Clock ; Latch Clock ; Relationship ; Clock Skew ; Data Delay ;
+-------+-------------------------------------------+---------------------------------------------------------------------------------------------------+--------------+-------------+--------------+------------+------------+
; 0.320 ; bootloader:u_boot|ram_wdata[9]            ; ram_16kb:u_ram|altsyncram:ram_byte1|altsyncram_a4q3:auto_generated|ram_block1a0~porta_datain_reg0 ; clk_50       ; clk_50      ; 0.000        ; 0.382      ; 0.889      ;
; 0.321 ; bootloader:u_boot|ram_wdata[8]            ; ram_16kb:u_ram|altsyncram:ram_byte1|altsyncram_a4q3:auto_generated|ram_block1a0~porta_datain_reg0 ; clk_50       ; clk_50      ; 0.000        ; 0.382      ; 0.890      ;
; 0.322 ; bootloader:u_boot|ram_wdata[7]            ; ram_16kb:u_ram|altsyncram:ram_byte0|altsyncram_94q3:auto_generated|ram_block1a2~porta_datain_reg0 ; clk_50       ; clk_50      ; 0.000        ; 0.382      ; 0.891      ;
; 0.357 ; bootloader:u_boot|word_buffer[13]         ; bootloader:u_boot|word_buffer[13]                                                                 ; clk_50       ; clk_50      ; 0.000        ; 0.063      ; 0.577      ;
; 0.357 ; bootloader:u_boot|word_buffer[8]          ; bootloader:u_boot|word_buffer[8]                                                                  ; clk_50       ; clk_50      ; 0.000        ; 0.063      ; 0.577      ;
; 0.357 ; bootloader:u_boot|word_buffer[9]          ; bootloader:u_boot|word_buffer[9]                                                                  ; clk_50       ; clk_50      ; 0.000        ; 0.063      ; 0.577      ;
; 0.357 ; bootloader:u_boot|word_buffer[10]         ; bootloader:u_boot|word_buffer[10]                                                                 ; clk_50       ; clk_50      ; 0.000        ; 0.063      ; 0.577      ;
; 0.357 ; bootloader:u_boot|word_buffer[15]         ; bootloader:u_boot|word_buffer[15]                                                                 ; clk_50       ; clk_50      ; 0.000        ; 0.063      ; 0.577      ;
; 0.357 ; bootloader:u_boot|word_buffer[14]         ; bootloader:u_boot|word_buffer[14]                                                                 ; clk_50       ; clk_50      ; 0.000        ; 0.063      ; 0.577      ;
; 0.357 ; bootloader:u_boot|cpu_reset_int           ; bootloader:u_boot|cpu_reset_int                                                                   ; clk_50       ; clk_50      ; 0.000        ; 0.063      ; 0.577      ;
; 0.357 ; bootloader:u_boot|tx_data[6]              ; bootloader:u_boot|tx_data[6]                                                                      ; clk_50       ; clk_50      ; 0.000        ; 0.063      ; 0.577      ;
; 0.358 ; bootloader:u_boot|word_buffer[21]         ; bootloader:u_boot|word_buffer[21]                                                                 ; clk_50       ; clk_50      ; 0.000        ; 0.062      ; 0.577      ;
; 0.358 ; bootloader:u_boot|word_buffer[22]         ; bootloader:u_boot|word_buffer[22]                                                                 ; clk_50       ; clk_50      ; 0.000        ; 0.062      ; 0.577      ;
; 0.358 ; bootloader:u_boot|word_buffer[3]          ; bootloader:u_boot|word_buffer[3]                                                                  ; clk_50       ; clk_50      ; 0.000        ; 0.062      ; 0.577      ;
; 0.358 ; bootloader:u_boot|word_buffer[4]          ; bootloader:u_boot|word_buffer[4]                                                                  ; clk_50       ; clk_50      ; 0.000        ; 0.062      ; 0.577      ;
; 0.358 ; bootloader:u_boot|word_buffer[5]          ; bootloader:u_boot|word_buffer[5]                                                                  ; clk_50       ; clk_50      ; 0.000        ; 0.062      ; 0.577      ;
; 0.358 ; picorv32:u_cpu|mem_rdata_q[14]            ; picorv32:u_cpu|mem_rdata_q[14]                                                                    ; clk_50       ; clk_50      ; 0.000        ; 0.062      ; 0.577      ;
; 0.358 ; picorv32:u_cpu|mem_rdata_q[23]            ; picorv32:u_cpu|mem_rdata_q[23]                                                                    ; clk_50       ; clk_50      ; 0.000        ; 0.062      ; 0.577      ;
; 0.358 ; picorv32:u_cpu|mem_rdata_q[20]            ; picorv32:u_cpu|mem_rdata_q[20]                                                                    ; clk_50       ; clk_50      ; 0.000        ; 0.062      ; 0.577      ;
; 0.358 ; picorv32:u_cpu|mem_rdata_q[22]            ; picorv32:u_cpu|mem_rdata_q[22]                                                                    ; clk_50       ; clk_50      ; 0.000        ; 0.062      ; 0.577      ;
; 0.358 ; bootloader:u_boot|word_buffer[2]          ; bootloader:u_boot|word_buffer[2]                                                                  ; clk_50       ; clk_50      ; 0.000        ; 0.062      ; 0.577      ;
; 0.358 ; bootloader:u_boot|word_buffer[7]          ; bootloader:u_boot|word_buffer[7]                                                                  ; clk_50       ; clk_50      ; 0.000        ; 0.062      ; 0.577      ;
; 0.358 ; bootloader:u_boot|word_buffer[11]         ; bootloader:u_boot|word_buffer[11]                                                                 ; clk_50       ; clk_50      ; 0.000        ; 0.062      ; 0.577      ;
; 0.358 ; bootloader:u_boot|word_buffer[12]         ; bootloader:u_boot|word_buffer[12]                                                                 ; clk_50       ; clk_50      ; 0.000        ; 0.062      ; 0.577      ;
; 0.358 ; bootloader:u_boot|word_buffer[19]         ; bootloader:u_boot|word_buffer[19]                                                                 ; clk_50       ; clk_50      ; 0.000        ; 0.062      ; 0.577      ;
; 0.358 ; bootloader:u_boot|word_buffer[20]         ; bootloader:u_boot|word_buffer[20]                                                                 ; clk_50       ; clk_50      ; 0.000        ; 0.062      ; 0.577      ;
; 0.358 ; bootloader:u_boot|word_buffer[0]          ; bootloader:u_boot|word_buffer[0]                                                                  ; clk_50       ; clk_50      ; 0.000        ; 0.062      ; 0.577      ;
; 0.358 ; bootloader:u_boot|word_buffer[18]         ; bootloader:u_boot|word_buffer[18]                                                                 ; clk_50       ; clk_50      ; 0.000        ; 0.062      ; 0.577      ;
; 0.358 ; bootloader:u_boot|word_buffer[23]         ; bootloader:u_boot|word_buffer[23]                                                                 ; clk_50       ; clk_50      ; 0.000        ; 0.062      ; 0.577      ;
; 0.358 ; bootloader:u_boot|word_buffer[16]         ; bootloader:u_boot|word_buffer[16]                                                                 ; clk_50       ; clk_50      ; 0.000        ; 0.062      ; 0.577      ;
; 0.358 ; bootloader:u_boot|word_buffer[17]         ; bootloader:u_boot|word_buffer[17]                                                                 ; clk_50       ; clk_50      ; 0.000        ; 0.062      ; 0.577      ;
; 0.358 ; bootloader:u_boot|word_buffer[1]          ; bootloader:u_boot|word_buffer[1]                                                                  ; clk_50       ; clk_50      ; 0.000        ; 0.062      ; 0.577      ;
; 0.358 ; bootloader:u_boot|word_buffer[6]          ; bootloader:u_boot|word_buffer[6]                                                                  ; clk_50       ; clk_50      ; 0.000        ; 0.062      ; 0.577      ;
; 0.358 ; bootloader:u_boot|word_pos[1]             ; bootloader:u_boot|word_pos[1]                                                                     ; clk_50       ; clk_50      ; 0.000        ; 0.062      ; 0.577      ;
; 0.358 ; picorv32:u_cpu|mem_state[0]               ; picorv32:u_cpu|mem_state[0]                                                                       ; clk_50       ; clk_50      ; 0.000        ; 0.062      ; 0.577      ;
; 0.358 ; picorv32:u_cpu|mem_state[1]               ; picorv32:u_cpu|mem_state[1]                                                                       ; clk_50       ; clk_50      ; 0.000        ; 0.062      ; 0.577      ;
; 0.358 ; picorv32:u_cpu|mem_do_rdata               ; picorv32:u_cpu|mem_do_rdata                                                                       ; clk_50       ; clk_50      ; 0.000        ; 0.062      ; 0.577      ;
; 0.358 ; picorv32:u_cpu|mem_do_wdata               ; picorv32:u_cpu|mem_do_wdata                                                                       ; clk_50       ; clk_50      ; 0.000        ; 0.062      ; 0.577      ;
; 0.358 ; picorv32:u_cpu|cpu_state.cpu_state_ldmem  ; picorv32:u_cpu|cpu_state.cpu_state_ldmem                                                          ; clk_50       ; clk_50      ; 0.000        ; 0.062      ; 0.577      ;
; 0.358 ; picorv32:u_cpu|cpu_state.cpu_state_stmem  ; picorv32:u_cpu|cpu_state.cpu_state_stmem                                                          ; clk_50       ; clk_50      ; 0.000        ; 0.062      ; 0.577      ;
; 0.358 ; picorv32:u_cpu|reg_op1[1]                 ; picorv32:u_cpu|reg_op1[1]                                                                         ; clk_50       ; clk_50      ; 0.000        ; 0.062      ; 0.577      ;
; 0.358 ; picorv32:u_cpu|reg_op1[0]                 ; picorv32:u_cpu|reg_op1[0]                                                                         ; clk_50       ; clk_50      ; 0.000        ; 0.062      ; 0.577      ;
; 0.358 ; picorv32:u_cpu|latched_is_lb              ; picorv32:u_cpu|latched_is_lb                                                                      ; clk_50       ; clk_50      ; 0.000        ; 0.062      ; 0.577      ;
; 0.358 ; picorv32:u_cpu|latched_is_lh              ; picorv32:u_cpu|latched_is_lh                                                                      ; clk_50       ; clk_50      ; 0.000        ; 0.062      ; 0.577      ;
; 0.358 ; picorv32:u_cpu|mem_valid                  ; picorv32:u_cpu|mem_valid                                                                          ; clk_50       ; clk_50      ; 0.000        ; 0.062      ; 0.577      ;
; 0.358 ; picorv32:u_cpu|mem_rdata_q[3]             ; picorv32:u_cpu|mem_rdata_q[3]                                                                     ; clk_50       ; clk_50      ; 0.000        ; 0.062      ; 0.577      ;
; 0.358 ; picorv32:u_cpu|mem_rdata_q[0]             ; picorv32:u_cpu|mem_rdata_q[0]                                                                     ; clk_50       ; clk_50      ; 0.000        ; 0.062      ; 0.577      ;
; 0.358 ; picorv32:u_cpu|mem_rdata_q[1]             ; picorv32:u_cpu|mem_rdata_q[1]                                                                     ; clk_50       ; clk_50      ; 0.000        ; 0.062      ; 0.577      ;
; 0.358 ; picorv32:u_cpu|mem_rdata_q[21]            ; picorv32:u_cpu|mem_rdata_q[21]                                                                    ; clk_50       ; clk_50      ; 0.000        ; 0.062      ; 0.577      ;
; 0.358 ; picorv32:u_cpu|mem_rdata_q[19]            ; picorv32:u_cpu|mem_rdata_q[19]                                                                    ; clk_50       ; clk_50      ; 0.000        ; 0.062      ; 0.577      ;
; 0.358 ; picorv32:u_cpu|mem_rdata_q[18]            ; picorv32:u_cpu|mem_rdata_q[18]                                                                    ; clk_50       ; clk_50      ; 0.000        ; 0.062      ; 0.577      ;
; 0.358 ; picorv32:u_cpu|mem_rdata_q[13]            ; picorv32:u_cpu|mem_rdata_q[13]                                                                    ; clk_50       ; clk_50      ; 0.000        ; 0.062      ; 0.577      ;
; 0.358 ; picorv32:u_cpu|mem_rdata_q[31]            ; picorv32:u_cpu|mem_rdata_q[31]                                                                    ; clk_50       ; clk_50      ; 0.000        ; 0.062      ; 0.577      ;
; 0.358 ; picorv32:u_cpu|mem_rdata_q[5]             ; picorv32:u_cpu|mem_rdata_q[5]                                                                     ; clk_50       ; clk_50      ; 0.000        ; 0.062      ; 0.577      ;
; 0.358 ; picorv32:u_cpu|mem_rdata_q[4]             ; picorv32:u_cpu|mem_rdata_q[4]                                                                     ; clk_50       ; clk_50      ; 0.000        ; 0.062      ; 0.577      ;
; 0.358 ; picorv32:u_cpu|latched_stalu              ; picorv32:u_cpu|latched_stalu                                                                      ; clk_50       ; clk_50      ; 0.000        ; 0.062      ; 0.577      ;
; 0.358 ; bootloader:u_boot|nibble_count            ; bootloader:u_boot|nibble_count                                                                    ; clk_50       ; clk_50      ; 0.000        ; 0.062      ; 0.577      ;
; 0.358 ; uart:u_uart|rx_bit_cnt[0]                 ; uart:u_uart|rx_bit_cnt[0]                                                                         ; clk_50       ; clk_50      ; 0.000        ; 0.062      ; 0.577      ;
; 0.358 ; uart:u_uart|rx_bit_cnt[2]                 ; uart:u_uart|rx_bit_cnt[2]                                                                         ; clk_50       ; clk_50      ; 0.000        ; 0.062      ; 0.577      ;
; 0.358 ; uart:u_uart|rx_bit_cnt[1]                 ; uart:u_uart|rx_bit_cnt[1]                                                                         ; clk_50       ; clk_50      ; 0.000        ; 0.062      ; 0.577      ;
; 0.358 ; uart:u_uart|rx_state.WAIT_HALF            ; uart:u_uart|rx_state.WAIT_HALF                                                                    ; clk_50       ; clk_50      ; 0.000        ; 0.062      ; 0.577      ;
; 0.358 ; uart:u_uart|rx_state.R_DATA               ; uart:u_uart|rx_state.R_DATA                                                                       ; clk_50       ; clk_50      ; 0.000        ; 0.062      ; 0.577      ;
; 0.358 ; uart:u_uart|rx_state.STOP_BIT             ; uart:u_uart|rx_state.STOP_BIT                                                                     ; clk_50       ; clk_50      ; 0.000        ; 0.062      ; 0.577      ;
; 0.358 ; uart:u_uart|rx_state.IDLE                 ; uart:u_uart|rx_state.IDLE                                                                         ; clk_50       ; clk_50      ; 0.000        ; 0.062      ; 0.577      ;
; 0.358 ; por_counter[4]                            ; por_counter[4]                                                                                    ; clk_50       ; clk_50      ; 0.000        ; 0.062      ; 0.577      ;
; 0.359 ; picorv32:u_cpu|cpu_state.cpu_state_fetch  ; picorv32:u_cpu|cpu_state.cpu_state_fetch                                                          ; clk_50       ; clk_50      ; 0.000        ; 0.061      ; 0.577      ;
; 0.359 ; picorv32:u_cpu|cpu_state.cpu_state_trap   ; picorv32:u_cpu|cpu_state.cpu_state_trap                                                           ; clk_50       ; clk_50      ; 0.000        ; 0.061      ; 0.577      ;
; 0.359 ; picorv32:u_cpu|mem_rdata_q[6]             ; picorv32:u_cpu|mem_rdata_q[6]                                                                     ; clk_50       ; clk_50      ; 0.000        ; 0.061      ; 0.577      ;
; 0.359 ; picorv32:u_cpu|mem_rdata_q[25]            ; picorv32:u_cpu|mem_rdata_q[25]                                                                    ; clk_50       ; clk_50      ; 0.000        ; 0.061      ; 0.577      ;
; 0.359 ; picorv32:u_cpu|mem_rdata_q[26]            ; picorv32:u_cpu|mem_rdata_q[26]                                                                    ; clk_50       ; clk_50      ; 0.000        ; 0.061      ; 0.577      ;
; 0.359 ; picorv32:u_cpu|mem_rdata_q[30]            ; picorv32:u_cpu|mem_rdata_q[30]                                                                    ; clk_50       ; clk_50      ; 0.000        ; 0.061      ; 0.577      ;
; 0.359 ; picorv32:u_cpu|mem_rdata_q[24]            ; picorv32:u_cpu|mem_rdata_q[24]                                                                    ; clk_50       ; clk_50      ; 0.000        ; 0.061      ; 0.577      ;
; 0.359 ; picorv32:u_cpu|mem_rdata_q[29]            ; picorv32:u_cpu|mem_rdata_q[29]                                                                    ; clk_50       ; clk_50      ; 0.000        ; 0.061      ; 0.577      ;
; 0.359 ; picorv32:u_cpu|mem_rdata_q[27]            ; picorv32:u_cpu|mem_rdata_q[27]                                                                    ; clk_50       ; clk_50      ; 0.000        ; 0.061      ; 0.577      ;
; 0.359 ; picorv32:u_cpu|mem_rdata_q[28]            ; picorv32:u_cpu|mem_rdata_q[28]                                                                    ; clk_50       ; clk_50      ; 0.000        ; 0.061      ; 0.577      ;
; 0.359 ; picorv32:u_cpu|mem_rdata_q[17]            ; picorv32:u_cpu|mem_rdata_q[17]                                                                    ; clk_50       ; clk_50      ; 0.000        ; 0.061      ; 0.577      ;
; 0.359 ; picorv32:u_cpu|mem_rdata_q[16]            ; picorv32:u_cpu|mem_rdata_q[16]                                                                    ; clk_50       ; clk_50      ; 0.000        ; 0.061      ; 0.577      ;
; 0.359 ; picorv32:u_cpu|mem_rdata_q[15]            ; picorv32:u_cpu|mem_rdata_q[15]                                                                    ; clk_50       ; clk_50      ; 0.000        ; 0.061      ; 0.577      ;
; 0.359 ; uart:u_uart|tx_bit_cnt[3]                 ; uart:u_uart|tx_bit_cnt[3]                                                                         ; clk_50       ; clk_50      ; 0.000        ; 0.061      ; 0.577      ;
; 0.359 ; uart:u_uart|tx_bit_cnt[2]                 ; uart:u_uart|tx_bit_cnt[2]                                                                         ; clk_50       ; clk_50      ; 0.000        ; 0.061      ; 0.577      ;
; 0.359 ; uart:u_uart|tx_bit_cnt[1]                 ; uart:u_uart|tx_bit_cnt[1]                                                                         ; clk_50       ; clk_50      ; 0.000        ; 0.061      ; 0.577      ;
; 0.359 ; uart:u_uart|tx_bit_cnt[0]                 ; uart:u_uart|tx_bit_cnt[0]                                                                         ; clk_50       ; clk_50      ; 0.000        ; 0.061      ; 0.577      ;
; 0.361 ; picorv32:u_cpu|reg_sh[2]                  ; picorv32:u_cpu|reg_sh[2]                                                                          ; clk_50       ; clk_50      ; 0.000        ; 0.062      ; 0.580      ;
; 0.361 ; bootloader:u_boot|word_pos[0]             ; bootloader:u_boot|word_pos[0]                                                                     ; clk_50       ; clk_50      ; 0.000        ; 0.062      ; 0.580      ;
; 0.361 ; picorv32:u_cpu|cpu_state.cpu_state_ld_rs1 ; picorv32:u_cpu|cpu_state.cpu_state_ld_rs1                                                         ; clk_50       ; clk_50      ; 0.000        ; 0.062      ; 0.580      ;
; 0.361 ; por_counter[0]                            ; por_counter[0]                                                                                    ; clk_50       ; clk_50      ; 0.000        ; 0.062      ; 0.580      ;
; 0.372 ; uart:u_uart|tx_reg[7]                     ; uart:u_uart|tx_reg[6]                                                                             ; clk_50       ; clk_50      ; 0.000        ; 0.063      ; 0.592      ;
; 0.372 ; picorv32:u_cpu|instr_sw                   ; picorv32:u_cpu|mem_wordsize.00                                                                    ; clk_50       ; clk_50      ; 0.000        ; 0.062      ; 0.591      ;
; 0.372 ; uart:u_uart|rx_sync[0]                    ; uart:u_uart|rx_sync[1]                                                                            ; clk_50       ; clk_50      ; 0.000        ; 0.062      ; 0.591      ;
; 0.373 ; picorv32:u_cpu|instr_bltu                 ; picorv32:u_cpu|is_sltiu_bltu_sltu                                                                 ; clk_50       ; clk_50      ; 0.000        ; 0.062      ; 0.592      ;
; 0.375 ; picorv32:u_cpu|instr_lhu                  ; picorv32:u_cpu|mem_wordsize.01                                                                    ; clk_50       ; clk_50      ; 0.000        ; 0.062      ; 0.594      ;
; 0.377 ; bootloader:u_boot|byte_idx[7]             ; bootloader:u_boot|byte_idx[7]                                                                     ; clk_50       ; clk_50      ; 0.000        ; 0.062      ; 0.596      ;
; 0.379 ; picorv32:u_cpu|instr_slti                 ; picorv32:u_cpu|is_slti_blt_slt                                                                    ; clk_50       ; clk_50      ; 0.000        ; 0.062      ; 0.598      ;
; 0.380 ; picorv32:u_cpu|reg_out[1]                 ; picorv32:u_cpu|cpuregs_rtl_1_bypass[12]                                                           ; clk_50       ; clk_50      ; 0.000        ; 0.062      ; 0.599      ;
; 0.381 ; picorv32:u_cpu|reg_out[23]                ; picorv32:u_cpu|mem_addr[23]                                                                       ; clk_50       ; clk_50      ; 0.000        ; 0.062      ; 0.600      ;
; 0.385 ; picorv32:u_cpu|cpu_state.cpu_state_trap   ; picorv32:u_cpu|trap                                                                               ; clk_50       ; clk_50      ; 0.000        ; 0.061      ; 0.603      ;
; 0.388 ; por_counter[4]                            ; por_reset_n                                                                                       ; clk_50       ; clk_50      ; 0.000        ; 0.062      ; 0.607      ;
; 0.389 ; bootloader:u_boot|hex_state.READ_TYPE_H   ; bootloader:u_boot|hex_state.READ_TYPE_L                                                           ; clk_50       ; clk_50      ; 0.000        ; 0.061      ; 0.607      ;
; 0.393 ; picorv32:u_cpu|mem_rdata_q[10]            ; picorv32:u_cpu|decoded_rd[3]                                                                      ; clk_50       ; clk_50      ; 0.000        ; 0.062      ; 0.612      ;
; 0.395 ; picorv32:u_cpu|mem_rdata_q[11]            ; picorv32:u_cpu|decoded_rd[4]                                                                      ; clk_50       ; clk_50      ; 0.000        ; 0.061      ; 0.613      ;
+-------+-------------------------------------------+---------------------------------------------------------------------------------------------------+--------------+-------------+--------------+------------+------------+


+-----------------------------------------------------------------------------------------------------------------------------+
; Slow 1200mV 85C Model Recovery: 'clk_50'                                                                                    ;
+--------+-------------+--------------------------------+--------------+-------------+--------------+------------+------------+
; Slack  ; From Node   ; To Node                        ; Launch Clock ; Latch Clock ; Relationship ; Clock Skew ; Data Delay ;
+--------+-------------+--------------------------------+--------------+-------------+--------------+------------+------------+
; 9.653  ; reset_n     ; uart:u_uart|tx_reg[0]          ; clk_50       ; clk_50      ; 20.000       ; 2.075      ; 7.340      ;
; 10.096 ; reset_n     ; uart:u_uart|tx_clk_cnt[0]      ; clk_50       ; clk_50      ; 20.000       ; 2.058      ; 6.977      ;
; 10.096 ; reset_n     ; uart:u_uart|tx_clk_cnt[1]      ; clk_50       ; clk_50      ; 20.000       ; 2.058      ; 6.977      ;
; 10.096 ; reset_n     ; uart:u_uart|tx_clk_cnt[2]      ; clk_50       ; clk_50      ; 20.000       ; 2.058      ; 6.977      ;
; 10.096 ; reset_n     ; uart:u_uart|tx_clk_cnt[3]      ; clk_50       ; clk_50      ; 20.000       ; 2.058      ; 6.977      ;
; 10.096 ; reset_n     ; uart:u_uart|tx_clk_cnt[4]      ; clk_50       ; clk_50      ; 20.000       ; 2.058      ; 6.977      ;
; 10.096 ; reset_n     ; uart:u_uart|tx_clk_cnt[5]      ; clk_50       ; clk_50      ; 20.000       ; 2.058      ; 6.977      ;
; 10.096 ; reset_n     ; uart:u_uart|tx_clk_cnt[6]      ; clk_50       ; clk_50      ; 20.000       ; 2.058      ; 6.977      ;
; 10.096 ; reset_n     ; uart:u_uart|tx_clk_cnt[7]      ; clk_50       ; clk_50      ; 20.000       ; 2.058      ; 6.977      ;
; 10.096 ; reset_n     ; uart:u_uart|tx_clk_cnt[8]      ; clk_50       ; clk_50      ; 20.000       ; 2.058      ; 6.977      ;
; 10.096 ; reset_n     ; uart:u_uart|tx_clk_cnt[9]      ; clk_50       ; clk_50      ; 20.000       ; 2.058      ; 6.977      ;
; 10.096 ; reset_n     ; uart:u_uart|tx_clk_cnt[10]     ; clk_50       ; clk_50      ; 20.000       ; 2.058      ; 6.977      ;
; 10.096 ; reset_n     ; uart:u_uart|tx_clk_cnt[11]     ; clk_50       ; clk_50      ; 20.000       ; 2.058      ; 6.977      ;
; 10.096 ; reset_n     ; uart:u_uart|tx_clk_cnt[12]     ; clk_50       ; clk_50      ; 20.000       ; 2.058      ; 6.977      ;
; 10.100 ; reset_n     ; uart:u_uart|rx_state.R_DATA    ; clk_50       ; clk_50      ; 20.000       ; 2.060      ; 6.975      ;
; 10.100 ; reset_n     ; uart:u_uart|rx_state.WAIT_HALF ; clk_50       ; clk_50      ; 20.000       ; 2.060      ; 6.975      ;
; 10.100 ; reset_n     ; uart:u_uart|rx_state.STOP_BIT  ; clk_50       ; clk_50      ; 20.000       ; 2.060      ; 6.975      ;
; 10.100 ; reset_n     ; uart:u_uart|rx_state.IDLE      ; clk_50       ; clk_50      ; 20.000       ; 2.060      ; 6.975      ;
; 10.103 ; reset_n     ; uart:u_uart|rx_clk_cnt[0]      ; clk_50       ; clk_50      ; 20.000       ; 2.060      ; 6.972      ;
; 10.103 ; reset_n     ; uart:u_uart|rx_clk_cnt[1]      ; clk_50       ; clk_50      ; 20.000       ; 2.060      ; 6.972      ;
; 10.103 ; reset_n     ; uart:u_uart|rx_clk_cnt[2]      ; clk_50       ; clk_50      ; 20.000       ; 2.060      ; 6.972      ;
; 10.103 ; reset_n     ; uart:u_uart|rx_clk_cnt[3]      ; clk_50       ; clk_50      ; 20.000       ; 2.060      ; 6.972      ;
; 10.103 ; reset_n     ; uart:u_uart|rx_clk_cnt[4]      ; clk_50       ; clk_50      ; 20.000       ; 2.060      ; 6.972      ;
; 10.103 ; reset_n     ; uart:u_uart|rx_clk_cnt[5]      ; clk_50       ; clk_50      ; 20.000       ; 2.060      ; 6.972      ;
; 10.103 ; reset_n     ; uart:u_uart|rx_clk_cnt[6]      ; clk_50       ; clk_50      ; 20.000       ; 2.060      ; 6.972      ;
; 10.103 ; reset_n     ; uart:u_uart|rx_clk_cnt[7]      ; clk_50       ; clk_50      ; 20.000       ; 2.060      ; 6.972      ;
; 10.103 ; reset_n     ; uart:u_uart|rx_clk_cnt[8]      ; clk_50       ; clk_50      ; 20.000       ; 2.060      ; 6.972      ;
; 10.103 ; reset_n     ; uart:u_uart|rx_clk_cnt[9]      ; clk_50       ; clk_50      ; 20.000       ; 2.060      ; 6.972      ;
; 10.103 ; reset_n     ; uart:u_uart|rx_clk_cnt[10]     ; clk_50       ; clk_50      ; 20.000       ; 2.060      ; 6.972      ;
; 10.103 ; reset_n     ; uart:u_uart|rx_clk_cnt[12]     ; clk_50       ; clk_50      ; 20.000       ; 2.060      ; 6.972      ;
; 10.103 ; reset_n     ; uart:u_uart|rx_clk_cnt[11]     ; clk_50       ; clk_50      ; 20.000       ; 2.060      ; 6.972      ;
; 10.396 ; reset_n     ; uart:u_uart|tx_bit_cnt[0]      ; clk_50       ; clk_50      ; 20.000       ; 2.061      ; 6.680      ;
; 10.396 ; reset_n     ; uart:u_uart|tx_bit_cnt[1]      ; clk_50       ; clk_50      ; 20.000       ; 2.061      ; 6.680      ;
; 10.396 ; reset_n     ; uart:u_uart|tx_bit_cnt[2]      ; clk_50       ; clk_50      ; 20.000       ; 2.061      ; 6.680      ;
; 10.396 ; reset_n     ; uart:u_uart|tx_bit_cnt[3]      ; clk_50       ; clk_50      ; 20.000       ; 2.061      ; 6.680      ;
; 10.396 ; reset_n     ; uart:u_uart|tx_busy_int        ; clk_50       ; clk_50      ; 20.000       ; 2.061      ; 6.680      ;
; 10.406 ; reset_n     ; uart:u_uart|rx_bit_cnt[2]      ; clk_50       ; clk_50      ; 20.000       ; 2.065      ; 6.674      ;
; 10.406 ; reset_n     ; uart:u_uart|rx_bit_cnt[0]      ; clk_50       ; clk_50      ; 20.000       ; 2.065      ; 6.674      ;
; 10.406 ; reset_n     ; uart:u_uart|rx_bit_cnt[1]      ; clk_50       ; clk_50      ; 20.000       ; 2.065      ; 6.674      ;
; 10.406 ; reset_n     ; uart:u_uart|rx_shift[7]        ; clk_50       ; clk_50      ; 20.000       ; 2.065      ; 6.674      ;
; 10.406 ; reset_n     ; uart:u_uart|rx_shift[6]        ; clk_50       ; clk_50      ; 20.000       ; 2.065      ; 6.674      ;
; 10.406 ; reset_n     ; uart:u_uart|rx_shift[5]        ; clk_50       ; clk_50      ; 20.000       ; 2.065      ; 6.674      ;
; 10.406 ; reset_n     ; uart:u_uart|rx_shift[4]        ; clk_50       ; clk_50      ; 20.000       ; 2.065      ; 6.674      ;
; 10.406 ; reset_n     ; uart:u_uart|rx_shift[3]        ; clk_50       ; clk_50      ; 20.000       ; 2.065      ; 6.674      ;
; 10.406 ; reset_n     ; uart:u_uart|rx_shift[2]        ; clk_50       ; clk_50      ; 20.000       ; 2.065      ; 6.674      ;
; 10.406 ; reset_n     ; uart:u_uart|rx_shift[1]        ; clk_50       ; clk_50      ; 20.000       ; 2.065      ; 6.674      ;
; 10.406 ; reset_n     ; uart:u_uart|rx_shift[0]        ; clk_50       ; clk_50      ; 20.000       ; 2.065      ; 6.674      ;
; 10.431 ; reset_n     ; uart:u_uart|rx_done_int        ; clk_50       ; clk_50      ; 20.000       ; 2.066      ; 6.650      ;
; 10.932 ; reset_n     ; uart:u_uart|tx_reg[8]          ; clk_50       ; clk_50      ; 20.000       ; 2.074      ; 6.157      ;
; 10.932 ; reset_n     ; uart:u_uart|tx_reg[7]          ; clk_50       ; clk_50      ; 20.000       ; 2.074      ; 6.157      ;
; 10.932 ; reset_n     ; uart:u_uart|tx_reg[6]          ; clk_50       ; clk_50      ; 20.000       ; 2.074      ; 6.157      ;
; 10.932 ; reset_n     ; uart:u_uart|tx_reg[5]          ; clk_50       ; clk_50      ; 20.000       ; 2.074      ; 6.157      ;
; 10.932 ; reset_n     ; uart:u_uart|tx_reg[4]          ; clk_50       ; clk_50      ; 20.000       ; 2.074      ; 6.157      ;
; 10.932 ; reset_n     ; uart:u_uart|tx_reg[3]          ; clk_50       ; clk_50      ; 20.000       ; 2.074      ; 6.157      ;
; 10.932 ; reset_n     ; uart:u_uart|tx_reg[2]          ; clk_50       ; clk_50      ; 20.000       ; 2.074      ; 6.157      ;
; 10.932 ; reset_n     ; uart:u_uart|tx_reg[1]          ; clk_50       ; clk_50      ; 20.000       ; 2.074      ; 6.157      ;
; 16.737 ; por_reset_n ; uart:u_uart|tx_reg[0]          ; clk_50       ; clk_50      ; 20.000       ; -0.052     ; 3.129      ;
; 17.140 ; por_reset_n ; uart:u_uart|tx_clk_cnt[11]     ; clk_50       ; clk_50      ; 20.000       ; -0.069     ; 2.806      ;
; 17.140 ; por_reset_n ; uart:u_uart|tx_clk_cnt[0]      ; clk_50       ; clk_50      ; 20.000       ; -0.069     ; 2.806      ;
; 17.140 ; por_reset_n ; uart:u_uart|tx_clk_cnt[1]      ; clk_50       ; clk_50      ; 20.000       ; -0.069     ; 2.806      ;
; 17.140 ; por_reset_n ; uart:u_uart|tx_clk_cnt[2]      ; clk_50       ; clk_50      ; 20.000       ; -0.069     ; 2.806      ;
; 17.140 ; por_reset_n ; uart:u_uart|tx_clk_cnt[3]      ; clk_50       ; clk_50      ; 20.000       ; -0.069     ; 2.806      ;
; 17.140 ; por_reset_n ; uart:u_uart|tx_clk_cnt[4]      ; clk_50       ; clk_50      ; 20.000       ; -0.069     ; 2.806      ;
; 17.140 ; por_reset_n ; uart:u_uart|tx_clk_cnt[5]      ; clk_50       ; clk_50      ; 20.000       ; -0.069     ; 2.806      ;
; 17.140 ; por_reset_n ; uart:u_uart|tx_clk_cnt[6]      ; clk_50       ; clk_50      ; 20.000       ; -0.069     ; 2.806      ;
; 17.140 ; por_reset_n ; uart:u_uart|tx_clk_cnt[7]      ; clk_50       ; clk_50      ; 20.000       ; -0.069     ; 2.806      ;
; 17.140 ; por_reset_n ; uart:u_uart|tx_clk_cnt[8]      ; clk_50       ; clk_50      ; 20.000       ; -0.069     ; 2.806      ;
; 17.140 ; por_reset_n ; uart:u_uart|tx_clk_cnt[9]      ; clk_50       ; clk_50      ; 20.000       ; -0.069     ; 2.806      ;
; 17.140 ; por_reset_n ; uart:u_uart|tx_clk_cnt[10]     ; clk_50       ; clk_50      ; 20.000       ; -0.069     ; 2.806      ;
; 17.140 ; por_reset_n ; uart:u_uart|tx_clk_cnt[12]     ; clk_50       ; clk_50      ; 20.000       ; -0.069     ; 2.806      ;
; 17.163 ; por_reset_n ; uart:u_uart|rx_clk_cnt[12]     ; clk_50       ; clk_50      ; 20.000       ; -0.067     ; 2.785      ;
; 17.163 ; por_reset_n ; uart:u_uart|rx_clk_cnt[11]     ; clk_50       ; clk_50      ; 20.000       ; -0.067     ; 2.785      ;
; 17.163 ; por_reset_n ; uart:u_uart|rx_clk_cnt[6]      ; clk_50       ; clk_50      ; 20.000       ; -0.067     ; 2.785      ;
; 17.163 ; por_reset_n ; uart:u_uart|rx_clk_cnt[0]      ; clk_50       ; clk_50      ; 20.000       ; -0.067     ; 2.785      ;
; 17.163 ; por_reset_n ; uart:u_uart|rx_clk_cnt[1]      ; clk_50       ; clk_50      ; 20.000       ; -0.067     ; 2.785      ;
; 17.163 ; por_reset_n ; uart:u_uart|rx_clk_cnt[2]      ; clk_50       ; clk_50      ; 20.000       ; -0.067     ; 2.785      ;
; 17.163 ; por_reset_n ; uart:u_uart|rx_clk_cnt[3]      ; clk_50       ; clk_50      ; 20.000       ; -0.067     ; 2.785      ;
; 17.163 ; por_reset_n ; uart:u_uart|rx_clk_cnt[4]      ; clk_50       ; clk_50      ; 20.000       ; -0.067     ; 2.785      ;
; 17.163 ; por_reset_n ; uart:u_uart|rx_clk_cnt[5]      ; clk_50       ; clk_50      ; 20.000       ; -0.067     ; 2.785      ;
; 17.163 ; por_reset_n ; uart:u_uart|rx_clk_cnt[10]     ; clk_50       ; clk_50      ; 20.000       ; -0.067     ; 2.785      ;
; 17.163 ; por_reset_n ; uart:u_uart|rx_clk_cnt[7]      ; clk_50       ; clk_50      ; 20.000       ; -0.067     ; 2.785      ;
; 17.163 ; por_reset_n ; uart:u_uart|rx_clk_cnt[8]      ; clk_50       ; clk_50      ; 20.000       ; -0.067     ; 2.785      ;
; 17.163 ; por_reset_n ; uart:u_uart|rx_clk_cnt[9]      ; clk_50       ; clk_50      ; 20.000       ; -0.067     ; 2.785      ;
; 17.164 ; por_reset_n ; uart:u_uart|rx_state.WAIT_HALF ; clk_50       ; clk_50      ; 20.000       ; -0.067     ; 2.784      ;
; 17.164 ; por_reset_n ; uart:u_uart|rx_state.R_DATA    ; clk_50       ; clk_50      ; 20.000       ; -0.067     ; 2.784      ;
; 17.164 ; por_reset_n ; uart:u_uart|rx_state.STOP_BIT  ; clk_50       ; clk_50      ; 20.000       ; -0.067     ; 2.784      ;
; 17.164 ; por_reset_n ; uart:u_uart|rx_state.IDLE      ; clk_50       ; clk_50      ; 20.000       ; -0.067     ; 2.784      ;
; 17.472 ; por_reset_n ; uart:u_uart|tx_bit_cnt[3]      ; clk_50       ; clk_50      ; 20.000       ; -0.066     ; 2.477      ;
; 17.472 ; por_reset_n ; uart:u_uart|tx_bit_cnt[2]      ; clk_50       ; clk_50      ; 20.000       ; -0.066     ; 2.477      ;
; 17.472 ; por_reset_n ; uart:u_uart|tx_bit_cnt[1]      ; clk_50       ; clk_50      ; 20.000       ; -0.066     ; 2.477      ;
; 17.472 ; por_reset_n ; uart:u_uart|tx_bit_cnt[0]      ; clk_50       ; clk_50      ; 20.000       ; -0.066     ; 2.477      ;
; 17.472 ; por_reset_n ; uart:u_uart|tx_busy_int        ; clk_50       ; clk_50      ; 20.000       ; -0.066     ; 2.477      ;
; 17.490 ; por_reset_n ; uart:u_uart|rx_shift[0]        ; clk_50       ; clk_50      ; 20.000       ; -0.062     ; 2.463      ;
; 17.490 ; por_reset_n ; uart:u_uart|rx_shift[1]        ; clk_50       ; clk_50      ; 20.000       ; -0.062     ; 2.463      ;
; 17.490 ; por_reset_n ; uart:u_uart|rx_shift[2]        ; clk_50       ; clk_50      ; 20.000       ; -0.062     ; 2.463      ;
; 17.490 ; por_reset_n ; uart:u_uart|rx_shift[3]        ; clk_50       ; clk_50      ; 20.000       ; -0.062     ; 2.463      ;
; 17.490 ; por_reset_n ; uart:u_uart|rx_shift[4]        ; clk_50       ; clk_50      ; 20.000       ; -0.062     ; 2.463      ;
; 17.490 ; por_reset_n ; uart:u_uart|rx_shift[5]        ; clk_50       ; clk_50      ; 20.000       ; -0.062     ; 2.463      ;
; 17.490 ; por_reset_n ; uart:u_uart|rx_shift[6]        ; clk_50       ; clk_50      ; 20.000       ; -0.062     ; 2.463      ;
; 17.490 ; por_reset_n ; uart:u_uart|rx_bit_cnt[0]      ; clk_50       ; clk_50      ; 20.000       ; -0.062     ; 2.463      ;
+--------+-------------+--------------------------------+--------------+-------------+--------------+------------+------------+


+----------------------------------------------------------------------------------------------------------------------------+
; Slow 1200mV 85C Model Removal: 'clk_50'                                                                                    ;
+-------+-------------+--------------------------------+--------------+-------------+--------------+------------+------------+
; Slack ; From Node   ; To Node                        ; Launch Clock ; Latch Clock ; Relationship ; Clock Skew ; Data Delay ;
+-------+-------------+--------------------------------+--------------+-------------+--------------+------------+------------+
; 1.597 ; por_reset_n ; uart:u_uart|tx_reg[6]          ; clk_50       ; clk_50      ; 0.000        ; 0.088      ; 1.842      ;
; 1.597 ; por_reset_n ; uart:u_uart|tx_reg[8]          ; clk_50       ; clk_50      ; 0.000        ; 0.088      ; 1.842      ;
; 1.597 ; por_reset_n ; uart:u_uart|tx_reg[7]          ; clk_50       ; clk_50      ; 0.000        ; 0.088      ; 1.842      ;
; 1.597 ; por_reset_n ; uart:u_uart|tx_reg[5]          ; clk_50       ; clk_50      ; 0.000        ; 0.088      ; 1.842      ;
; 1.597 ; por_reset_n ; uart:u_uart|tx_reg[4]          ; clk_50       ; clk_50      ; 0.000        ; 0.088      ; 1.842      ;
; 1.597 ; por_reset_n ; uart:u_uart|tx_reg[3]          ; clk_50       ; clk_50      ; 0.000        ; 0.088      ; 1.842      ;
; 1.597 ; por_reset_n ; uart:u_uart|tx_reg[2]          ; clk_50       ; clk_50      ; 0.000        ; 0.088      ; 1.842      ;
; 1.597 ; por_reset_n ; uart:u_uart|tx_reg[1]          ; clk_50       ; clk_50      ; 0.000        ; 0.088      ; 1.842      ;
; 2.098 ; por_reset_n ; uart:u_uart|rx_done_int        ; clk_50       ; clk_50      ; 0.000        ; 0.063      ; 2.318      ;
; 2.141 ; por_reset_n ; uart:u_uart|rx_shift[0]        ; clk_50       ; clk_50      ; 0.000        ; 0.062      ; 2.360      ;
; 2.141 ; por_reset_n ; uart:u_uart|rx_shift[1]        ; clk_50       ; clk_50      ; 0.000        ; 0.062      ; 2.360      ;
; 2.141 ; por_reset_n ; uart:u_uart|rx_shift[2]        ; clk_50       ; clk_50      ; 0.000        ; 0.062      ; 2.360      ;
; 2.141 ; por_reset_n ; uart:u_uart|rx_shift[3]        ; clk_50       ; clk_50      ; 0.000        ; 0.062      ; 2.360      ;
; 2.141 ; por_reset_n ; uart:u_uart|rx_shift[4]        ; clk_50       ; clk_50      ; 0.000        ; 0.062      ; 2.360      ;
; 2.141 ; por_reset_n ; uart:u_uart|rx_shift[5]        ; clk_50       ; clk_50      ; 0.000        ; 0.062      ; 2.360      ;
; 2.141 ; por_reset_n ; uart:u_uart|rx_shift[6]        ; clk_50       ; clk_50      ; 0.000        ; 0.062      ; 2.360      ;
; 2.141 ; por_reset_n ; uart:u_uart|rx_bit_cnt[0]      ; clk_50       ; clk_50      ; 0.000        ; 0.062      ; 2.360      ;
; 2.141 ; por_reset_n ; uart:u_uart|rx_bit_cnt[2]      ; clk_50       ; clk_50      ; 0.000        ; 0.062      ; 2.360      ;
; 2.141 ; por_reset_n ; uart:u_uart|rx_bit_cnt[1]      ; clk_50       ; clk_50      ; 0.000        ; 0.062      ; 2.360      ;
; 2.141 ; por_reset_n ; uart:u_uart|rx_shift[7]        ; clk_50       ; clk_50      ; 0.000        ; 0.062      ; 2.360      ;
; 2.158 ; por_reset_n ; uart:u_uart|tx_bit_cnt[3]      ; clk_50       ; clk_50      ; 0.000        ; 0.057      ; 2.372      ;
; 2.158 ; por_reset_n ; uart:u_uart|tx_bit_cnt[2]      ; clk_50       ; clk_50      ; 0.000        ; 0.057      ; 2.372      ;
; 2.158 ; por_reset_n ; uart:u_uart|tx_bit_cnt[1]      ; clk_50       ; clk_50      ; 0.000        ; 0.057      ; 2.372      ;
; 2.158 ; por_reset_n ; uart:u_uart|tx_bit_cnt[0]      ; clk_50       ; clk_50      ; 0.000        ; 0.057      ; 2.372      ;
; 2.158 ; por_reset_n ; uart:u_uart|tx_busy_int        ; clk_50       ; clk_50      ; 0.000        ; 0.057      ; 2.372      ;
; 2.438 ; por_reset_n ; uart:u_uart|rx_clk_cnt[12]     ; clk_50       ; clk_50      ; 0.000        ; 0.057      ; 2.652      ;
; 2.438 ; por_reset_n ; uart:u_uart|rx_clk_cnt[11]     ; clk_50       ; clk_50      ; 0.000        ; 0.057      ; 2.652      ;
; 2.438 ; por_reset_n ; uart:u_uart|rx_clk_cnt[6]      ; clk_50       ; clk_50      ; 0.000        ; 0.057      ; 2.652      ;
; 2.438 ; por_reset_n ; uart:u_uart|rx_clk_cnt[0]      ; clk_50       ; clk_50      ; 0.000        ; 0.057      ; 2.652      ;
; 2.438 ; por_reset_n ; uart:u_uart|rx_clk_cnt[1]      ; clk_50       ; clk_50      ; 0.000        ; 0.057      ; 2.652      ;
; 2.438 ; por_reset_n ; uart:u_uart|rx_clk_cnt[2]      ; clk_50       ; clk_50      ; 0.000        ; 0.057      ; 2.652      ;
; 2.438 ; por_reset_n ; uart:u_uart|rx_clk_cnt[3]      ; clk_50       ; clk_50      ; 0.000        ; 0.057      ; 2.652      ;
; 2.438 ; por_reset_n ; uart:u_uart|rx_clk_cnt[4]      ; clk_50       ; clk_50      ; 0.000        ; 0.057      ; 2.652      ;
; 2.438 ; por_reset_n ; uart:u_uart|rx_clk_cnt[5]      ; clk_50       ; clk_50      ; 0.000        ; 0.057      ; 2.652      ;
; 2.438 ; por_reset_n ; uart:u_uart|rx_clk_cnt[10]     ; clk_50       ; clk_50      ; 0.000        ; 0.057      ; 2.652      ;
; 2.438 ; por_reset_n ; uart:u_uart|rx_clk_cnt[7]      ; clk_50       ; clk_50      ; 0.000        ; 0.057      ; 2.652      ;
; 2.438 ; por_reset_n ; uart:u_uart|rx_clk_cnt[8]      ; clk_50       ; clk_50      ; 0.000        ; 0.057      ; 2.652      ;
; 2.438 ; por_reset_n ; uart:u_uart|rx_clk_cnt[9]      ; clk_50       ; clk_50      ; 0.000        ; 0.057      ; 2.652      ;
; 2.442 ; por_reset_n ; uart:u_uart|rx_state.WAIT_HALF ; clk_50       ; clk_50      ; 0.000        ; 0.057      ; 2.656      ;
; 2.442 ; por_reset_n ; uart:u_uart|rx_state.R_DATA    ; clk_50       ; clk_50      ; 0.000        ; 0.057      ; 2.656      ;
; 2.442 ; por_reset_n ; uart:u_uart|rx_state.STOP_BIT  ; clk_50       ; clk_50      ; 0.000        ; 0.057      ; 2.656      ;
; 2.442 ; por_reset_n ; uart:u_uart|rx_state.IDLE      ; clk_50       ; clk_50      ; 0.000        ; 0.057      ; 2.656      ;
; 2.446 ; por_reset_n ; uart:u_uart|tx_clk_cnt[11]     ; clk_50       ; clk_50      ; 0.000        ; 0.055      ; 2.658      ;
; 2.446 ; por_reset_n ; uart:u_uart|tx_clk_cnt[0]      ; clk_50       ; clk_50      ; 0.000        ; 0.055      ; 2.658      ;
; 2.446 ; por_reset_n ; uart:u_uart|tx_clk_cnt[1]      ; clk_50       ; clk_50      ; 0.000        ; 0.055      ; 2.658      ;
; 2.446 ; por_reset_n ; uart:u_uart|tx_clk_cnt[2]      ; clk_50       ; clk_50      ; 0.000        ; 0.055      ; 2.658      ;
; 2.446 ; por_reset_n ; uart:u_uart|tx_clk_cnt[3]      ; clk_50       ; clk_50      ; 0.000        ; 0.055      ; 2.658      ;
; 2.446 ; por_reset_n ; uart:u_uart|tx_clk_cnt[4]      ; clk_50       ; clk_50      ; 0.000        ; 0.055      ; 2.658      ;
; 2.446 ; por_reset_n ; uart:u_uart|tx_clk_cnt[5]      ; clk_50       ; clk_50      ; 0.000        ; 0.055      ; 2.658      ;
; 2.446 ; por_reset_n ; uart:u_uart|tx_clk_cnt[6]      ; clk_50       ; clk_50      ; 0.000        ; 0.055      ; 2.658      ;
; 2.446 ; por_reset_n ; uart:u_uart|tx_clk_cnt[7]      ; clk_50       ; clk_50      ; 0.000        ; 0.055      ; 2.658      ;
; 2.446 ; por_reset_n ; uart:u_uart|tx_clk_cnt[8]      ; clk_50       ; clk_50      ; 0.000        ; 0.055      ; 2.658      ;
; 2.446 ; por_reset_n ; uart:u_uart|tx_clk_cnt[9]      ; clk_50       ; clk_50      ; 0.000        ; 0.055      ; 2.658      ;
; 2.446 ; por_reset_n ; uart:u_uart|tx_clk_cnt[10]     ; clk_50       ; clk_50      ; 0.000        ; 0.055      ; 2.658      ;
; 2.446 ; por_reset_n ; uart:u_uart|tx_clk_cnt[12]     ; clk_50       ; clk_50      ; 0.000        ; 0.055      ; 2.658      ;
; 2.817 ; por_reset_n ; uart:u_uart|tx_reg[0]          ; clk_50       ; clk_50      ; 0.000        ; 0.054      ; 2.968      ;
; 4.089 ; reset_n     ; uart:u_uart|tx_reg[8]          ; clk_50       ; clk_50      ; 0.000        ; 2.159      ; 5.405      ;
; 4.089 ; reset_n     ; uart:u_uart|tx_reg[7]          ; clk_50       ; clk_50      ; 0.000        ; 2.159      ; 5.405      ;
; 4.089 ; reset_n     ; uart:u_uart|tx_reg[6]          ; clk_50       ; clk_50      ; 0.000        ; 2.159      ; 5.405      ;
; 4.089 ; reset_n     ; uart:u_uart|tx_reg[5]          ; clk_50       ; clk_50      ; 0.000        ; 2.159      ; 5.405      ;
; 4.089 ; reset_n     ; uart:u_uart|tx_reg[4]          ; clk_50       ; clk_50      ; 0.000        ; 2.159      ; 5.405      ;
; 4.089 ; reset_n     ; uart:u_uart|tx_reg[3]          ; clk_50       ; clk_50      ; 0.000        ; 2.159      ; 5.405      ;
; 4.089 ; reset_n     ; uart:u_uart|tx_reg[2]          ; clk_50       ; clk_50      ; 0.000        ; 2.159      ; 5.405      ;
; 4.089 ; reset_n     ; uart:u_uart|tx_reg[1]          ; clk_50       ; clk_50      ; 0.000        ; 2.159      ; 5.405      ;
; 4.574 ; reset_n     ; uart:u_uart|rx_done_int        ; clk_50       ; clk_50      ; 0.000        ; 2.150      ; 5.881      ;
; 4.617 ; reset_n     ; uart:u_uart|rx_bit_cnt[2]      ; clk_50       ; clk_50      ; 0.000        ; 2.149      ; 5.923      ;
; 4.617 ; reset_n     ; uart:u_uart|rx_bit_cnt[0]      ; clk_50       ; clk_50      ; 0.000        ; 2.149      ; 5.923      ;
; 4.617 ; reset_n     ; uart:u_uart|rx_bit_cnt[1]      ; clk_50       ; clk_50      ; 0.000        ; 2.149      ; 5.923      ;
; 4.617 ; reset_n     ; uart:u_uart|rx_shift[7]        ; clk_50       ; clk_50      ; 0.000        ; 2.149      ; 5.923      ;
; 4.617 ; reset_n     ; uart:u_uart|rx_shift[6]        ; clk_50       ; clk_50      ; 0.000        ; 2.149      ; 5.923      ;
; 4.617 ; reset_n     ; uart:u_uart|rx_shift[5]        ; clk_50       ; clk_50      ; 0.000        ; 2.149      ; 5.923      ;
; 4.617 ; reset_n     ; uart:u_uart|rx_shift[4]        ; clk_50       ; clk_50      ; 0.000        ; 2.149      ; 5.923      ;
; 4.617 ; reset_n     ; uart:u_uart|rx_shift[3]        ; clk_50       ; clk_50      ; 0.000        ; 2.149      ; 5.923      ;
; 4.617 ; reset_n     ; uart:u_uart|rx_shift[2]        ; clk_50       ; clk_50      ; 0.000        ; 2.149      ; 5.923      ;
; 4.617 ; reset_n     ; uart:u_uart|rx_shift[1]        ; clk_50       ; clk_50      ; 0.000        ; 2.149      ; 5.923      ;
; 4.617 ; reset_n     ; uart:u_uart|rx_shift[0]        ; clk_50       ; clk_50      ; 0.000        ; 2.149      ; 5.923      ;
; 4.637 ; reset_n     ; uart:u_uart|tx_bit_cnt[0]      ; clk_50       ; clk_50      ; 0.000        ; 2.144      ; 5.938      ;
; 4.637 ; reset_n     ; uart:u_uart|tx_bit_cnt[1]      ; clk_50       ; clk_50      ; 0.000        ; 2.144      ; 5.938      ;
; 4.637 ; reset_n     ; uart:u_uart|tx_bit_cnt[2]      ; clk_50       ; clk_50      ; 0.000        ; 2.144      ; 5.938      ;
; 4.637 ; reset_n     ; uart:u_uart|tx_bit_cnt[3]      ; clk_50       ; clk_50      ; 0.000        ; 2.144      ; 5.938      ;
; 4.637 ; reset_n     ; uart:u_uart|tx_busy_int        ; clk_50       ; clk_50      ; 0.000        ; 2.144      ; 5.938      ;
; 4.931 ; reset_n     ; uart:u_uart|rx_state.R_DATA    ; clk_50       ; clk_50      ; 0.000        ; 2.144      ; 6.232      ;
; 4.931 ; reset_n     ; uart:u_uart|rx_state.WAIT_HALF ; clk_50       ; clk_50      ; 0.000        ; 2.144      ; 6.232      ;
; 4.931 ; reset_n     ; uart:u_uart|rx_state.STOP_BIT  ; clk_50       ; clk_50      ; 0.000        ; 2.144      ; 6.232      ;
; 4.931 ; reset_n     ; uart:u_uart|rx_state.IDLE      ; clk_50       ; clk_50      ; 0.000        ; 2.144      ; 6.232      ;
; 4.932 ; reset_n     ; uart:u_uart|rx_clk_cnt[0]      ; clk_50       ; clk_50      ; 0.000        ; 2.144      ; 6.233      ;
; 4.932 ; reset_n     ; uart:u_uart|rx_clk_cnt[1]      ; clk_50       ; clk_50      ; 0.000        ; 2.144      ; 6.233      ;
; 4.932 ; reset_n     ; uart:u_uart|rx_clk_cnt[2]      ; clk_50       ; clk_50      ; 0.000        ; 2.144      ; 6.233      ;
; 4.932 ; reset_n     ; uart:u_uart|rx_clk_cnt[3]      ; clk_50       ; clk_50      ; 0.000        ; 2.144      ; 6.233      ;
; 4.932 ; reset_n     ; uart:u_uart|rx_clk_cnt[4]      ; clk_50       ; clk_50      ; 0.000        ; 2.144      ; 6.233      ;
; 4.932 ; reset_n     ; uart:u_uart|rx_clk_cnt[5]      ; clk_50       ; clk_50      ; 0.000        ; 2.144      ; 6.233      ;
; 4.932 ; reset_n     ; uart:u_uart|rx_clk_cnt[6]      ; clk_50       ; clk_50      ; 0.000        ; 2.144      ; 6.233      ;
; 4.932 ; reset_n     ; uart:u_uart|rx_clk_cnt[7]      ; clk_50       ; clk_50      ; 0.000        ; 2.144      ; 6.233      ;
; 4.932 ; reset_n     ; uart:u_uart|rx_clk_cnt[8]      ; clk_50       ; clk_50      ; 0.000        ; 2.144      ; 6.233      ;
; 4.932 ; reset_n     ; uart:u_uart|rx_clk_cnt[9]      ; clk_50       ; clk_50      ; 0.000        ; 2.144      ; 6.233      ;
; 4.932 ; reset_n     ; uart:u_uart|rx_clk_cnt[10]     ; clk_50       ; clk_50      ; 0.000        ; 2.144      ; 6.233      ;
; 4.932 ; reset_n     ; uart:u_uart|rx_clk_cnt[12]     ; clk_50       ; clk_50      ; 0.000        ; 2.144      ; 6.233      ;
; 4.932 ; reset_n     ; uart:u_uart|rx_clk_cnt[11]     ; clk_50       ; clk_50      ; 0.000        ; 2.144      ; 6.233      ;
; 4.955 ; reset_n     ; uart:u_uart|tx_clk_cnt[0]      ; clk_50       ; clk_50      ; 0.000        ; 2.142      ; 6.254      ;
; 4.955 ; reset_n     ; uart:u_uart|tx_clk_cnt[1]      ; clk_50       ; clk_50      ; 0.000        ; 2.142      ; 6.254      ;
+-------+-------------+--------------------------------+--------------+-------------+--------------+------------+------------+


-----------------------------------------------
; Slow 1200mV 85C Model Metastability Summary ;
-----------------------------------------------
No synchronizer chains to report.


+-------------------------------------------------+
; Slow 1200mV 0C Model Fmax Summary               ;
+-----------+-----------------+------------+------+
; Fmax      ; Restricted Fmax ; Clock Name ; Note ;
+-----------+-----------------+------------+------+
; 69.55 MHz ; 69.55 MHz       ; clk_50     ;      ;
+-----------+-----------------+------------+------+
This panel reports FMAX for every clock in the design, regardless of the user-specified clock periods.  FMAX is only computed for paths where the source and destination registers or ports are driven by the same clock.  Paths of different clocks, including generated clocks, are ignored.  For paths between a clock and its inversion, FMAX is computed as if the rising and falling edges are scaled along with FMAX, such that the duty cycle (in terms of a percentage) is maintained. Altera recommends that you always use clock constraints and other slack reports for sign-off analysis.


+------------------------------------+
; Slow 1200mV 0C Model Setup Summary ;
+--------+-------+-------------------+
; Clock  ; Slack ; End Point TNS     ;
+--------+-------+-------------------+
; clk_50 ; 5.621 ; 0.000             ;
+--------+-------+-------------------+


+-----------------------------------+
; Slow 1200mV 0C Model Hold Summary ;
+--------+-------+------------------+
; Clock  ; Slack ; End Point TNS    ;
+--------+-------+------------------+
; clk_50 ; 0.296 ; 0.000            ;
+--------+-------+------------------+


+---------------------------------------+
; Slow 1200mV 0C Model Recovery Summary ;
+--------+--------+---------------------+
; Clock  ; Slack  ; End Point TNS       ;
+--------+--------+---------------------+
; clk_50 ; 10.242 ; 0.000               ;
+--------+--------+---------------------+


+--------------------------------------+
; Slow 1200mV 0C Model Removal Summary ;
+--------+-------+---------------------+
; Clock  ; Slack ; End Point TNS       ;
+--------+-------+---------------------+
; clk_50 ; 1.440 ; 0.000               ;
+--------+-------+---------------------+


+--------------------------------------------------+
; Slow 1200mV 0C Model Minimum Pulse Width Summary ;
+--------+-------+---------------------------------+
; Clock  ; Slack ; End Point TNS                   ;
+--------+-------+---------------------------------+
; clk_50 ; 9.489 ; 0.000                           ;
+--------+-------+---------------------------------+


+----------------------------------------------------------------------------------------------------------------------------------------------------+
; Slow 1200mV 0C Model Setup: 'clk_50'                                                                                                               ;
+--------+---------------------------------+-----------------------------------+--------------+-------------+--------------+------------+------------+
; Slack  ; From Node                       ; To Node                           ; Launch Clock ; Latch Clock ; Relationship ; Clock Skew ; Data Delay ;
+--------+---------------------------------+-----------------------------------+--------------+-------------+--------------+------------+------------+
; 5.621  ; bootloader:u_boot|cpu_reset_int ; led[5]                            ; clk_50       ; clk_50      ; 20.000       ; -1.944     ; 7.435      ;
; 5.839  ; bootloader:u_boot|cpu_reset_int ; led[7]                            ; clk_50       ; clk_50      ; 20.000       ; -1.944     ; 7.217      ;
; 6.585  ; bootloader:u_boot|cpu_reset_int ; led[6]                            ; clk_50       ; clk_50      ; 20.000       ; -1.944     ; 6.471      ;
; 6.705  ; gpio_out_reg[5]                 ; led[5]                            ; clk_50       ; clk_50      ; 20.000       ; -1.939     ; 6.356      ;
; 6.930  ; gpio_out_reg[7]                 ; led[7]                            ; clk_50       ; clk_50      ; 20.000       ; -1.939     ; 6.131      ;
; 7.066  ; bootloader:u_boot|cpu_reset_int ; led[2]                            ; clk_50       ; clk_50      ; 20.000       ; -1.944     ; 5.990      ;
; 7.267  ; bootloader:u_boot|cpu_reset_int ; led[1]                            ; clk_50       ; clk_50      ; 20.000       ; -1.944     ; 5.789      ;
; 7.355  ; gpio_out_reg[4]                 ; led[4]                            ; clk_50       ; clk_50      ; 20.000       ; -1.944     ; 5.701      ;
; 7.607  ; bootloader:u_boot|cpu_reset_int ; led[3]                            ; clk_50       ; clk_50      ; 20.000       ; -1.944     ; 5.449      ;
; 7.670  ; gpio_out_reg[6]                 ; led[6]                            ; clk_50       ; clk_50      ; 20.000       ; -1.939     ; 5.391      ;
; 7.707  ; gpio_out_reg[2]                 ; led[2]                            ; clk_50       ; clk_50      ; 20.000       ; -1.944     ; 5.349      ;
; 7.794  ; bootloader:u_boot|cpu_reset_int ; led[0]                            ; clk_50       ; clk_50      ; 20.000       ; -1.944     ; 5.262      ;
; 7.829  ; bootloader:u_boot|cpu_reset_int ; led[4]                            ; clk_50       ; clk_50      ; 20.000       ; -1.944     ; 5.227      ;
; 8.394  ; gpio_out_reg[1]                 ; led[1]                            ; clk_50       ; clk_50      ; 20.000       ; -1.939     ; 4.667      ;
; 8.481  ; gpio_out_reg[3]                 ; led[3]                            ; clk_50       ; clk_50      ; 20.000       ; -1.939     ; 4.580      ;
; 8.880  ; gpio_out_reg[0]                 ; led[0]                            ; clk_50       ; clk_50      ; 20.000       ; -1.939     ; 4.181      ;
; 9.213  ; reset_n                         ; bootloader:u_boot|address[12]     ; clk_50       ; clk_50      ; 20.000       ; 1.870      ; 7.672      ;
; 9.258  ; reset_n                         ; bootloader:u_boot|address[13]     ; clk_50       ; clk_50      ; 20.000       ; 1.870      ; 7.627      ;
; 9.492  ; reset_n                         ; bootloader:u_boot|address[2]      ; clk_50       ; clk_50      ; 20.000       ; 1.870      ; 7.393      ;
; 9.492  ; reset_n                         ; bootloader:u_boot|address[3]      ; clk_50       ; clk_50      ; 20.000       ; 1.870      ; 7.393      ;
; 9.532  ; reset_n                         ; gpio_out_reg[0]                   ; clk_50       ; clk_50      ; 20.000       ; 1.865      ; 7.348      ;
; 9.532  ; reset_n                         ; gpio_out_reg[1]                   ; clk_50       ; clk_50      ; 20.000       ; 1.865      ; 7.348      ;
; 9.532  ; reset_n                         ; gpio_out_reg[3]                   ; clk_50       ; clk_50      ; 20.000       ; 1.865      ; 7.348      ;
; 9.532  ; reset_n                         ; gpio_out_reg[5]                   ; clk_50       ; clk_50      ; 20.000       ; 1.865      ; 7.348      ;
; 9.532  ; reset_n                         ; gpio_out_reg[6]                   ; clk_50       ; clk_50      ; 20.000       ; 1.865      ; 7.348      ;
; 9.532  ; reset_n                         ; gpio_out_reg[7]                   ; clk_50       ; clk_50      ; 20.000       ; 1.865      ; 7.348      ;
; 9.760  ; reset_n                         ; gpio_out_reg[2]                   ; clk_50       ; clk_50      ; 20.000       ; 1.870      ; 7.125      ;
; 9.760  ; reset_n                         ; gpio_out_reg[4]                   ; clk_50       ; clk_50      ; 20.000       ; 1.870      ; 7.125      ;
; 9.769  ; reset_n                         ; bootloader:u_boot|ram_wdata[2]    ; clk_50       ; clk_50      ; 20.000       ; 1.866      ; 7.112      ;
; 9.934  ; reset_n                         ; bootloader:u_boot|ram_wdata[17]   ; clk_50       ; clk_50      ; 20.000       ; 1.869      ; 6.950      ;
; 9.934  ; reset_n                         ; bootloader:u_boot|ram_wdata[18]   ; clk_50       ; clk_50      ; 20.000       ; 1.869      ; 6.950      ;
; 9.934  ; reset_n                         ; bootloader:u_boot|ram_wdata[7]    ; clk_50       ; clk_50      ; 20.000       ; 1.869      ; 6.950      ;
; 9.934  ; reset_n                         ; bootloader:u_boot|ram_wdata[5]    ; clk_50       ; clk_50      ; 20.000       ; 1.869      ; 6.950      ;
; 9.934  ; reset_n                         ; bootloader:u_boot|ram_wdata[22]   ; clk_50       ; clk_50      ; 20.000       ; 1.869      ; 6.950      ;
; 9.934  ; reset_n                         ; bootloader:u_boot|ram_wdata[21]   ; clk_50       ; clk_50      ; 20.000       ; 1.869      ; 6.950      ;
; 9.953  ; reset_n                         ; bootloader:u_boot|address[8]      ; clk_50       ; clk_50      ; 20.000       ; 1.870      ; 6.932      ;
; 9.953  ; reset_n                         ; bootloader:u_boot|address[9]      ; clk_50       ; clk_50      ; 20.000       ; 1.870      ; 6.932      ;
; 9.970  ; reset_n                         ; bootloader:u_boot|ram_addr[10]    ; clk_50       ; clk_50      ; 20.000       ; 1.869      ; 6.914      ;
; 9.970  ; reset_n                         ; bootloader:u_boot|ram_addr[9]     ; clk_50       ; clk_50      ; 20.000       ; 1.869      ; 6.914      ;
; 9.970  ; reset_n                         ; bootloader:u_boot|ram_addr[4]     ; clk_50       ; clk_50      ; 20.000       ; 1.869      ; 6.914      ;
; 9.970  ; reset_n                         ; bootloader:u_boot|ram_addr[3]     ; clk_50       ; clk_50      ; 20.000       ; 1.869      ; 6.914      ;
; 9.970  ; reset_n                         ; bootloader:u_boot|ram_addr[0]     ; clk_50       ; clk_50      ; 20.000       ; 1.869      ; 6.914      ;
; 9.970  ; reset_n                         ; bootloader:u_boot|ram_wdata[29]   ; clk_50       ; clk_50      ; 20.000       ; 1.869      ; 6.914      ;
; 9.970  ; reset_n                         ; bootloader:u_boot|ram_wdata[28]   ; clk_50       ; clk_50      ; 20.000       ; 1.869      ; 6.914      ;
; 9.970  ; reset_n                         ; bootloader:u_boot|ram_wdata[31]   ; clk_50       ; clk_50      ; 20.000       ; 1.869      ; 6.914      ;
; 9.987  ; reset_n                         ; bootloader:u_boot|ram_wdata[1]    ; clk_50       ; clk_50      ; 20.000       ; 1.869      ; 6.897      ;
; 9.996  ; reset_n                         ; bootloader:u_boot|ram_wdata[16]   ; clk_50       ; clk_50      ; 20.000       ; 1.863      ; 6.882      ;
; 9.996  ; reset_n                         ; bootloader:u_boot|ram_wdata[23]   ; clk_50       ; clk_50      ; 20.000       ; 1.863      ; 6.882      ;
; 10.109 ; uart:u_uart|tx_reg[0]           ; tx                                ; clk_50       ; clk_50      ; 20.000       ; -1.926     ; 2.965      ;
; 10.114 ; reset_n                         ; bootloader:u_boot|address[4]      ; clk_50       ; clk_50      ; 20.000       ; 1.870      ; 6.771      ;
; 10.114 ; reset_n                         ; bootloader:u_boot|address[5]      ; clk_50       ; clk_50      ; 20.000       ; 1.870      ; 6.771      ;
; 10.114 ; reset_n                         ; bootloader:u_boot|address[6]      ; clk_50       ; clk_50      ; 20.000       ; 1.870      ; 6.771      ;
; 10.114 ; reset_n                         ; bootloader:u_boot|address[7]      ; clk_50       ; clk_50      ; 20.000       ; 1.870      ; 6.771      ;
; 10.159 ; reset_n                         ; bootloader:u_boot|address[10]     ; clk_50       ; clk_50      ; 20.000       ; 1.870      ; 6.726      ;
; 10.159 ; reset_n                         ; bootloader:u_boot|address[11]     ; clk_50       ; clk_50      ; 20.000       ; 1.870      ; 6.726      ;
; 10.174 ; reset_n                         ; bootloader:u_boot|ram_wdata[0]    ; clk_50       ; clk_50      ; 20.000       ; 1.865      ; 6.706      ;
; 10.174 ; reset_n                         ; bootloader:u_boot|ram_wdata[26]   ; clk_50       ; clk_50      ; 20.000       ; 1.865      ; 6.706      ;
; 10.223 ; reset_n                         ; bootloader:u_boot|ram_wdata[14]   ; clk_50       ; clk_50      ; 20.000       ; 1.869      ; 6.661      ;
; 10.223 ; reset_n                         ; bootloader:u_boot|ram_wdata[30]   ; clk_50       ; clk_50      ; 20.000       ; 1.869      ; 6.661      ;
; 10.223 ; reset_n                         ; bootloader:u_boot|ram_wdata[15]   ; clk_50       ; clk_50      ; 20.000       ; 1.869      ; 6.661      ;
; 10.223 ; reset_n                         ; bootloader:u_boot|ram_wdata[10]   ; clk_50       ; clk_50      ; 20.000       ; 1.869      ; 6.661      ;
; 10.223 ; reset_n                         ; bootloader:u_boot|ram_wdata[9]    ; clk_50       ; clk_50      ; 20.000       ; 1.869      ; 6.661      ;
; 10.223 ; reset_n                         ; bootloader:u_boot|ram_wdata[8]    ; clk_50       ; clk_50      ; 20.000       ; 1.869      ; 6.661      ;
; 10.223 ; reset_n                         ; bootloader:u_boot|ram_wdata[24]   ; clk_50       ; clk_50      ; 20.000       ; 1.869      ; 6.661      ;
; 10.223 ; reset_n                         ; bootloader:u_boot|ram_wdata[13]   ; clk_50       ; clk_50      ; 20.000       ; 1.869      ; 6.661      ;
; 10.233 ; reset_n                         ; bootloader:u_boot|ram_addr[11]    ; clk_50       ; clk_50      ; 20.000       ; 1.870      ; 6.652      ;
; 10.233 ; reset_n                         ; bootloader:u_boot|ram_addr[8]     ; clk_50       ; clk_50      ; 20.000       ; 1.870      ; 6.652      ;
; 10.233 ; reset_n                         ; bootloader:u_boot|ram_addr[7]     ; clk_50       ; clk_50      ; 20.000       ; 1.870      ; 6.652      ;
; 10.233 ; reset_n                         ; bootloader:u_boot|ram_addr[6]     ; clk_50       ; clk_50      ; 20.000       ; 1.870      ; 6.652      ;
; 10.233 ; reset_n                         ; bootloader:u_boot|ram_addr[5]     ; clk_50       ; clk_50      ; 20.000       ; 1.870      ; 6.652      ;
; 10.233 ; reset_n                         ; bootloader:u_boot|ram_addr[2]     ; clk_50       ; clk_50      ; 20.000       ; 1.870      ; 6.652      ;
; 10.233 ; reset_n                         ; bootloader:u_boot|ram_addr[1]     ; clk_50       ; clk_50      ; 20.000       ; 1.870      ; 6.652      ;
; 10.233 ; reset_n                         ; bootloader:u_boot|ram_wdata[27]   ; clk_50       ; clk_50      ; 20.000       ; 1.870      ; 6.652      ;
; 10.471 ; reset_n                         ; bootloader:u_boot|ram_wdata[6]    ; clk_50       ; clk_50      ; 20.000       ; 1.869      ; 6.413      ;
; 10.471 ; reset_n                         ; bootloader:u_boot|ram_wdata[20]   ; clk_50       ; clk_50      ; 20.000       ; 1.869      ; 6.413      ;
; 10.471 ; reset_n                         ; bootloader:u_boot|ram_wdata[19]   ; clk_50       ; clk_50      ; 20.000       ; 1.869      ; 6.413      ;
; 10.471 ; reset_n                         ; bootloader:u_boot|ram_wdata[12]   ; clk_50       ; clk_50      ; 20.000       ; 1.869      ; 6.413      ;
; 10.471 ; reset_n                         ; bootloader:u_boot|ram_wdata[11]   ; clk_50       ; clk_50      ; 20.000       ; 1.869      ; 6.413      ;
; 10.471 ; reset_n                         ; bootloader:u_boot|ram_wdata[25]   ; clk_50       ; clk_50      ; 20.000       ; 1.869      ; 6.413      ;
; 10.471 ; reset_n                         ; bootloader:u_boot|ram_wdata[4]    ; clk_50       ; clk_50      ; 20.000       ; 1.869      ; 6.413      ;
; 10.471 ; reset_n                         ; bootloader:u_boot|ram_wdata[3]    ; clk_50       ; clk_50      ; 20.000       ; 1.869      ; 6.413      ;
; 10.600 ; reset_n                         ; bootloader:u_boot|byte_idx[1]     ; clk_50       ; clk_50      ; 20.000       ; 1.862      ; 6.277      ;
; 10.600 ; reset_n                         ; bootloader:u_boot|byte_idx[0]     ; clk_50       ; clk_50      ; 20.000       ; 1.862      ; 6.277      ;
; 10.600 ; reset_n                         ; bootloader:u_boot|byte_idx[3]     ; clk_50       ; clk_50      ; 20.000       ; 1.862      ; 6.277      ;
; 10.600 ; reset_n                         ; bootloader:u_boot|byte_idx[2]     ; clk_50       ; clk_50      ; 20.000       ; 1.862      ; 6.277      ;
; 10.600 ; reset_n                         ; bootloader:u_boot|byte_idx[7]     ; clk_50       ; clk_50      ; 20.000       ; 1.862      ; 6.277      ;
; 10.600 ; reset_n                         ; bootloader:u_boot|byte_idx[4]     ; clk_50       ; clk_50      ; 20.000       ; 1.862      ; 6.277      ;
; 10.600 ; reset_n                         ; bootloader:u_boot|byte_idx[5]     ; clk_50       ; clk_50      ; 20.000       ; 1.862      ; 6.277      ;
; 10.600 ; reset_n                         ; bootloader:u_boot|byte_idx[6]     ; clk_50       ; clk_50      ; 20.000       ; 1.862      ; 6.277      ;
; 10.630 ; reset_n                         ; bootloader:u_boot|data_byte[6]    ; clk_50       ; clk_50      ; 20.000       ; 1.870      ; 6.255      ;
; 10.630 ; reset_n                         ; bootloader:u_boot|data_byte[5]    ; clk_50       ; clk_50      ; 20.000       ; 1.870      ; 6.255      ;
; 10.630 ; reset_n                         ; bootloader:u_boot|data_byte[4]    ; clk_50       ; clk_50      ; 20.000       ; 1.870      ; 6.255      ;
; 10.630 ; reset_n                         ; bootloader:u_boot|data_byte[7]    ; clk_50       ; clk_50      ; 20.000       ; 1.870      ; 6.255      ;
; 10.866 ; reset_n                         ; bootloader:u_boot|high_nibble[1]  ; clk_50       ; clk_50      ; 20.000       ; 1.870      ; 6.019      ;
; 10.890 ; reset_n                         ; bootloader:u_boot|word_buffer[10] ; clk_50       ; clk_50      ; 20.000       ; 1.869      ; 5.994      ;
; 10.892 ; reset_n                         ; bootloader:u_boot|word_buffer[9]  ; clk_50       ; clk_50      ; 20.000       ; 1.869      ; 5.992      ;
; 10.893 ; reset_n                         ; bootloader:u_boot|high_nibble[2]  ; clk_50       ; clk_50      ; 20.000       ; 1.870      ; 5.992      ;
; 10.893 ; reset_n                         ; bootloader:u_boot|high_nibble[0]  ; clk_50       ; clk_50      ; 20.000       ; 1.870      ; 5.992      ;
; 10.893 ; reset_n                         ; bootloader:u_boot|high_nibble[3]  ; clk_50       ; clk_50      ; 20.000       ; 1.870      ; 5.992      ;
; 10.986 ; reset_n                         ; bootloader:u_boot|byte_count[2]   ; clk_50       ; clk_50      ; 20.000       ; 1.871      ; 5.900      ;
+--------+---------------------------------+-----------------------------------+--------------+-------------+--------------+------------+------------+


+-----------------------------------------------------------------------------------------------------------------------------------------------------------------------------------------------------------------------------+
; Slow 1200mV 0C Model Hold: 'clk_50'                                                                                                                                                                                         ;
+-------+-------------------------------------------+---------------------------------------------------------------------------------------------------+--------------+-------------+--------------+------------+------------+
; Slack ; From Node                                 ; To Node                                                                                           ; Launch Clock ; Latch Clock ; Relationship ; Clock Skew ; Data Delay ;
+-------+-------------------------------------------+---------------------------------------------------------------------------------------------------+--------------+-------------+--------------+------------+------------+
; 0.296 ; bootloader:u_boot|ram_wdata[8]            ; ram_16kb:u_ram|altsyncram:ram_byte1|altsyncram_a4q3:auto_generated|ram_block1a0~porta_datain_reg0 ; clk_50       ; clk_50      ; 0.000        ; 0.342      ; 0.807      ;
; 0.296 ; bootloader:u_boot|ram_wdata[9]            ; ram_16kb:u_ram|altsyncram:ram_byte1|altsyncram_a4q3:auto_generated|ram_block1a0~porta_datain_reg0 ; clk_50       ; clk_50      ; 0.000        ; 0.342      ; 0.807      ;
; 0.299 ; bootloader:u_boot|ram_wdata[7]            ; ram_16kb:u_ram|altsyncram:ram_byte0|altsyncram_94q3:auto_generated|ram_block1a2~porta_datain_reg0 ; clk_50       ; clk_50      ; 0.000        ; 0.342      ; 0.810      ;
; 0.311 ; picorv32:u_cpu|mem_rdata_q[14]            ; picorv32:u_cpu|mem_rdata_q[14]                                                                    ; clk_50       ; clk_50      ; 0.000        ; 0.056      ; 0.511      ;
; 0.311 ; picorv32:u_cpu|mem_rdata_q[20]            ; picorv32:u_cpu|mem_rdata_q[20]                                                                    ; clk_50       ; clk_50      ; 0.000        ; 0.056      ; 0.511      ;
; 0.311 ; picorv32:u_cpu|mem_rdata_q[22]            ; picorv32:u_cpu|mem_rdata_q[22]                                                                    ; clk_50       ; clk_50      ; 0.000        ; 0.056      ; 0.511      ;
; 0.312 ; bootloader:u_boot|word_buffer[21]         ; bootloader:u_boot|word_buffer[21]                                                                 ; clk_50       ; clk_50      ; 0.000        ; 0.055      ; 0.511      ;
; 0.312 ; bootloader:u_boot|word_buffer[22]         ; bootloader:u_boot|word_buffer[22]                                                                 ; clk_50       ; clk_50      ; 0.000        ; 0.055      ; 0.511      ;
; 0.312 ; bootloader:u_boot|word_buffer[3]          ; bootloader:u_boot|word_buffer[3]                                                                  ; clk_50       ; clk_50      ; 0.000        ; 0.055      ; 0.511      ;
; 0.312 ; bootloader:u_boot|word_buffer[4]          ; bootloader:u_boot|word_buffer[4]                                                                  ; clk_50       ; clk_50      ; 0.000        ; 0.055      ; 0.511      ;
; 0.312 ; bootloader:u_boot|word_buffer[5]          ; bootloader:u_boot|word_buffer[5]                                                                  ; clk_50       ; clk_50      ; 0.000        ; 0.055      ; 0.511      ;
; 0.312 ; picorv32:u_cpu|mem_rdata_q[23]            ; picorv32:u_cpu|mem_rdata_q[23]                                                                    ; clk_50       ; clk_50      ; 0.000        ; 0.055      ; 0.511      ;
; 0.312 ; bootloader:u_boot|word_buffer[2]          ; bootloader:u_boot|word_buffer[2]                                                                  ; clk_50       ; clk_50      ; 0.000        ; 0.055      ; 0.511      ;
; 0.312 ; bootloader:u_boot|word_buffer[7]          ; bootloader:u_boot|word_buffer[7]                                                                  ; clk_50       ; clk_50      ; 0.000        ; 0.055      ; 0.511      ;
; 0.312 ; bootloader:u_boot|word_buffer[11]         ; bootloader:u_boot|word_buffer[11]                                                                 ; clk_50       ; clk_50      ; 0.000        ; 0.055      ; 0.511      ;
; 0.312 ; bootloader:u_boot|word_buffer[12]         ; bootloader:u_boot|word_buffer[12]                                                                 ; clk_50       ; clk_50      ; 0.000        ; 0.055      ; 0.511      ;
; 0.312 ; bootloader:u_boot|word_buffer[13]         ; bootloader:u_boot|word_buffer[13]                                                                 ; clk_50       ; clk_50      ; 0.000        ; 0.055      ; 0.511      ;
; 0.312 ; bootloader:u_boot|word_buffer[19]         ; bootloader:u_boot|word_buffer[19]                                                                 ; clk_50       ; clk_50      ; 0.000        ; 0.055      ; 0.511      ;
; 0.312 ; bootloader:u_boot|word_buffer[20]         ; bootloader:u_boot|word_buffer[20]                                                                 ; clk_50       ; clk_50      ; 0.000        ; 0.055      ; 0.511      ;
; 0.312 ; bootloader:u_boot|word_buffer[8]          ; bootloader:u_boot|word_buffer[8]                                                                  ; clk_50       ; clk_50      ; 0.000        ; 0.055      ; 0.511      ;
; 0.312 ; bootloader:u_boot|word_buffer[9]          ; bootloader:u_boot|word_buffer[9]                                                                  ; clk_50       ; clk_50      ; 0.000        ; 0.055      ; 0.511      ;
; 0.312 ; bootloader:u_boot|word_buffer[0]          ; bootloader:u_boot|word_buffer[0]                                                                  ; clk_50       ; clk_50      ; 0.000        ; 0.055      ; 0.511      ;
; 0.312 ; bootloader:u_boot|word_buffer[10]         ; bootloader:u_boot|word_buffer[10]                                                                 ; clk_50       ; clk_50      ; 0.000        ; 0.055      ; 0.511      ;
; 0.312 ; bootloader:u_boot|word_buffer[15]         ; bootloader:u_boot|word_buffer[15]                                                                 ; clk_50       ; clk_50      ; 0.000        ; 0.055      ; 0.511      ;
; 0.312 ; bootloader:u_boot|word_buffer[18]         ; bootloader:u_boot|word_buffer[18]                                                                 ; clk_50       ; clk_50      ; 0.000        ; 0.055      ; 0.511      ;
; 0.312 ; bootloader:u_boot|word_buffer[23]         ; bootloader:u_boot|word_buffer[23]                                                                 ; clk_50       ; clk_50      ; 0.000        ; 0.055      ; 0.511      ;
; 0.312 ; bootloader:u_boot|word_buffer[16]         ; bootloader:u_boot|word_buffer[16]                                                                 ; clk_50       ; clk_50      ; 0.000        ; 0.055      ; 0.511      ;
; 0.312 ; bootloader:u_boot|word_buffer[17]         ; bootloader:u_boot|word_buffer[17]                                                                 ; clk_50       ; clk_50      ; 0.000        ; 0.055      ; 0.511      ;
; 0.312 ; bootloader:u_boot|word_buffer[1]          ; bootloader:u_boot|word_buffer[1]                                                                  ; clk_50       ; clk_50      ; 0.000        ; 0.055      ; 0.511      ;
; 0.312 ; bootloader:u_boot|word_buffer[14]         ; bootloader:u_boot|word_buffer[14]                                                                 ; clk_50       ; clk_50      ; 0.000        ; 0.055      ; 0.511      ;
; 0.312 ; bootloader:u_boot|word_buffer[6]          ; bootloader:u_boot|word_buffer[6]                                                                  ; clk_50       ; clk_50      ; 0.000        ; 0.055      ; 0.511      ;
; 0.312 ; bootloader:u_boot|word_pos[1]             ; bootloader:u_boot|word_pos[1]                                                                     ; clk_50       ; clk_50      ; 0.000        ; 0.055      ; 0.511      ;
; 0.312 ; bootloader:u_boot|cpu_reset_int           ; bootloader:u_boot|cpu_reset_int                                                                   ; clk_50       ; clk_50      ; 0.000        ; 0.055      ; 0.511      ;
; 0.312 ; bootloader:u_boot|tx_data[6]              ; bootloader:u_boot|tx_data[6]                                                                      ; clk_50       ; clk_50      ; 0.000        ; 0.055      ; 0.511      ;
; 0.312 ; picorv32:u_cpu|mem_state[0]               ; picorv32:u_cpu|mem_state[0]                                                                       ; clk_50       ; clk_50      ; 0.000        ; 0.055      ; 0.511      ;
; 0.312 ; picorv32:u_cpu|mem_state[1]               ; picorv32:u_cpu|mem_state[1]                                                                       ; clk_50       ; clk_50      ; 0.000        ; 0.055      ; 0.511      ;
; 0.312 ; picorv32:u_cpu|mem_do_rdata               ; picorv32:u_cpu|mem_do_rdata                                                                       ; clk_50       ; clk_50      ; 0.000        ; 0.055      ; 0.511      ;
; 0.312 ; picorv32:u_cpu|mem_do_wdata               ; picorv32:u_cpu|mem_do_wdata                                                                       ; clk_50       ; clk_50      ; 0.000        ; 0.055      ; 0.511      ;
; 0.312 ; picorv32:u_cpu|cpu_state.cpu_state_ldmem  ; picorv32:u_cpu|cpu_state.cpu_state_ldmem                                                          ; clk_50       ; clk_50      ; 0.000        ; 0.055      ; 0.511      ;
; 0.312 ; picorv32:u_cpu|cpu_state.cpu_state_stmem  ; picorv32:u_cpu|cpu_state.cpu_state_stmem                                                          ; clk_50       ; clk_50      ; 0.000        ; 0.055      ; 0.511      ;
; 0.312 ; picorv32:u_cpu|reg_op1[1]                 ; picorv32:u_cpu|reg_op1[1]                                                                         ; clk_50       ; clk_50      ; 0.000        ; 0.055      ; 0.511      ;
; 0.312 ; picorv32:u_cpu|reg_op1[0]                 ; picorv32:u_cpu|reg_op1[0]                                                                         ; clk_50       ; clk_50      ; 0.000        ; 0.055      ; 0.511      ;
; 0.312 ; picorv32:u_cpu|latched_is_lb              ; picorv32:u_cpu|latched_is_lb                                                                      ; clk_50       ; clk_50      ; 0.000        ; 0.055      ; 0.511      ;
; 0.312 ; picorv32:u_cpu|latched_is_lh              ; picorv32:u_cpu|latched_is_lh                                                                      ; clk_50       ; clk_50      ; 0.000        ; 0.055      ; 0.511      ;
; 0.312 ; picorv32:u_cpu|mem_valid                  ; picorv32:u_cpu|mem_valid                                                                          ; clk_50       ; clk_50      ; 0.000        ; 0.055      ; 0.511      ;
; 0.312 ; picorv32:u_cpu|mem_rdata_q[3]             ; picorv32:u_cpu|mem_rdata_q[3]                                                                     ; clk_50       ; clk_50      ; 0.000        ; 0.055      ; 0.511      ;
; 0.312 ; picorv32:u_cpu|mem_rdata_q[0]             ; picorv32:u_cpu|mem_rdata_q[0]                                                                     ; clk_50       ; clk_50      ; 0.000        ; 0.055      ; 0.511      ;
; 0.312 ; picorv32:u_cpu|mem_rdata_q[1]             ; picorv32:u_cpu|mem_rdata_q[1]                                                                     ; clk_50       ; clk_50      ; 0.000        ; 0.055      ; 0.511      ;
; 0.312 ; picorv32:u_cpu|mem_rdata_q[6]             ; picorv32:u_cpu|mem_rdata_q[6]                                                                     ; clk_50       ; clk_50      ; 0.000        ; 0.055      ; 0.511      ;
; 0.312 ; picorv32:u_cpu|mem_rdata_q[21]            ; picorv32:u_cpu|mem_rdata_q[21]                                                                    ; clk_50       ; clk_50      ; 0.000        ; 0.055      ; 0.511      ;
; 0.312 ; picorv32:u_cpu|mem_rdata_q[24]            ; picorv32:u_cpu|mem_rdata_q[24]                                                                    ; clk_50       ; clk_50      ; 0.000        ; 0.055      ; 0.511      ;
; 0.312 ; picorv32:u_cpu|mem_rdata_q[29]            ; picorv32:u_cpu|mem_rdata_q[29]                                                                    ; clk_50       ; clk_50      ; 0.000        ; 0.055      ; 0.511      ;
; 0.312 ; picorv32:u_cpu|mem_rdata_q[17]            ; picorv32:u_cpu|mem_rdata_q[17]                                                                    ; clk_50       ; clk_50      ; 0.000        ; 0.055      ; 0.511      ;
; 0.312 ; picorv32:u_cpu|mem_rdata_q[16]            ; picorv32:u_cpu|mem_rdata_q[16]                                                                    ; clk_50       ; clk_50      ; 0.000        ; 0.055      ; 0.511      ;
; 0.312 ; picorv32:u_cpu|mem_rdata_q[19]            ; picorv32:u_cpu|mem_rdata_q[19]                                                                    ; clk_50       ; clk_50      ; 0.000        ; 0.055      ; 0.511      ;
; 0.312 ; picorv32:u_cpu|mem_rdata_q[18]            ; picorv32:u_cpu|mem_rdata_q[18]                                                                    ; clk_50       ; clk_50      ; 0.000        ; 0.055      ; 0.511      ;
; 0.312 ; picorv32:u_cpu|mem_rdata_q[15]            ; picorv32:u_cpu|mem_rdata_q[15]                                                                    ; clk_50       ; clk_50      ; 0.000        ; 0.055      ; 0.511      ;
; 0.312 ; picorv32:u_cpu|mem_rdata_q[13]            ; picorv32:u_cpu|mem_rdata_q[13]                                                                    ; clk_50       ; clk_50      ; 0.000        ; 0.055      ; 0.511      ;
; 0.312 ; picorv32:u_cpu|mem_rdata_q[31]            ; picorv32:u_cpu|mem_rdata_q[31]                                                                    ; clk_50       ; clk_50      ; 0.000        ; 0.055      ; 0.511      ;
; 0.312 ; picorv32:u_cpu|mem_rdata_q[5]             ; picorv32:u_cpu|mem_rdata_q[5]                                                                     ; clk_50       ; clk_50      ; 0.000        ; 0.055      ; 0.511      ;
; 0.312 ; picorv32:u_cpu|mem_rdata_q[4]             ; picorv32:u_cpu|mem_rdata_q[4]                                                                     ; clk_50       ; clk_50      ; 0.000        ; 0.055      ; 0.511      ;
; 0.312 ; picorv32:u_cpu|latched_stalu              ; picorv32:u_cpu|latched_stalu                                                                      ; clk_50       ; clk_50      ; 0.000        ; 0.055      ; 0.511      ;
; 0.312 ; bootloader:u_boot|nibble_count            ; bootloader:u_boot|nibble_count                                                                    ; clk_50       ; clk_50      ; 0.000        ; 0.055      ; 0.511      ;
; 0.312 ; uart:u_uart|rx_bit_cnt[0]                 ; uart:u_uart|rx_bit_cnt[0]                                                                         ; clk_50       ; clk_50      ; 0.000        ; 0.055      ; 0.511      ;
; 0.312 ; uart:u_uart|rx_bit_cnt[2]                 ; uart:u_uart|rx_bit_cnt[2]                                                                         ; clk_50       ; clk_50      ; 0.000        ; 0.055      ; 0.511      ;
; 0.312 ; uart:u_uart|rx_bit_cnt[1]                 ; uart:u_uart|rx_bit_cnt[1]                                                                         ; clk_50       ; clk_50      ; 0.000        ; 0.055      ; 0.511      ;
; 0.312 ; uart:u_uart|rx_state.WAIT_HALF            ; uart:u_uart|rx_state.WAIT_HALF                                                                    ; clk_50       ; clk_50      ; 0.000        ; 0.055      ; 0.511      ;
; 0.312 ; uart:u_uart|rx_state.R_DATA               ; uart:u_uart|rx_state.R_DATA                                                                       ; clk_50       ; clk_50      ; 0.000        ; 0.055      ; 0.511      ;
; 0.312 ; uart:u_uart|rx_state.STOP_BIT             ; uart:u_uart|rx_state.STOP_BIT                                                                     ; clk_50       ; clk_50      ; 0.000        ; 0.055      ; 0.511      ;
; 0.312 ; uart:u_uart|rx_state.IDLE                 ; uart:u_uart|rx_state.IDLE                                                                         ; clk_50       ; clk_50      ; 0.000        ; 0.055      ; 0.511      ;
; 0.312 ; uart:u_uart|tx_bit_cnt[3]                 ; uart:u_uart|tx_bit_cnt[3]                                                                         ; clk_50       ; clk_50      ; 0.000        ; 0.055      ; 0.511      ;
; 0.312 ; uart:u_uart|tx_bit_cnt[2]                 ; uart:u_uart|tx_bit_cnt[2]                                                                         ; clk_50       ; clk_50      ; 0.000        ; 0.055      ; 0.511      ;
; 0.312 ; uart:u_uart|tx_bit_cnt[1]                 ; uart:u_uart|tx_bit_cnt[1]                                                                         ; clk_50       ; clk_50      ; 0.000        ; 0.055      ; 0.511      ;
; 0.312 ; uart:u_uart|tx_bit_cnt[0]                 ; uart:u_uart|tx_bit_cnt[0]                                                                         ; clk_50       ; clk_50      ; 0.000        ; 0.055      ; 0.511      ;
; 0.312 ; por_counter[4]                            ; por_counter[4]                                                                                    ; clk_50       ; clk_50      ; 0.000        ; 0.055      ; 0.511      ;
; 0.313 ; picorv32:u_cpu|cpu_state.cpu_state_fetch  ; picorv32:u_cpu|cpu_state.cpu_state_fetch                                                          ; clk_50       ; clk_50      ; 0.000        ; 0.054      ; 0.511      ;
; 0.313 ; picorv32:u_cpu|cpu_state.cpu_state_trap   ; picorv32:u_cpu|cpu_state.cpu_state_trap                                                           ; clk_50       ; clk_50      ; 0.000        ; 0.054      ; 0.511      ;
; 0.313 ; picorv32:u_cpu|mem_rdata_q[25]            ; picorv32:u_cpu|mem_rdata_q[25]                                                                    ; clk_50       ; clk_50      ; 0.000        ; 0.054      ; 0.511      ;
; 0.313 ; picorv32:u_cpu|mem_rdata_q[26]            ; picorv32:u_cpu|mem_rdata_q[26]                                                                    ; clk_50       ; clk_50      ; 0.000        ; 0.054      ; 0.511      ;
; 0.313 ; picorv32:u_cpu|mem_rdata_q[30]            ; picorv32:u_cpu|mem_rdata_q[30]                                                                    ; clk_50       ; clk_50      ; 0.000        ; 0.054      ; 0.511      ;
; 0.313 ; picorv32:u_cpu|mem_rdata_q[27]            ; picorv32:u_cpu|mem_rdata_q[27]                                                                    ; clk_50       ; clk_50      ; 0.000        ; 0.054      ; 0.511      ;
; 0.313 ; picorv32:u_cpu|mem_rdata_q[28]            ; picorv32:u_cpu|mem_rdata_q[28]                                                                    ; clk_50       ; clk_50      ; 0.000        ; 0.054      ; 0.511      ;
; 0.320 ; picorv32:u_cpu|reg_sh[2]                  ; picorv32:u_cpu|reg_sh[2]                                                                          ; clk_50       ; clk_50      ; 0.000        ; 0.055      ; 0.519      ;
; 0.320 ; bootloader:u_boot|word_pos[0]             ; bootloader:u_boot|word_pos[0]                                                                     ; clk_50       ; clk_50      ; 0.000        ; 0.055      ; 0.519      ;
; 0.320 ; picorv32:u_cpu|cpu_state.cpu_state_ld_rs1 ; picorv32:u_cpu|cpu_state.cpu_state_ld_rs1                                                         ; clk_50       ; clk_50      ; 0.000        ; 0.055      ; 0.519      ;
; 0.320 ; por_counter[0]                            ; por_counter[0]                                                                                    ; clk_50       ; clk_50      ; 0.000        ; 0.055      ; 0.519      ;
; 0.332 ; picorv32:u_cpu|instr_sw                   ; picorv32:u_cpu|mem_wordsize.00                                                                    ; clk_50       ; clk_50      ; 0.000        ; 0.055      ; 0.531      ;
; 0.336 ; bootloader:u_boot|byte_idx[7]             ; bootloader:u_boot|byte_idx[7]                                                                     ; clk_50       ; clk_50      ; 0.000        ; 0.055      ; 0.535      ;
; 0.338 ; uart:u_uart|rx_sync[0]                    ; uart:u_uart|rx_sync[1]                                                                            ; clk_50       ; clk_50      ; 0.000        ; 0.055      ; 0.537      ;
; 0.339 ; uart:u_uart|tx_reg[7]                     ; uart:u_uart|tx_reg[6]                                                                             ; clk_50       ; clk_50      ; 0.000        ; 0.055      ; 0.538      ;
; 0.339 ; picorv32:u_cpu|instr_bltu                 ; picorv32:u_cpu|is_sltiu_bltu_sltu                                                                 ; clk_50       ; clk_50      ; 0.000        ; 0.055      ; 0.538      ;
; 0.340 ; picorv32:u_cpu|instr_lhu                  ; picorv32:u_cpu|mem_wordsize.01                                                                    ; clk_50       ; clk_50      ; 0.000        ; 0.055      ; 0.539      ;
; 0.344 ; picorv32:u_cpu|cpu_state.cpu_state_trap   ; picorv32:u_cpu|trap                                                                               ; clk_50       ; clk_50      ; 0.000        ; 0.054      ; 0.542      ;
; 0.344 ; picorv32:u_cpu|instr_slti                 ; picorv32:u_cpu|is_slti_blt_slt                                                                    ; clk_50       ; clk_50      ; 0.000        ; 0.055      ; 0.543      ;
; 0.346 ; picorv32:u_cpu|reg_out[1]                 ; picorv32:u_cpu|cpuregs_rtl_1_bypass[12]                                                           ; clk_50       ; clk_50      ; 0.000        ; 0.055      ; 0.545      ;
; 0.347 ; picorv32:u_cpu|reg_out[23]                ; picorv32:u_cpu|mem_addr[23]                                                                       ; clk_50       ; clk_50      ; 0.000        ; 0.055      ; 0.546      ;
; 0.349 ; uart:u_uart|tx_bit_cnt[0]                 ; uart:u_uart|tx_bit_cnt[1]                                                                         ; clk_50       ; clk_50      ; 0.000        ; 0.055      ; 0.548      ;
; 0.352 ; por_counter[4]                            ; por_reset_n                                                                                       ; clk_50       ; clk_50      ; 0.000        ; 0.055      ; 0.551      ;
; 0.353 ; bootloader:u_boot|hex_state.READ_TYPE_H   ; bootloader:u_boot|hex_state.READ_TYPE_L                                                           ; clk_50       ; clk_50      ; 0.000        ; 0.055      ; 0.552      ;
; 0.354 ; bootloader:u_boot|tx_data[6]              ; uart:u_uart|tx_reg[7]                                                                             ; clk_50       ; clk_50      ; 0.000        ; 0.055      ; 0.553      ;
+-------+-------------------------------------------+---------------------------------------------------------------------------------------------------+--------------+-------------+--------------+------------+------------+


+-----------------------------------------------------------------------------------------------------------------------------+
; Slow 1200mV 0C Model Recovery: 'clk_50'                                                                                     ;
+--------+-------------+--------------------------------+--------------+-------------+--------------+------------+------------+
; Slack  ; From Node   ; To Node                        ; Launch Clock ; Latch Clock ; Relationship ; Clock Skew ; Data Delay ;
+--------+-------------+--------------------------------+--------------+-------------+--------------+------------+------------+
; 10.242 ; reset_n     ; uart:u_uart|tx_reg[0]          ; clk_50       ; clk_50      ; 20.000       ; 1.868      ; 6.549      ;
; 10.660 ; reset_n     ; uart:u_uart|tx_clk_cnt[0]      ; clk_50       ; clk_50      ; 20.000       ; 1.855      ; 6.210      ;
; 10.660 ; reset_n     ; uart:u_uart|tx_clk_cnt[1]      ; clk_50       ; clk_50      ; 20.000       ; 1.855      ; 6.210      ;
; 10.660 ; reset_n     ; uart:u_uart|tx_clk_cnt[2]      ; clk_50       ; clk_50      ; 20.000       ; 1.855      ; 6.210      ;
; 10.660 ; reset_n     ; uart:u_uart|tx_clk_cnt[3]      ; clk_50       ; clk_50      ; 20.000       ; 1.855      ; 6.210      ;
; 10.660 ; reset_n     ; uart:u_uart|tx_clk_cnt[4]      ; clk_50       ; clk_50      ; 20.000       ; 1.855      ; 6.210      ;
; 10.660 ; reset_n     ; uart:u_uart|tx_clk_cnt[5]      ; clk_50       ; clk_50      ; 20.000       ; 1.855      ; 6.210      ;
; 10.660 ; reset_n     ; uart:u_uart|tx_clk_cnt[6]      ; clk_50       ; clk_50      ; 20.000       ; 1.855      ; 6.210      ;
; 10.660 ; reset_n     ; uart:u_uart|tx_clk_cnt[7]      ; clk_50       ; clk_50      ; 20.000       ; 1.855      ; 6.210      ;
; 10.660 ; reset_n     ; uart:u_uart|tx_clk_cnt[8]      ; clk_50       ; clk_50      ; 20.000       ; 1.855      ; 6.210      ;
; 10.660 ; reset_n     ; uart:u_uart|tx_clk_cnt[9]      ; clk_50       ; clk_50      ; 20.000       ; 1.855      ; 6.210      ;
; 10.660 ; reset_n     ; uart:u_uart|tx_clk_cnt[10]     ; clk_50       ; clk_50      ; 20.000       ; 1.855      ; 6.210      ;
; 10.660 ; reset_n     ; uart:u_uart|tx_clk_cnt[11]     ; clk_50       ; clk_50      ; 20.000       ; 1.855      ; 6.210      ;
; 10.660 ; reset_n     ; uart:u_uart|tx_clk_cnt[12]     ; clk_50       ; clk_50      ; 20.000       ; 1.855      ; 6.210      ;
; 10.663 ; reset_n     ; uart:u_uart|rx_state.R_DATA    ; clk_50       ; clk_50      ; 20.000       ; 1.856      ; 6.208      ;
; 10.663 ; reset_n     ; uart:u_uart|rx_state.WAIT_HALF ; clk_50       ; clk_50      ; 20.000       ; 1.856      ; 6.208      ;
; 10.663 ; reset_n     ; uart:u_uart|rx_state.STOP_BIT  ; clk_50       ; clk_50      ; 20.000       ; 1.856      ; 6.208      ;
; 10.663 ; reset_n     ; uart:u_uart|rx_state.IDLE      ; clk_50       ; clk_50      ; 20.000       ; 1.856      ; 6.208      ;
; 10.665 ; reset_n     ; uart:u_uart|rx_clk_cnt[0]      ; clk_50       ; clk_50      ; 20.000       ; 1.857      ; 6.207      ;
; 10.665 ; reset_n     ; uart:u_uart|rx_clk_cnt[1]      ; clk_50       ; clk_50      ; 20.000       ; 1.857      ; 6.207      ;
; 10.665 ; reset_n     ; uart:u_uart|rx_clk_cnt[2]      ; clk_50       ; clk_50      ; 20.000       ; 1.857      ; 6.207      ;
; 10.665 ; reset_n     ; uart:u_uart|rx_clk_cnt[3]      ; clk_50       ; clk_50      ; 20.000       ; 1.857      ; 6.207      ;
; 10.665 ; reset_n     ; uart:u_uart|rx_clk_cnt[4]      ; clk_50       ; clk_50      ; 20.000       ; 1.857      ; 6.207      ;
; 10.665 ; reset_n     ; uart:u_uart|rx_clk_cnt[5]      ; clk_50       ; clk_50      ; 20.000       ; 1.857      ; 6.207      ;
; 10.665 ; reset_n     ; uart:u_uart|rx_clk_cnt[6]      ; clk_50       ; clk_50      ; 20.000       ; 1.857      ; 6.207      ;
; 10.665 ; reset_n     ; uart:u_uart|rx_clk_cnt[7]      ; clk_50       ; clk_50      ; 20.000       ; 1.857      ; 6.207      ;
; 10.665 ; reset_n     ; uart:u_uart|rx_clk_cnt[8]      ; clk_50       ; clk_50      ; 20.000       ; 1.857      ; 6.207      ;
; 10.665 ; reset_n     ; uart:u_uart|rx_clk_cnt[9]      ; clk_50       ; clk_50      ; 20.000       ; 1.857      ; 6.207      ;
; 10.665 ; reset_n     ; uart:u_uart|rx_clk_cnt[10]     ; clk_50       ; clk_50      ; 20.000       ; 1.857      ; 6.207      ;
; 10.665 ; reset_n     ; uart:u_uart|rx_clk_cnt[12]     ; clk_50       ; clk_50      ; 20.000       ; 1.857      ; 6.207      ;
; 10.665 ; reset_n     ; uart:u_uart|rx_clk_cnt[11]     ; clk_50       ; clk_50      ; 20.000       ; 1.857      ; 6.207      ;
; 10.940 ; reset_n     ; uart:u_uart|tx_bit_cnt[0]      ; clk_50       ; clk_50      ; 20.000       ; 1.857      ; 5.932      ;
; 10.940 ; reset_n     ; uart:u_uart|tx_bit_cnt[1]      ; clk_50       ; clk_50      ; 20.000       ; 1.857      ; 5.932      ;
; 10.940 ; reset_n     ; uart:u_uart|tx_bit_cnt[2]      ; clk_50       ; clk_50      ; 20.000       ; 1.857      ; 5.932      ;
; 10.940 ; reset_n     ; uart:u_uart|tx_bit_cnt[3]      ; clk_50       ; clk_50      ; 20.000       ; 1.857      ; 5.932      ;
; 10.940 ; reset_n     ; uart:u_uart|tx_busy_int        ; clk_50       ; clk_50      ; 20.000       ; 1.857      ; 5.932      ;
; 10.953 ; reset_n     ; uart:u_uart|rx_bit_cnt[2]      ; clk_50       ; clk_50      ; 20.000       ; 1.862      ; 5.924      ;
; 10.953 ; reset_n     ; uart:u_uart|rx_bit_cnt[0]      ; clk_50       ; clk_50      ; 20.000       ; 1.862      ; 5.924      ;
; 10.953 ; reset_n     ; uart:u_uart|rx_bit_cnt[1]      ; clk_50       ; clk_50      ; 20.000       ; 1.862      ; 5.924      ;
; 10.953 ; reset_n     ; uart:u_uart|rx_shift[7]        ; clk_50       ; clk_50      ; 20.000       ; 1.862      ; 5.924      ;
; 10.953 ; reset_n     ; uart:u_uart|rx_shift[6]        ; clk_50       ; clk_50      ; 20.000       ; 1.862      ; 5.924      ;
; 10.953 ; reset_n     ; uart:u_uart|rx_shift[5]        ; clk_50       ; clk_50      ; 20.000       ; 1.862      ; 5.924      ;
; 10.953 ; reset_n     ; uart:u_uart|rx_shift[4]        ; clk_50       ; clk_50      ; 20.000       ; 1.862      ; 5.924      ;
; 10.953 ; reset_n     ; uart:u_uart|rx_shift[3]        ; clk_50       ; clk_50      ; 20.000       ; 1.862      ; 5.924      ;
; 10.953 ; reset_n     ; uart:u_uart|rx_shift[2]        ; clk_50       ; clk_50      ; 20.000       ; 1.862      ; 5.924      ;
; 10.953 ; reset_n     ; uart:u_uart|rx_shift[1]        ; clk_50       ; clk_50      ; 20.000       ; 1.862      ; 5.924      ;
; 10.953 ; reset_n     ; uart:u_uart|rx_shift[0]        ; clk_50       ; clk_50      ; 20.000       ; 1.862      ; 5.924      ;
; 10.977 ; reset_n     ; uart:u_uart|rx_done_int        ; clk_50       ; clk_50      ; 20.000       ; 1.862      ; 5.900      ;
; 11.448 ; reset_n     ; uart:u_uart|tx_reg[8]          ; clk_50       ; clk_50      ; 20.000       ; 1.870      ; 5.437      ;
; 11.448 ; reset_n     ; uart:u_uart|tx_reg[7]          ; clk_50       ; clk_50      ; 20.000       ; 1.870      ; 5.437      ;
; 11.448 ; reset_n     ; uart:u_uart|tx_reg[6]          ; clk_50       ; clk_50      ; 20.000       ; 1.870      ; 5.437      ;
; 11.448 ; reset_n     ; uart:u_uart|tx_reg[5]          ; clk_50       ; clk_50      ; 20.000       ; 1.870      ; 5.437      ;
; 11.448 ; reset_n     ; uart:u_uart|tx_reg[4]          ; clk_50       ; clk_50      ; 20.000       ; 1.870      ; 5.437      ;
; 11.448 ; reset_n     ; uart:u_uart|tx_reg[3]          ; clk_50       ; clk_50      ; 20.000       ; 1.870      ; 5.437      ;
; 11.448 ; reset_n     ; uart:u_uart|tx_reg[2]          ; clk_50       ; clk_50      ; 20.000       ; 1.870      ; 5.437      ;
; 11.448 ; reset_n     ; uart:u_uart|tx_reg[1]          ; clk_50       ; clk_50      ; 20.000       ; 1.870      ; 5.437      ;
; 17.005 ; por_reset_n ; uart:u_uart|tx_reg[0]          ; clk_50       ; clk_50      ; 20.000       ; -0.049     ; 2.869      ;
; 17.423 ; por_reset_n ; uart:u_uart|tx_clk_cnt[11]     ; clk_50       ; clk_50      ; 20.000       ; -0.062     ; 2.530      ;
; 17.423 ; por_reset_n ; uart:u_uart|tx_clk_cnt[0]      ; clk_50       ; clk_50      ; 20.000       ; -0.062     ; 2.530      ;
; 17.423 ; por_reset_n ; uart:u_uart|tx_clk_cnt[1]      ; clk_50       ; clk_50      ; 20.000       ; -0.062     ; 2.530      ;
; 17.423 ; por_reset_n ; uart:u_uart|tx_clk_cnt[2]      ; clk_50       ; clk_50      ; 20.000       ; -0.062     ; 2.530      ;
; 17.423 ; por_reset_n ; uart:u_uart|tx_clk_cnt[3]      ; clk_50       ; clk_50      ; 20.000       ; -0.062     ; 2.530      ;
; 17.423 ; por_reset_n ; uart:u_uart|tx_clk_cnt[4]      ; clk_50       ; clk_50      ; 20.000       ; -0.062     ; 2.530      ;
; 17.423 ; por_reset_n ; uart:u_uart|tx_clk_cnt[5]      ; clk_50       ; clk_50      ; 20.000       ; -0.062     ; 2.530      ;
; 17.423 ; por_reset_n ; uart:u_uart|tx_clk_cnt[6]      ; clk_50       ; clk_50      ; 20.000       ; -0.062     ; 2.530      ;
; 17.423 ; por_reset_n ; uart:u_uart|tx_clk_cnt[7]      ; clk_50       ; clk_50      ; 20.000       ; -0.062     ; 2.530      ;
; 17.423 ; por_reset_n ; uart:u_uart|tx_clk_cnt[8]      ; clk_50       ; clk_50      ; 20.000       ; -0.062     ; 2.530      ;
; 17.423 ; por_reset_n ; uart:u_uart|tx_clk_cnt[9]      ; clk_50       ; clk_50      ; 20.000       ; -0.062     ; 2.530      ;
; 17.423 ; por_reset_n ; uart:u_uart|tx_clk_cnt[10]     ; clk_50       ; clk_50      ; 20.000       ; -0.062     ; 2.530      ;
; 17.423 ; por_reset_n ; uart:u_uart|tx_clk_cnt[12]     ; clk_50       ; clk_50      ; 20.000       ; -0.062     ; 2.530      ;
; 17.426 ; por_reset_n ; uart:u_uart|rx_state.WAIT_HALF ; clk_50       ; clk_50      ; 20.000       ; -0.061     ; 2.528      ;
; 17.426 ; por_reset_n ; uart:u_uart|rx_state.R_DATA    ; clk_50       ; clk_50      ; 20.000       ; -0.061     ; 2.528      ;
; 17.426 ; por_reset_n ; uart:u_uart|rx_state.STOP_BIT  ; clk_50       ; clk_50      ; 20.000       ; -0.061     ; 2.528      ;
; 17.426 ; por_reset_n ; uart:u_uart|rx_state.IDLE      ; clk_50       ; clk_50      ; 20.000       ; -0.061     ; 2.528      ;
; 17.428 ; por_reset_n ; uart:u_uart|rx_clk_cnt[12]     ; clk_50       ; clk_50      ; 20.000       ; -0.060     ; 2.527      ;
; 17.428 ; por_reset_n ; uart:u_uart|rx_clk_cnt[11]     ; clk_50       ; clk_50      ; 20.000       ; -0.060     ; 2.527      ;
; 17.428 ; por_reset_n ; uart:u_uart|rx_clk_cnt[6]      ; clk_50       ; clk_50      ; 20.000       ; -0.060     ; 2.527      ;
; 17.428 ; por_reset_n ; uart:u_uart|rx_clk_cnt[0]      ; clk_50       ; clk_50      ; 20.000       ; -0.060     ; 2.527      ;
; 17.428 ; por_reset_n ; uart:u_uart|rx_clk_cnt[1]      ; clk_50       ; clk_50      ; 20.000       ; -0.060     ; 2.527      ;
; 17.428 ; por_reset_n ; uart:u_uart|rx_clk_cnt[2]      ; clk_50       ; clk_50      ; 20.000       ; -0.060     ; 2.527      ;
; 17.428 ; por_reset_n ; uart:u_uart|rx_clk_cnt[3]      ; clk_50       ; clk_50      ; 20.000       ; -0.060     ; 2.527      ;
; 17.428 ; por_reset_n ; uart:u_uart|rx_clk_cnt[4]      ; clk_50       ; clk_50      ; 20.000       ; -0.060     ; 2.527      ;
; 17.428 ; por_reset_n ; uart:u_uart|rx_clk_cnt[5]      ; clk_50       ; clk_50      ; 20.000       ; -0.060     ; 2.527      ;
; 17.428 ; por_reset_n ; uart:u_uart|rx_clk_cnt[10]     ; clk_50       ; clk_50      ; 20.000       ; -0.060     ; 2.527      ;
; 17.428 ; por_reset_n ; uart:u_uart|rx_clk_cnt[7]      ; clk_50       ; clk_50      ; 20.000       ; -0.060     ; 2.527      ;
; 17.428 ; por_reset_n ; uart:u_uart|rx_clk_cnt[8]      ; clk_50       ; clk_50      ; 20.000       ; -0.060     ; 2.527      ;
; 17.428 ; por_reset_n ; uart:u_uart|rx_clk_cnt[9]      ; clk_50       ; clk_50      ; 20.000       ; -0.060     ; 2.527      ;
; 17.703 ; por_reset_n ; uart:u_uart|tx_bit_cnt[3]      ; clk_50       ; clk_50      ; 20.000       ; -0.060     ; 2.252      ;
; 17.703 ; por_reset_n ; uart:u_uart|tx_bit_cnt[2]      ; clk_50       ; clk_50      ; 20.000       ; -0.060     ; 2.252      ;
; 17.703 ; por_reset_n ; uart:u_uart|tx_bit_cnt[1]      ; clk_50       ; clk_50      ; 20.000       ; -0.060     ; 2.252      ;
; 17.703 ; por_reset_n ; uart:u_uart|tx_bit_cnt[0]      ; clk_50       ; clk_50      ; 20.000       ; -0.060     ; 2.252      ;
; 17.703 ; por_reset_n ; uart:u_uart|tx_busy_int        ; clk_50       ; clk_50      ; 20.000       ; -0.060     ; 2.252      ;
; 17.716 ; por_reset_n ; uart:u_uart|rx_shift[0]        ; clk_50       ; clk_50      ; 20.000       ; -0.055     ; 2.244      ;
; 17.716 ; por_reset_n ; uart:u_uart|rx_shift[1]        ; clk_50       ; clk_50      ; 20.000       ; -0.055     ; 2.244      ;
; 17.716 ; por_reset_n ; uart:u_uart|rx_shift[2]        ; clk_50       ; clk_50      ; 20.000       ; -0.055     ; 2.244      ;
; 17.716 ; por_reset_n ; uart:u_uart|rx_shift[3]        ; clk_50       ; clk_50      ; 20.000       ; -0.055     ; 2.244      ;
; 17.716 ; por_reset_n ; uart:u_uart|rx_shift[4]        ; clk_50       ; clk_50      ; 20.000       ; -0.055     ; 2.244      ;
; 17.716 ; por_reset_n ; uart:u_uart|rx_shift[5]        ; clk_50       ; clk_50      ; 20.000       ; -0.055     ; 2.244      ;
; 17.716 ; por_reset_n ; uart:u_uart|rx_shift[6]        ; clk_50       ; clk_50      ; 20.000       ; -0.055     ; 2.244      ;
; 17.716 ; por_reset_n ; uart:u_uart|rx_bit_cnt[0]      ; clk_50       ; clk_50      ; 20.000       ; -0.055     ; 2.244      ;
+--------+-------------+--------------------------------+--------------+-------------+--------------+------------+------------+


+----------------------------------------------------------------------------------------------------------------------------+
; Slow 1200mV 0C Model Removal: 'clk_50'                                                                                     ;
+-------+-------------+--------------------------------+--------------+-------------+--------------+------------+------------+
; Slack ; From Node   ; To Node                        ; Launch Clock ; Latch Clock ; Relationship ; Clock Skew ; Data Delay ;
+-------+-------------+--------------------------------+--------------+-------------+--------------+------------+------------+
; 1.440 ; por_reset_n ; uart:u_uart|tx_reg[6]          ; clk_50       ; clk_50      ; 0.000        ; 0.077      ; 1.661      ;
; 1.440 ; por_reset_n ; uart:u_uart|tx_reg[8]          ; clk_50       ; clk_50      ; 0.000        ; 0.077      ; 1.661      ;
; 1.440 ; por_reset_n ; uart:u_uart|tx_reg[7]          ; clk_50       ; clk_50      ; 0.000        ; 0.077      ; 1.661      ;
; 1.440 ; por_reset_n ; uart:u_uart|tx_reg[5]          ; clk_50       ; clk_50      ; 0.000        ; 0.077      ; 1.661      ;
; 1.440 ; por_reset_n ; uart:u_uart|tx_reg[4]          ; clk_50       ; clk_50      ; 0.000        ; 0.077      ; 1.661      ;
; 1.440 ; por_reset_n ; uart:u_uart|tx_reg[3]          ; clk_50       ; clk_50      ; 0.000        ; 0.077      ; 1.661      ;
; 1.440 ; por_reset_n ; uart:u_uart|tx_reg[2]          ; clk_50       ; clk_50      ; 0.000        ; 0.077      ; 1.661      ;
; 1.440 ; por_reset_n ; uart:u_uart|tx_reg[1]          ; clk_50       ; clk_50      ; 0.000        ; 0.077      ; 1.661      ;
; 1.906 ; por_reset_n ; uart:u_uart|rx_done_int        ; clk_50       ; clk_50      ; 0.000        ; 0.055      ; 2.105      ;
; 1.942 ; por_reset_n ; uart:u_uart|rx_shift[0]        ; clk_50       ; clk_50      ; 0.000        ; 0.055      ; 2.141      ;
; 1.942 ; por_reset_n ; uart:u_uart|rx_shift[1]        ; clk_50       ; clk_50      ; 0.000        ; 0.055      ; 2.141      ;
; 1.942 ; por_reset_n ; uart:u_uart|rx_shift[2]        ; clk_50       ; clk_50      ; 0.000        ; 0.055      ; 2.141      ;
; 1.942 ; por_reset_n ; uart:u_uart|rx_shift[3]        ; clk_50       ; clk_50      ; 0.000        ; 0.055      ; 2.141      ;
; 1.942 ; por_reset_n ; uart:u_uart|rx_shift[4]        ; clk_50       ; clk_50      ; 0.000        ; 0.055      ; 2.141      ;
; 1.942 ; por_reset_n ; uart:u_uart|rx_shift[5]        ; clk_50       ; clk_50      ; 0.000        ; 0.055      ; 2.141      ;
; 1.942 ; por_reset_n ; uart:u_uart|rx_shift[6]        ; clk_50       ; clk_50      ; 0.000        ; 0.055      ; 2.141      ;
; 1.942 ; por_reset_n ; uart:u_uart|rx_bit_cnt[0]      ; clk_50       ; clk_50      ; 0.000        ; 0.055      ; 2.141      ;
; 1.942 ; por_reset_n ; uart:u_uart|rx_bit_cnt[2]      ; clk_50       ; clk_50      ; 0.000        ; 0.055      ; 2.141      ;
; 1.942 ; por_reset_n ; uart:u_uart|rx_bit_cnt[1]      ; clk_50       ; clk_50      ; 0.000        ; 0.055      ; 2.141      ;
; 1.942 ; por_reset_n ; uart:u_uart|rx_shift[7]        ; clk_50       ; clk_50      ; 0.000        ; 0.055      ; 2.141      ;
; 1.958 ; por_reset_n ; uart:u_uart|tx_bit_cnt[3]      ; clk_50       ; clk_50      ; 0.000        ; 0.050      ; 2.152      ;
; 1.958 ; por_reset_n ; uart:u_uart|tx_bit_cnt[2]      ; clk_50       ; clk_50      ; 0.000        ; 0.050      ; 2.152      ;
; 1.958 ; por_reset_n ; uart:u_uart|tx_bit_cnt[1]      ; clk_50       ; clk_50      ; 0.000        ; 0.050      ; 2.152      ;
; 1.958 ; por_reset_n ; uart:u_uart|tx_bit_cnt[0]      ; clk_50       ; clk_50      ; 0.000        ; 0.050      ; 2.152      ;
; 1.958 ; por_reset_n ; uart:u_uart|tx_busy_int        ; clk_50       ; clk_50      ; 0.000        ; 0.050      ; 2.152      ;
; 2.219 ; por_reset_n ; uart:u_uart|rx_clk_cnt[12]     ; clk_50       ; clk_50      ; 0.000        ; 0.050      ; 2.413      ;
; 2.219 ; por_reset_n ; uart:u_uart|rx_clk_cnt[11]     ; clk_50       ; clk_50      ; 0.000        ; 0.050      ; 2.413      ;
; 2.219 ; por_reset_n ; uart:u_uart|rx_clk_cnt[6]      ; clk_50       ; clk_50      ; 0.000        ; 0.050      ; 2.413      ;
; 2.219 ; por_reset_n ; uart:u_uart|rx_clk_cnt[0]      ; clk_50       ; clk_50      ; 0.000        ; 0.050      ; 2.413      ;
; 2.219 ; por_reset_n ; uart:u_uart|rx_clk_cnt[1]      ; clk_50       ; clk_50      ; 0.000        ; 0.050      ; 2.413      ;
; 2.219 ; por_reset_n ; uart:u_uart|rx_clk_cnt[2]      ; clk_50       ; clk_50      ; 0.000        ; 0.050      ; 2.413      ;
; 2.219 ; por_reset_n ; uart:u_uart|rx_clk_cnt[3]      ; clk_50       ; clk_50      ; 0.000        ; 0.050      ; 2.413      ;
; 2.219 ; por_reset_n ; uart:u_uart|rx_clk_cnt[4]      ; clk_50       ; clk_50      ; 0.000        ; 0.050      ; 2.413      ;
; 2.219 ; por_reset_n ; uart:u_uart|rx_clk_cnt[5]      ; clk_50       ; clk_50      ; 0.000        ; 0.050      ; 2.413      ;
; 2.219 ; por_reset_n ; uart:u_uart|rx_clk_cnt[10]     ; clk_50       ; clk_50      ; 0.000        ; 0.050      ; 2.413      ;
; 2.219 ; por_reset_n ; uart:u_uart|rx_clk_cnt[7]      ; clk_50       ; clk_50      ; 0.000        ; 0.050      ; 2.413      ;
; 2.219 ; por_reset_n ; uart:u_uart|rx_clk_cnt[8]      ; clk_50       ; clk_50      ; 0.000        ; 0.050      ; 2.413      ;
; 2.219 ; por_reset_n ; uart:u_uart|rx_clk_cnt[9]      ; clk_50       ; clk_50      ; 0.000        ; 0.050      ; 2.413      ;
; 2.219 ; por_reset_n ; uart:u_uart|rx_state.WAIT_HALF ; clk_50       ; clk_50      ; 0.000        ; 0.049      ; 2.412      ;
; 2.219 ; por_reset_n ; uart:u_uart|rx_state.R_DATA    ; clk_50       ; clk_50      ; 0.000        ; 0.049      ; 2.412      ;
; 2.219 ; por_reset_n ; uart:u_uart|rx_state.STOP_BIT  ; clk_50       ; clk_50      ; 0.000        ; 0.049      ; 2.412      ;
; 2.219 ; por_reset_n ; uart:u_uart|rx_state.IDLE      ; clk_50       ; clk_50      ; 0.000        ; 0.049      ; 2.412      ;
; 2.225 ; por_reset_n ; uart:u_uart|tx_clk_cnt[11]     ; clk_50       ; clk_50      ; 0.000        ; 0.047      ; 2.416      ;
; 2.225 ; por_reset_n ; uart:u_uart|tx_clk_cnt[0]      ; clk_50       ; clk_50      ; 0.000        ; 0.047      ; 2.416      ;
; 2.225 ; por_reset_n ; uart:u_uart|tx_clk_cnt[1]      ; clk_50       ; clk_50      ; 0.000        ; 0.047      ; 2.416      ;
; 2.225 ; por_reset_n ; uart:u_uart|tx_clk_cnt[2]      ; clk_50       ; clk_50      ; 0.000        ; 0.047      ; 2.416      ;
; 2.225 ; por_reset_n ; uart:u_uart|tx_clk_cnt[3]      ; clk_50       ; clk_50      ; 0.000        ; 0.047      ; 2.416      ;
; 2.225 ; por_reset_n ; uart:u_uart|tx_clk_cnt[4]      ; clk_50       ; clk_50      ; 0.000        ; 0.047      ; 2.416      ;
; 2.225 ; por_reset_n ; uart:u_uart|tx_clk_cnt[5]      ; clk_50       ; clk_50      ; 0.000        ; 0.047      ; 2.416      ;
; 2.225 ; por_reset_n ; uart:u_uart|tx_clk_cnt[6]      ; clk_50       ; clk_50      ; 0.000        ; 0.047      ; 2.416      ;
; 2.225 ; por_reset_n ; uart:u_uart|tx_clk_cnt[7]      ; clk_50       ; clk_50      ; 0.000        ; 0.047      ; 2.416      ;
; 2.225 ; por_reset_n ; uart:u_uart|tx_clk_cnt[8]      ; clk_50       ; clk_50      ; 0.000        ; 0.047      ; 2.416      ;
; 2.225 ; por_reset_n ; uart:u_uart|tx_clk_cnt[9]      ; clk_50       ; clk_50      ; 0.000        ; 0.047      ; 2.416      ;
; 2.225 ; por_reset_n ; uart:u_uart|tx_clk_cnt[10]     ; clk_50       ; clk_50      ; 0.000        ; 0.047      ; 2.416      ;
; 2.225 ; por_reset_n ; uart:u_uart|tx_clk_cnt[12]     ; clk_50       ; clk_50      ; 0.000        ; 0.047      ; 2.416      ;
; 2.533 ; por_reset_n ; uart:u_uart|tx_reg[0]          ; clk_50       ; clk_50      ; 0.000        ; 0.045      ; 2.664      ;
; 3.726 ; reset_n     ; uart:u_uart|tx_reg[8]          ; clk_50       ; clk_50      ; 0.000        ; 1.944      ; 4.814      ;
; 3.726 ; reset_n     ; uart:u_uart|tx_reg[7]          ; clk_50       ; clk_50      ; 0.000        ; 1.944      ; 4.814      ;
; 3.726 ; reset_n     ; uart:u_uart|tx_reg[6]          ; clk_50       ; clk_50      ; 0.000        ; 1.944      ; 4.814      ;
; 3.726 ; reset_n     ; uart:u_uart|tx_reg[5]          ; clk_50       ; clk_50      ; 0.000        ; 1.944      ; 4.814      ;
; 3.726 ; reset_n     ; uart:u_uart|tx_reg[4]          ; clk_50       ; clk_50      ; 0.000        ; 1.944      ; 4.814      ;
; 3.726 ; reset_n     ; uart:u_uart|tx_reg[3]          ; clk_50       ; clk_50      ; 0.000        ; 1.944      ; 4.814      ;
; 3.726 ; reset_n     ; uart:u_uart|tx_reg[2]          ; clk_50       ; clk_50      ; 0.000        ; 1.944      ; 4.814      ;
; 3.726 ; reset_n     ; uart:u_uart|tx_reg[1]          ; clk_50       ; clk_50      ; 0.000        ; 1.944      ; 4.814      ;
; 4.178 ; reset_n     ; uart:u_uart|rx_done_int        ; clk_50       ; clk_50      ; 0.000        ; 1.936      ; 5.258      ;
; 4.214 ; reset_n     ; uart:u_uart|rx_bit_cnt[2]      ; clk_50       ; clk_50      ; 0.000        ; 1.936      ; 5.294      ;
; 4.214 ; reset_n     ; uart:u_uart|rx_bit_cnt[0]      ; clk_50       ; clk_50      ; 0.000        ; 1.936      ; 5.294      ;
; 4.214 ; reset_n     ; uart:u_uart|rx_bit_cnt[1]      ; clk_50       ; clk_50      ; 0.000        ; 1.936      ; 5.294      ;
; 4.214 ; reset_n     ; uart:u_uart|rx_shift[7]        ; clk_50       ; clk_50      ; 0.000        ; 1.936      ; 5.294      ;
; 4.214 ; reset_n     ; uart:u_uart|rx_shift[6]        ; clk_50       ; clk_50      ; 0.000        ; 1.936      ; 5.294      ;
; 4.214 ; reset_n     ; uart:u_uart|rx_shift[5]        ; clk_50       ; clk_50      ; 0.000        ; 1.936      ; 5.294      ;
; 4.214 ; reset_n     ; uart:u_uart|rx_shift[4]        ; clk_50       ; clk_50      ; 0.000        ; 1.936      ; 5.294      ;
; 4.214 ; reset_n     ; uart:u_uart|rx_shift[3]        ; clk_50       ; clk_50      ; 0.000        ; 1.936      ; 5.294      ;
; 4.214 ; reset_n     ; uart:u_uart|rx_shift[2]        ; clk_50       ; clk_50      ; 0.000        ; 1.936      ; 5.294      ;
; 4.214 ; reset_n     ; uart:u_uart|rx_shift[1]        ; clk_50       ; clk_50      ; 0.000        ; 1.936      ; 5.294      ;
; 4.214 ; reset_n     ; uart:u_uart|rx_shift[0]        ; clk_50       ; clk_50      ; 0.000        ; 1.936      ; 5.294      ;
; 4.230 ; reset_n     ; uart:u_uart|tx_bit_cnt[0]      ; clk_50       ; clk_50      ; 0.000        ; 1.931      ; 5.305      ;
; 4.230 ; reset_n     ; uart:u_uart|tx_bit_cnt[1]      ; clk_50       ; clk_50      ; 0.000        ; 1.931      ; 5.305      ;
; 4.230 ; reset_n     ; uart:u_uart|tx_bit_cnt[2]      ; clk_50       ; clk_50      ; 0.000        ; 1.931      ; 5.305      ;
; 4.230 ; reset_n     ; uart:u_uart|tx_bit_cnt[3]      ; clk_50       ; clk_50      ; 0.000        ; 1.931      ; 5.305      ;
; 4.230 ; reset_n     ; uart:u_uart|tx_busy_int        ; clk_50       ; clk_50      ; 0.000        ; 1.931      ; 5.305      ;
; 4.491 ; reset_n     ; uart:u_uart|rx_state.R_DATA    ; clk_50       ; clk_50      ; 0.000        ; 1.930      ; 5.565      ;
; 4.491 ; reset_n     ; uart:u_uart|rx_state.WAIT_HALF ; clk_50       ; clk_50      ; 0.000        ; 1.930      ; 5.565      ;
; 4.491 ; reset_n     ; uart:u_uart|rx_clk_cnt[0]      ; clk_50       ; clk_50      ; 0.000        ; 1.931      ; 5.566      ;
; 4.491 ; reset_n     ; uart:u_uart|rx_clk_cnt[1]      ; clk_50       ; clk_50      ; 0.000        ; 1.931      ; 5.566      ;
; 4.491 ; reset_n     ; uart:u_uart|rx_clk_cnt[2]      ; clk_50       ; clk_50      ; 0.000        ; 1.931      ; 5.566      ;
; 4.491 ; reset_n     ; uart:u_uart|rx_clk_cnt[3]      ; clk_50       ; clk_50      ; 0.000        ; 1.931      ; 5.566      ;
; 4.491 ; reset_n     ; uart:u_uart|rx_clk_cnt[4]      ; clk_50       ; clk_50      ; 0.000        ; 1.931      ; 5.566      ;
; 4.491 ; reset_n     ; uart:u_uart|rx_clk_cnt[5]      ; clk_50       ; clk_50      ; 0.000        ; 1.931      ; 5.566      ;
; 4.491 ; reset_n     ; uart:u_uart|rx_clk_cnt[6]      ; clk_50       ; clk_50      ; 0.000        ; 1.931      ; 5.566      ;
; 4.491 ; reset_n     ; uart:u_uart|rx_clk_cnt[7]      ; clk_50       ; clk_50      ; 0.000        ; 1.931      ; 5.566      ;
; 4.491 ; reset_n     ; uart:u_uart|rx_clk_cnt[8]      ; clk_50       ; clk_50      ; 0.000        ; 1.931      ; 5.566      ;
; 4.491 ; reset_n     ; uart:u_uart|rx_clk_cnt[9]      ; clk_50       ; clk_50      ; 0.000        ; 1.931      ; 5.566      ;
; 4.491 ; reset_n     ; uart:u_uart|rx_clk_cnt[10]     ; clk_50       ; clk_50      ; 0.000        ; 1.931      ; 5.566      ;
; 4.491 ; reset_n     ; uart:u_uart|rx_clk_cnt[12]     ; clk_50       ; clk_50      ; 0.000        ; 1.931      ; 5.566      ;
; 4.491 ; reset_n     ; uart:u_uart|rx_state.STOP_BIT  ; clk_50       ; clk_50      ; 0.000        ; 1.930      ; 5.565      ;
; 4.491 ; reset_n     ; uart:u_uart|rx_state.IDLE      ; clk_50       ; clk_50      ; 0.000        ; 1.930      ; 5.565      ;
; 4.491 ; reset_n     ; uart:u_uart|rx_clk_cnt[11]     ; clk_50       ; clk_50      ; 0.000        ; 1.931      ; 5.566      ;
; 4.497 ; reset_n     ; uart:u_uart|tx_clk_cnt[0]      ; clk_50       ; clk_50      ; 0.000        ; 1.928      ; 5.569      ;
; 4.497 ; reset_n     ; uart:u_uart|tx_clk_cnt[1]      ; clk_50       ; clk_50      ; 0.000        ; 1.928      ; 5.569      ;
+-------+-------------+--------------------------------+--------------+-------------+--------------+------------+------------+


----------------------------------------------
; Slow 1200mV 0C Model Metastability Summary ;
----------------------------------------------
No synchronizer chains to report.


+------------------------------------+
; Fast 1200mV 0C Model Setup Summary ;
+--------+-------+-------------------+
; Clock  ; Slack ; End Point TNS     ;
+--------+-------+-------------------+
; clk_50 ; 8.549 ; 0.000             ;
+--------+-------+-------------------+


+-----------------------------------+
; Fast 1200mV 0C Model Hold Summary ;
+--------+-------+------------------+
; Clock  ; Slack ; End Point TNS    ;
+--------+-------+------------------+
; clk_50 ; 0.145 ; 0.000            ;
+--------+-------+------------------+


+---------------------------------------+
; Fast 1200mV 0C Model Recovery Summary ;
+--------+--------+---------------------+
; Clock  ; Slack  ; End Point TNS       ;
+--------+--------+---------------------+
; clk_50 ; 11.452 ; 0.000               ;
+--------+--------+---------------------+


+--------------------------------------+
; Fast 1200mV 0C Model Removal Summary ;
+--------+-------+---------------------+
; Clock  ; Slack ; End Point TNS       ;
+--------+-------+---------------------+
; clk_50 ; 0.906 ; 0.000               ;
+--------+-------+---------------------+


+--------------------------------------------------+
; Fast 1200mV 0C Model Minimum Pulse Width Summary ;
+--------+-------+---------------------------------+
; Clock  ; Slack ; End Point TNS                   ;
+--------+-------+---------------------------------+
; clk_50 ; 9.208 ; 0.000                           ;
+--------+-------+---------------------------------+


+----------------------------------------------------------------------------------------------------------------------------------------------------+
; Fast 1200mV 0C Model Setup: 'clk_50'                                                                                                               ;
+--------+---------------------------------+-----------------------------------+--------------+-------------+--------------+------------+------------+
; Slack  ; From Node                       ; To Node                           ; Launch Clock ; Latch Clock ; Relationship ; Clock Skew ; Data Delay ;
+--------+---------------------------------+-----------------------------------+--------------+-------------+--------------+------------+------------+
; 8.549  ; bootloader:u_boot|cpu_reset_int ; led[5]                            ; clk_50       ; clk_50      ; 20.000       ; -1.156     ; 5.295      ;
; 8.725  ; bootloader:u_boot|cpu_reset_int ; led[7]                            ; clk_50       ; clk_50      ; 20.000       ; -1.156     ; 5.119      ;
; 9.272  ; gpio_out_reg[5]                 ; led[5]                            ; clk_50       ; clk_50      ; 20.000       ; -1.151     ; 4.577      ;
; 9.421  ; bootloader:u_boot|cpu_reset_int ; led[6]                            ; clk_50       ; clk_50      ; 20.000       ; -1.156     ; 4.423      ;
; 9.424  ; gpio_out_reg[7]                 ; led[7]                            ; clk_50       ; clk_50      ; 20.000       ; -1.151     ; 4.425      ;
; 9.757  ; bootloader:u_boot|cpu_reset_int ; led[2]                            ; clk_50       ; clk_50      ; 20.000       ; -1.156     ; 4.087      ;
; 9.962  ; bootloader:u_boot|cpu_reset_int ; led[1]                            ; clk_50       ; clk_50      ; 20.000       ; -1.156     ; 3.882      ;
; 9.979  ; gpio_out_reg[4]                 ; led[4]                            ; clk_50       ; clk_50      ; 20.000       ; -1.156     ; 3.865      ;
; 10.070 ; bootloader:u_boot|cpu_reset_int ; led[3]                            ; clk_50       ; clk_50      ; 20.000       ; -1.156     ; 3.774      ;
; 10.176 ; bootloader:u_boot|cpu_reset_int ; led[0]                            ; clk_50       ; clk_50      ; 20.000       ; -1.156     ; 3.668      ;
; 10.192 ; gpio_out_reg[6]                 ; led[6]                            ; clk_50       ; clk_50      ; 20.000       ; -1.151     ; 3.657      ;
; 10.206 ; gpio_out_reg[2]                 ; led[2]                            ; clk_50       ; clk_50      ; 20.000       ; -1.156     ; 3.638      ;
; 10.279 ; bootloader:u_boot|cpu_reset_int ; led[4]                            ; clk_50       ; clk_50      ; 20.000       ; -1.156     ; 3.565      ;
; 10.637 ; gpio_out_reg[1]                 ; led[1]                            ; clk_50       ; clk_50      ; 20.000       ; -1.151     ; 3.212      ;
; 10.691 ; gpio_out_reg[3]                 ; led[3]                            ; clk_50       ; clk_50      ; 20.000       ; -1.151     ; 3.158      ;
; 10.883 ; reset_n                         ; bootloader:u_boot|address[12]     ; clk_50       ; clk_50      ; 20.000       ; 1.106      ; 5.230      ;
; 10.914 ; reset_n                         ; bootloader:u_boot|address[13]     ; clk_50       ; clk_50      ; 20.000       ; 1.105      ; 5.198      ;
; 10.950 ; gpio_out_reg[0]                 ; led[0]                            ; clk_50       ; clk_50      ; 20.000       ; -1.151     ; 2.899      ;
; 11.022 ; reset_n                         ; gpio_out_reg[0]                   ; clk_50       ; clk_50      ; 20.000       ; 1.100      ; 5.085      ;
; 11.022 ; reset_n                         ; gpio_out_reg[1]                   ; clk_50       ; clk_50      ; 20.000       ; 1.100      ; 5.085      ;
; 11.022 ; reset_n                         ; gpio_out_reg[3]                   ; clk_50       ; clk_50      ; 20.000       ; 1.100      ; 5.085      ;
; 11.022 ; reset_n                         ; gpio_out_reg[5]                   ; clk_50       ; clk_50      ; 20.000       ; 1.100      ; 5.085      ;
; 11.022 ; reset_n                         ; gpio_out_reg[6]                   ; clk_50       ; clk_50      ; 20.000       ; 1.100      ; 5.085      ;
; 11.022 ; reset_n                         ; gpio_out_reg[7]                   ; clk_50       ; clk_50      ; 20.000       ; 1.100      ; 5.085      ;
; 11.050 ; reset_n                         ; bootloader:u_boot|address[2]      ; clk_50       ; clk_50      ; 20.000       ; 1.106      ; 5.063      ;
; 11.050 ; reset_n                         ; bootloader:u_boot|address[3]      ; clk_50       ; clk_50      ; 20.000       ; 1.106      ; 5.063      ;
; 11.170 ; reset_n                         ; gpio_out_reg[2]                   ; clk_50       ; clk_50      ; 20.000       ; 1.106      ; 4.943      ;
; 11.170 ; reset_n                         ; gpio_out_reg[4]                   ; clk_50       ; clk_50      ; 20.000       ; 1.106      ; 4.943      ;
; 11.180 ; reset_n                         ; bootloader:u_boot|ram_wdata[2]    ; clk_50       ; clk_50      ; 20.000       ; 1.101      ; 4.928      ;
; 11.285 ; reset_n                         ; bootloader:u_boot|ram_wdata[17]   ; clk_50       ; clk_50      ; 20.000       ; 1.105      ; 4.827      ;
; 11.285 ; reset_n                         ; bootloader:u_boot|ram_wdata[18]   ; clk_50       ; clk_50      ; 20.000       ; 1.105      ; 4.827      ;
; 11.285 ; reset_n                         ; bootloader:u_boot|ram_wdata[7]    ; clk_50       ; clk_50      ; 20.000       ; 1.105      ; 4.827      ;
; 11.285 ; reset_n                         ; bootloader:u_boot|ram_wdata[5]    ; clk_50       ; clk_50      ; 20.000       ; 1.105      ; 4.827      ;
; 11.285 ; reset_n                         ; bootloader:u_boot|ram_wdata[22]   ; clk_50       ; clk_50      ; 20.000       ; 1.105      ; 4.827      ;
; 11.285 ; reset_n                         ; bootloader:u_boot|ram_wdata[21]   ; clk_50       ; clk_50      ; 20.000       ; 1.105      ; 4.827      ;
; 11.320 ; reset_n                         ; bootloader:u_boot|ram_addr[10]    ; clk_50       ; clk_50      ; 20.000       ; 1.105      ; 4.792      ;
; 11.320 ; reset_n                         ; bootloader:u_boot|ram_addr[9]     ; clk_50       ; clk_50      ; 20.000       ; 1.105      ; 4.792      ;
; 11.320 ; reset_n                         ; bootloader:u_boot|ram_addr[4]     ; clk_50       ; clk_50      ; 20.000       ; 1.105      ; 4.792      ;
; 11.320 ; reset_n                         ; bootloader:u_boot|ram_addr[3]     ; clk_50       ; clk_50      ; 20.000       ; 1.105      ; 4.792      ;
; 11.320 ; reset_n                         ; bootloader:u_boot|ram_addr[0]     ; clk_50       ; clk_50      ; 20.000       ; 1.105      ; 4.792      ;
; 11.320 ; reset_n                         ; bootloader:u_boot|ram_wdata[29]   ; clk_50       ; clk_50      ; 20.000       ; 1.105      ; 4.792      ;
; 11.320 ; reset_n                         ; bootloader:u_boot|ram_wdata[28]   ; clk_50       ; clk_50      ; 20.000       ; 1.105      ; 4.792      ;
; 11.320 ; reset_n                         ; bootloader:u_boot|ram_wdata[31]   ; clk_50       ; clk_50      ; 20.000       ; 1.105      ; 4.792      ;
; 11.324 ; reset_n                         ; bootloader:u_boot|address[8]      ; clk_50       ; clk_50      ; 20.000       ; 1.106      ; 4.789      ;
; 11.324 ; reset_n                         ; bootloader:u_boot|address[9]      ; clk_50       ; clk_50      ; 20.000       ; 1.106      ; 4.789      ;
; 11.330 ; reset_n                         ; bootloader:u_boot|ram_wdata[16]   ; clk_50       ; clk_50      ; 20.000       ; 1.098      ; 4.775      ;
; 11.330 ; reset_n                         ; bootloader:u_boot|ram_wdata[23]   ; clk_50       ; clk_50      ; 20.000       ; 1.098      ; 4.775      ;
; 11.335 ; reset_n                         ; bootloader:u_boot|ram_wdata[1]    ; clk_50       ; clk_50      ; 20.000       ; 1.105      ; 4.777      ;
; 11.413 ; reset_n                         ; bootloader:u_boot|address[4]      ; clk_50       ; clk_50      ; 20.000       ; 1.106      ; 4.700      ;
; 11.413 ; reset_n                         ; bootloader:u_boot|address[5]      ; clk_50       ; clk_50      ; 20.000       ; 1.106      ; 4.700      ;
; 11.413 ; reset_n                         ; bootloader:u_boot|address[6]      ; clk_50       ; clk_50      ; 20.000       ; 1.106      ; 4.700      ;
; 11.413 ; reset_n                         ; bootloader:u_boot|address[7]      ; clk_50       ; clk_50      ; 20.000       ; 1.106      ; 4.700      ;
; 11.433 ; reset_n                         ; bootloader:u_boot|ram_wdata[0]    ; clk_50       ; clk_50      ; 20.000       ; 1.100      ; 4.674      ;
; 11.433 ; reset_n                         ; bootloader:u_boot|ram_wdata[26]   ; clk_50       ; clk_50      ; 20.000       ; 1.100      ; 4.674      ;
; 11.437 ; reset_n                         ; bootloader:u_boot|address[10]     ; clk_50       ; clk_50      ; 20.000       ; 1.106      ; 4.676      ;
; 11.437 ; reset_n                         ; bootloader:u_boot|address[11]     ; clk_50       ; clk_50      ; 20.000       ; 1.106      ; 4.676      ;
; 11.468 ; reset_n                         ; bootloader:u_boot|ram_wdata[14]   ; clk_50       ; clk_50      ; 20.000       ; 1.105      ; 4.644      ;
; 11.468 ; reset_n                         ; bootloader:u_boot|ram_wdata[30]   ; clk_50       ; clk_50      ; 20.000       ; 1.105      ; 4.644      ;
; 11.468 ; reset_n                         ; bootloader:u_boot|ram_wdata[15]   ; clk_50       ; clk_50      ; 20.000       ; 1.105      ; 4.644      ;
; 11.468 ; reset_n                         ; bootloader:u_boot|ram_wdata[10]   ; clk_50       ; clk_50      ; 20.000       ; 1.105      ; 4.644      ;
; 11.468 ; reset_n                         ; bootloader:u_boot|ram_wdata[9]    ; clk_50       ; clk_50      ; 20.000       ; 1.105      ; 4.644      ;
; 11.468 ; reset_n                         ; bootloader:u_boot|ram_wdata[8]    ; clk_50       ; clk_50      ; 20.000       ; 1.105      ; 4.644      ;
; 11.468 ; reset_n                         ; bootloader:u_boot|ram_wdata[24]   ; clk_50       ; clk_50      ; 20.000       ; 1.105      ; 4.644      ;
; 11.468 ; reset_n                         ; bootloader:u_boot|ram_wdata[13]   ; clk_50       ; clk_50      ; 20.000       ; 1.105      ; 4.644      ;
; 11.489 ; reset_n                         ; bootloader:u_boot|ram_addr[11]    ; clk_50       ; clk_50      ; 20.000       ; 1.106      ; 4.624      ;
; 11.489 ; reset_n                         ; bootloader:u_boot|ram_addr[8]     ; clk_50       ; clk_50      ; 20.000       ; 1.106      ; 4.624      ;
; 11.489 ; reset_n                         ; bootloader:u_boot|ram_addr[7]     ; clk_50       ; clk_50      ; 20.000       ; 1.106      ; 4.624      ;
; 11.489 ; reset_n                         ; bootloader:u_boot|ram_addr[6]     ; clk_50       ; clk_50      ; 20.000       ; 1.106      ; 4.624      ;
; 11.489 ; reset_n                         ; bootloader:u_boot|ram_addr[5]     ; clk_50       ; clk_50      ; 20.000       ; 1.106      ; 4.624      ;
; 11.489 ; reset_n                         ; bootloader:u_boot|ram_addr[2]     ; clk_50       ; clk_50      ; 20.000       ; 1.106      ; 4.624      ;
; 11.489 ; reset_n                         ; bootloader:u_boot|ram_addr[1]     ; clk_50       ; clk_50      ; 20.000       ; 1.106      ; 4.624      ;
; 11.489 ; reset_n                         ; bootloader:u_boot|ram_wdata[27]   ; clk_50       ; clk_50      ; 20.000       ; 1.106      ; 4.624      ;
; 11.620 ; reset_n                         ; bootloader:u_boot|ram_wdata[6]    ; clk_50       ; clk_50      ; 20.000       ; 1.105      ; 4.492      ;
; 11.620 ; reset_n                         ; bootloader:u_boot|ram_wdata[20]   ; clk_50       ; clk_50      ; 20.000       ; 1.105      ; 4.492      ;
; 11.620 ; reset_n                         ; bootloader:u_boot|ram_wdata[19]   ; clk_50       ; clk_50      ; 20.000       ; 1.105      ; 4.492      ;
; 11.620 ; reset_n                         ; bootloader:u_boot|ram_wdata[12]   ; clk_50       ; clk_50      ; 20.000       ; 1.105      ; 4.492      ;
; 11.620 ; reset_n                         ; bootloader:u_boot|ram_wdata[11]   ; clk_50       ; clk_50      ; 20.000       ; 1.105      ; 4.492      ;
; 11.620 ; reset_n                         ; bootloader:u_boot|ram_wdata[25]   ; clk_50       ; clk_50      ; 20.000       ; 1.105      ; 4.492      ;
; 11.620 ; reset_n                         ; bootloader:u_boot|ram_wdata[4]    ; clk_50       ; clk_50      ; 20.000       ; 1.105      ; 4.492      ;
; 11.620 ; reset_n                         ; bootloader:u_boot|ram_wdata[3]    ; clk_50       ; clk_50      ; 20.000       ; 1.105      ; 4.492      ;
; 11.678 ; reset_n                         ; bootloader:u_boot|byte_idx[1]     ; clk_50       ; clk_50      ; 20.000       ; 1.100      ; 4.429      ;
; 11.678 ; reset_n                         ; bootloader:u_boot|byte_idx[0]     ; clk_50       ; clk_50      ; 20.000       ; 1.100      ; 4.429      ;
; 11.678 ; reset_n                         ; bootloader:u_boot|byte_idx[3]     ; clk_50       ; clk_50      ; 20.000       ; 1.100      ; 4.429      ;
; 11.678 ; reset_n                         ; bootloader:u_boot|byte_idx[2]     ; clk_50       ; clk_50      ; 20.000       ; 1.100      ; 4.429      ;
; 11.678 ; reset_n                         ; bootloader:u_boot|byte_idx[7]     ; clk_50       ; clk_50      ; 20.000       ; 1.100      ; 4.429      ;
; 11.678 ; reset_n                         ; bootloader:u_boot|byte_idx[4]     ; clk_50       ; clk_50      ; 20.000       ; 1.100      ; 4.429      ;
; 11.678 ; reset_n                         ; bootloader:u_boot|byte_idx[5]     ; clk_50       ; clk_50      ; 20.000       ; 1.100      ; 4.429      ;
; 11.678 ; reset_n                         ; bootloader:u_boot|byte_idx[6]     ; clk_50       ; clk_50      ; 20.000       ; 1.100      ; 4.429      ;
; 11.695 ; reset_n                         ; bootloader:u_boot|data_byte[6]    ; clk_50       ; clk_50      ; 20.000       ; 1.106      ; 4.418      ;
; 11.695 ; reset_n                         ; bootloader:u_boot|data_byte[5]    ; clk_50       ; clk_50      ; 20.000       ; 1.106      ; 4.418      ;
; 11.695 ; reset_n                         ; bootloader:u_boot|data_byte[4]    ; clk_50       ; clk_50      ; 20.000       ; 1.106      ; 4.418      ;
; 11.695 ; reset_n                         ; bootloader:u_boot|data_byte[7]    ; clk_50       ; clk_50      ; 20.000       ; 1.106      ; 4.418      ;
; 11.714 ; uart:u_uart|tx_reg[0]           ; tx                                ; clk_50       ; clk_50      ; 20.000       ; -1.145     ; 2.141      ;
; 11.836 ; reset_n                         ; bootloader:u_boot|word_buffer[10] ; clk_50       ; clk_50      ; 20.000       ; 1.105      ; 4.276      ;
; 11.837 ; reset_n                         ; bootloader:u_boot|word_buffer[9]  ; clk_50       ; clk_50      ; 20.000       ; 1.105      ; 4.275      ;
; 11.858 ; reset_n                         ; bootloader:u_boot|high_nibble[1]  ; clk_50       ; clk_50      ; 20.000       ; 1.106      ; 4.255      ;
; 11.875 ; reset_n                         ; bootloader:u_boot|high_nibble[2]  ; clk_50       ; clk_50      ; 20.000       ; 1.106      ; 4.238      ;
; 11.875 ; reset_n                         ; bootloader:u_boot|high_nibble[0]  ; clk_50       ; clk_50      ; 20.000       ; 1.106      ; 4.238      ;
; 11.875 ; reset_n                         ; bootloader:u_boot|high_nibble[3]  ; clk_50       ; clk_50      ; 20.000       ; 1.106      ; 4.238      ;
; 11.882 ; reset_n                         ; bootloader:u_boot|rec_type[6]     ; clk_50       ; clk_50      ; 20.000       ; 1.106      ; 4.231      ;
+--------+---------------------------------+-----------------------------------+--------------+-------------+--------------+------------+------------+


+-----------------------------------------------------------------------------------------------------------------------------------------------------------------------------------------------------------------------------+
; Fast 1200mV 0C Model Hold: 'clk_50'                                                                                                                                                                                         ;
+-------+-------------------------------------------+---------------------------------------------------------------------------------------------------+--------------+-------------+--------------+------------+------------+
; Slack ; From Node                                 ; To Node                                                                                           ; Launch Clock ; Latch Clock ; Relationship ; Clock Skew ; Data Delay ;
+-------+-------------------------------------------+---------------------------------------------------------------------------------------------------+--------------+-------------+--------------+------------+------------+
; 0.145 ; bootloader:u_boot|ram_wdata[8]            ; ram_16kb:u_ram|altsyncram:ram_byte1|altsyncram_a4q3:auto_generated|ram_block1a0~porta_datain_reg0 ; clk_50       ; clk_50      ; 0.000        ; 0.222      ; 0.471      ;
; 0.145 ; bootloader:u_boot|ram_wdata[9]            ; ram_16kb:u_ram|altsyncram:ram_byte1|altsyncram_a4q3:auto_generated|ram_block1a0~porta_datain_reg0 ; clk_50       ; clk_50      ; 0.000        ; 0.222      ; 0.471      ;
; 0.146 ; bootloader:u_boot|ram_wdata[7]            ; ram_16kb:u_ram|altsyncram:ram_byte0|altsyncram_94q3:auto_generated|ram_block1a2~porta_datain_reg0 ; clk_50       ; clk_50      ; 0.000        ; 0.221      ; 0.471      ;
; 0.186 ; bootloader:u_boot|word_buffer[21]         ; bootloader:u_boot|word_buffer[21]                                                                 ; clk_50       ; clk_50      ; 0.000        ; 0.037      ; 0.307      ;
; 0.186 ; bootloader:u_boot|word_buffer[22]         ; bootloader:u_boot|word_buffer[22]                                                                 ; clk_50       ; clk_50      ; 0.000        ; 0.037      ; 0.307      ;
; 0.186 ; bootloader:u_boot|word_buffer[5]          ; bootloader:u_boot|word_buffer[5]                                                                  ; clk_50       ; clk_50      ; 0.000        ; 0.037      ; 0.307      ;
; 0.186 ; picorv32:u_cpu|mem_rdata_q[14]            ; picorv32:u_cpu|mem_rdata_q[14]                                                                    ; clk_50       ; clk_50      ; 0.000        ; 0.037      ; 0.307      ;
; 0.186 ; picorv32:u_cpu|mem_rdata_q[20]            ; picorv32:u_cpu|mem_rdata_q[20]                                                                    ; clk_50       ; clk_50      ; 0.000        ; 0.037      ; 0.307      ;
; 0.186 ; picorv32:u_cpu|mem_rdata_q[22]            ; picorv32:u_cpu|mem_rdata_q[22]                                                                    ; clk_50       ; clk_50      ; 0.000        ; 0.037      ; 0.307      ;
; 0.186 ; bootloader:u_boot|word_buffer[2]          ; bootloader:u_boot|word_buffer[2]                                                                  ; clk_50       ; clk_50      ; 0.000        ; 0.037      ; 0.307      ;
; 0.186 ; bootloader:u_boot|word_buffer[7]          ; bootloader:u_boot|word_buffer[7]                                                                  ; clk_50       ; clk_50      ; 0.000        ; 0.037      ; 0.307      ;
; 0.186 ; bootloader:u_boot|word_buffer[13]         ; bootloader:u_boot|word_buffer[13]                                                                 ; clk_50       ; clk_50      ; 0.000        ; 0.037      ; 0.307      ;
; 0.186 ; bootloader:u_boot|word_buffer[8]          ; bootloader:u_boot|word_buffer[8]                                                                  ; clk_50       ; clk_50      ; 0.000        ; 0.037      ; 0.307      ;
; 0.186 ; bootloader:u_boot|word_buffer[9]          ; bootloader:u_boot|word_buffer[9]                                                                  ; clk_50       ; clk_50      ; 0.000        ; 0.037      ; 0.307      ;
; 0.186 ; bootloader:u_boot|word_buffer[0]          ; bootloader:u_boot|word_buffer[0]                                                                  ; clk_50       ; clk_50      ; 0.000        ; 0.037      ; 0.307      ;
; 0.186 ; bootloader:u_boot|word_buffer[10]         ; bootloader:u_boot|word_buffer[10]                                                                 ; clk_50       ; clk_50      ; 0.000        ; 0.037      ; 0.307      ;
; 0.186 ; bootloader:u_boot|word_buffer[15]         ; bootloader:u_boot|word_buffer[15]                                                                 ; clk_50       ; clk_50      ; 0.000        ; 0.037      ; 0.307      ;
; 0.186 ; bootloader:u_boot|word_buffer[18]         ; bootloader:u_boot|word_buffer[18]                                                                 ; clk_50       ; clk_50      ; 0.000        ; 0.037      ; 0.307      ;
; 0.186 ; bootloader:u_boot|word_buffer[23]         ; bootloader:u_boot|word_buffer[23]                                                                 ; clk_50       ; clk_50      ; 0.000        ; 0.037      ; 0.307      ;
; 0.186 ; bootloader:u_boot|word_buffer[16]         ; bootloader:u_boot|word_buffer[16]                                                                 ; clk_50       ; clk_50      ; 0.000        ; 0.037      ; 0.307      ;
; 0.186 ; bootloader:u_boot|word_buffer[17]         ; bootloader:u_boot|word_buffer[17]                                                                 ; clk_50       ; clk_50      ; 0.000        ; 0.037      ; 0.307      ;
; 0.186 ; bootloader:u_boot|word_buffer[1]          ; bootloader:u_boot|word_buffer[1]                                                                  ; clk_50       ; clk_50      ; 0.000        ; 0.037      ; 0.307      ;
; 0.186 ; bootloader:u_boot|word_buffer[14]         ; bootloader:u_boot|word_buffer[14]                                                                 ; clk_50       ; clk_50      ; 0.000        ; 0.037      ; 0.307      ;
; 0.186 ; bootloader:u_boot|word_pos[1]             ; bootloader:u_boot|word_pos[1]                                                                     ; clk_50       ; clk_50      ; 0.000        ; 0.037      ; 0.307      ;
; 0.186 ; picorv32:u_cpu|reg_op1[0]                 ; picorv32:u_cpu|reg_op1[0]                                                                         ; clk_50       ; clk_50      ; 0.000        ; 0.037      ; 0.307      ;
; 0.186 ; picorv32:u_cpu|cpu_state.cpu_state_fetch  ; picorv32:u_cpu|cpu_state.cpu_state_fetch                                                          ; clk_50       ; clk_50      ; 0.000        ; 0.037      ; 0.307      ;
; 0.186 ; picorv32:u_cpu|cpu_state.cpu_state_trap   ; picorv32:u_cpu|cpu_state.cpu_state_trap                                                           ; clk_50       ; clk_50      ; 0.000        ; 0.037      ; 0.307      ;
; 0.186 ; bootloader:u_boot|nibble_count            ; bootloader:u_boot|nibble_count                                                                    ; clk_50       ; clk_50      ; 0.000        ; 0.037      ; 0.307      ;
; 0.187 ; bootloader:u_boot|word_buffer[3]          ; bootloader:u_boot|word_buffer[3]                                                                  ; clk_50       ; clk_50      ; 0.000        ; 0.036      ; 0.307      ;
; 0.187 ; bootloader:u_boot|word_buffer[4]          ; bootloader:u_boot|word_buffer[4]                                                                  ; clk_50       ; clk_50      ; 0.000        ; 0.036      ; 0.307      ;
; 0.187 ; picorv32:u_cpu|mem_rdata_q[23]            ; picorv32:u_cpu|mem_rdata_q[23]                                                                    ; clk_50       ; clk_50      ; 0.000        ; 0.036      ; 0.307      ;
; 0.187 ; bootloader:u_boot|word_buffer[11]         ; bootloader:u_boot|word_buffer[11]                                                                 ; clk_50       ; clk_50      ; 0.000        ; 0.036      ; 0.307      ;
; 0.187 ; bootloader:u_boot|word_buffer[12]         ; bootloader:u_boot|word_buffer[12]                                                                 ; clk_50       ; clk_50      ; 0.000        ; 0.036      ; 0.307      ;
; 0.187 ; bootloader:u_boot|word_buffer[19]         ; bootloader:u_boot|word_buffer[19]                                                                 ; clk_50       ; clk_50      ; 0.000        ; 0.036      ; 0.307      ;
; 0.187 ; bootloader:u_boot|word_buffer[20]         ; bootloader:u_boot|word_buffer[20]                                                                 ; clk_50       ; clk_50      ; 0.000        ; 0.036      ; 0.307      ;
; 0.187 ; bootloader:u_boot|word_buffer[6]          ; bootloader:u_boot|word_buffer[6]                                                                  ; clk_50       ; clk_50      ; 0.000        ; 0.036      ; 0.307      ;
; 0.187 ; bootloader:u_boot|cpu_reset_int           ; bootloader:u_boot|cpu_reset_int                                                                   ; clk_50       ; clk_50      ; 0.000        ; 0.036      ; 0.307      ;
; 0.187 ; bootloader:u_boot|tx_data[6]              ; bootloader:u_boot|tx_data[6]                                                                      ; clk_50       ; clk_50      ; 0.000        ; 0.036      ; 0.307      ;
; 0.187 ; picorv32:u_cpu|mem_state[0]               ; picorv32:u_cpu|mem_state[0]                                                                       ; clk_50       ; clk_50      ; 0.000        ; 0.036      ; 0.307      ;
; 0.187 ; picorv32:u_cpu|mem_state[1]               ; picorv32:u_cpu|mem_state[1]                                                                       ; clk_50       ; clk_50      ; 0.000        ; 0.036      ; 0.307      ;
; 0.187 ; picorv32:u_cpu|mem_do_rdata               ; picorv32:u_cpu|mem_do_rdata                                                                       ; clk_50       ; clk_50      ; 0.000        ; 0.036      ; 0.307      ;
; 0.187 ; picorv32:u_cpu|mem_do_wdata               ; picorv32:u_cpu|mem_do_wdata                                                                       ; clk_50       ; clk_50      ; 0.000        ; 0.036      ; 0.307      ;
; 0.187 ; picorv32:u_cpu|cpu_state.cpu_state_ldmem  ; picorv32:u_cpu|cpu_state.cpu_state_ldmem                                                          ; clk_50       ; clk_50      ; 0.000        ; 0.036      ; 0.307      ;
; 0.187 ; picorv32:u_cpu|cpu_state.cpu_state_stmem  ; picorv32:u_cpu|cpu_state.cpu_state_stmem                                                          ; clk_50       ; clk_50      ; 0.000        ; 0.036      ; 0.307      ;
; 0.187 ; picorv32:u_cpu|reg_op1[1]                 ; picorv32:u_cpu|reg_op1[1]                                                                         ; clk_50       ; clk_50      ; 0.000        ; 0.036      ; 0.307      ;
; 0.187 ; picorv32:u_cpu|latched_is_lb              ; picorv32:u_cpu|latched_is_lb                                                                      ; clk_50       ; clk_50      ; 0.000        ; 0.036      ; 0.307      ;
; 0.187 ; picorv32:u_cpu|latched_is_lh              ; picorv32:u_cpu|latched_is_lh                                                                      ; clk_50       ; clk_50      ; 0.000        ; 0.036      ; 0.307      ;
; 0.187 ; picorv32:u_cpu|mem_valid                  ; picorv32:u_cpu|mem_valid                                                                          ; clk_50       ; clk_50      ; 0.000        ; 0.036      ; 0.307      ;
; 0.187 ; picorv32:u_cpu|mem_rdata_q[3]             ; picorv32:u_cpu|mem_rdata_q[3]                                                                     ; clk_50       ; clk_50      ; 0.000        ; 0.036      ; 0.307      ;
; 0.187 ; picorv32:u_cpu|mem_rdata_q[0]             ; picorv32:u_cpu|mem_rdata_q[0]                                                                     ; clk_50       ; clk_50      ; 0.000        ; 0.036      ; 0.307      ;
; 0.187 ; picorv32:u_cpu|mem_rdata_q[1]             ; picorv32:u_cpu|mem_rdata_q[1]                                                                     ; clk_50       ; clk_50      ; 0.000        ; 0.036      ; 0.307      ;
; 0.187 ; picorv32:u_cpu|mem_rdata_q[6]             ; picorv32:u_cpu|mem_rdata_q[6]                                                                     ; clk_50       ; clk_50      ; 0.000        ; 0.036      ; 0.307      ;
; 0.187 ; picorv32:u_cpu|mem_rdata_q[25]            ; picorv32:u_cpu|mem_rdata_q[25]                                                                    ; clk_50       ; clk_50      ; 0.000        ; 0.036      ; 0.307      ;
; 0.187 ; picorv32:u_cpu|mem_rdata_q[26]            ; picorv32:u_cpu|mem_rdata_q[26]                                                                    ; clk_50       ; clk_50      ; 0.000        ; 0.036      ; 0.307      ;
; 0.187 ; picorv32:u_cpu|mem_rdata_q[30]            ; picorv32:u_cpu|mem_rdata_q[30]                                                                    ; clk_50       ; clk_50      ; 0.000        ; 0.036      ; 0.307      ;
; 0.187 ; picorv32:u_cpu|mem_rdata_q[21]            ; picorv32:u_cpu|mem_rdata_q[21]                                                                    ; clk_50       ; clk_50      ; 0.000        ; 0.036      ; 0.307      ;
; 0.187 ; picorv32:u_cpu|mem_rdata_q[24]            ; picorv32:u_cpu|mem_rdata_q[24]                                                                    ; clk_50       ; clk_50      ; 0.000        ; 0.036      ; 0.307      ;
; 0.187 ; picorv32:u_cpu|mem_rdata_q[29]            ; picorv32:u_cpu|mem_rdata_q[29]                                                                    ; clk_50       ; clk_50      ; 0.000        ; 0.036      ; 0.307      ;
; 0.187 ; picorv32:u_cpu|mem_rdata_q[27]            ; picorv32:u_cpu|mem_rdata_q[27]                                                                    ; clk_50       ; clk_50      ; 0.000        ; 0.036      ; 0.307      ;
; 0.187 ; picorv32:u_cpu|mem_rdata_q[28]            ; picorv32:u_cpu|mem_rdata_q[28]                                                                    ; clk_50       ; clk_50      ; 0.000        ; 0.036      ; 0.307      ;
; 0.187 ; picorv32:u_cpu|mem_rdata_q[17]            ; picorv32:u_cpu|mem_rdata_q[17]                                                                    ; clk_50       ; clk_50      ; 0.000        ; 0.036      ; 0.307      ;
; 0.187 ; picorv32:u_cpu|mem_rdata_q[16]            ; picorv32:u_cpu|mem_rdata_q[16]                                                                    ; clk_50       ; clk_50      ; 0.000        ; 0.036      ; 0.307      ;
; 0.187 ; picorv32:u_cpu|mem_rdata_q[19]            ; picorv32:u_cpu|mem_rdata_q[19]                                                                    ; clk_50       ; clk_50      ; 0.000        ; 0.036      ; 0.307      ;
; 0.187 ; picorv32:u_cpu|mem_rdata_q[18]            ; picorv32:u_cpu|mem_rdata_q[18]                                                                    ; clk_50       ; clk_50      ; 0.000        ; 0.036      ; 0.307      ;
; 0.187 ; picorv32:u_cpu|mem_rdata_q[15]            ; picorv32:u_cpu|mem_rdata_q[15]                                                                    ; clk_50       ; clk_50      ; 0.000        ; 0.036      ; 0.307      ;
; 0.187 ; picorv32:u_cpu|mem_rdata_q[13]            ; picorv32:u_cpu|mem_rdata_q[13]                                                                    ; clk_50       ; clk_50      ; 0.000        ; 0.036      ; 0.307      ;
; 0.187 ; picorv32:u_cpu|mem_rdata_q[31]            ; picorv32:u_cpu|mem_rdata_q[31]                                                                    ; clk_50       ; clk_50      ; 0.000        ; 0.036      ; 0.307      ;
; 0.187 ; picorv32:u_cpu|mem_rdata_q[5]             ; picorv32:u_cpu|mem_rdata_q[5]                                                                     ; clk_50       ; clk_50      ; 0.000        ; 0.036      ; 0.307      ;
; 0.187 ; picorv32:u_cpu|mem_rdata_q[4]             ; picorv32:u_cpu|mem_rdata_q[4]                                                                     ; clk_50       ; clk_50      ; 0.000        ; 0.036      ; 0.307      ;
; 0.187 ; picorv32:u_cpu|latched_stalu              ; picorv32:u_cpu|latched_stalu                                                                      ; clk_50       ; clk_50      ; 0.000        ; 0.036      ; 0.307      ;
; 0.187 ; uart:u_uart|rx_bit_cnt[0]                 ; uart:u_uart|rx_bit_cnt[0]                                                                         ; clk_50       ; clk_50      ; 0.000        ; 0.036      ; 0.307      ;
; 0.187 ; uart:u_uart|rx_bit_cnt[2]                 ; uart:u_uart|rx_bit_cnt[2]                                                                         ; clk_50       ; clk_50      ; 0.000        ; 0.036      ; 0.307      ;
; 0.187 ; uart:u_uart|rx_bit_cnt[1]                 ; uart:u_uart|rx_bit_cnt[1]                                                                         ; clk_50       ; clk_50      ; 0.000        ; 0.036      ; 0.307      ;
; 0.187 ; uart:u_uart|rx_state.WAIT_HALF            ; uart:u_uart|rx_state.WAIT_HALF                                                                    ; clk_50       ; clk_50      ; 0.000        ; 0.036      ; 0.307      ;
; 0.187 ; uart:u_uart|rx_state.R_DATA               ; uart:u_uart|rx_state.R_DATA                                                                       ; clk_50       ; clk_50      ; 0.000        ; 0.036      ; 0.307      ;
; 0.187 ; uart:u_uart|rx_state.STOP_BIT             ; uart:u_uart|rx_state.STOP_BIT                                                                     ; clk_50       ; clk_50      ; 0.000        ; 0.036      ; 0.307      ;
; 0.187 ; uart:u_uart|rx_state.IDLE                 ; uart:u_uart|rx_state.IDLE                                                                         ; clk_50       ; clk_50      ; 0.000        ; 0.036      ; 0.307      ;
; 0.187 ; uart:u_uart|tx_bit_cnt[3]                 ; uart:u_uart|tx_bit_cnt[3]                                                                         ; clk_50       ; clk_50      ; 0.000        ; 0.036      ; 0.307      ;
; 0.187 ; uart:u_uart|tx_bit_cnt[2]                 ; uart:u_uart|tx_bit_cnt[2]                                                                         ; clk_50       ; clk_50      ; 0.000        ; 0.036      ; 0.307      ;
; 0.187 ; uart:u_uart|tx_bit_cnt[1]                 ; uart:u_uart|tx_bit_cnt[1]                                                                         ; clk_50       ; clk_50      ; 0.000        ; 0.036      ; 0.307      ;
; 0.187 ; uart:u_uart|tx_bit_cnt[0]                 ; uart:u_uart|tx_bit_cnt[0]                                                                         ; clk_50       ; clk_50      ; 0.000        ; 0.036      ; 0.307      ;
; 0.187 ; por_counter[4]                            ; por_counter[4]                                                                                    ; clk_50       ; clk_50      ; 0.000        ; 0.036      ; 0.307      ;
; 0.193 ; picorv32:u_cpu|reg_sh[2]                  ; picorv32:u_cpu|reg_sh[2]                                                                          ; clk_50       ; clk_50      ; 0.000        ; 0.037      ; 0.314      ;
; 0.193 ; bootloader:u_boot|word_pos[0]             ; bootloader:u_boot|word_pos[0]                                                                     ; clk_50       ; clk_50      ; 0.000        ; 0.037      ; 0.314      ;
; 0.193 ; uart:u_uart|rx_sync[0]                    ; uart:u_uart|rx_sync[1]                                                                            ; clk_50       ; clk_50      ; 0.000        ; 0.036      ; 0.313      ;
; 0.194 ; uart:u_uart|tx_reg[7]                     ; uart:u_uart|tx_reg[6]                                                                             ; clk_50       ; clk_50      ; 0.000        ; 0.036      ; 0.314      ;
; 0.194 ; picorv32:u_cpu|cpu_state.cpu_state_ld_rs1 ; picorv32:u_cpu|cpu_state.cpu_state_ld_rs1                                                         ; clk_50       ; clk_50      ; 0.000        ; 0.036      ; 0.314      ;
; 0.194 ; picorv32:u_cpu|instr_bltu                 ; picorv32:u_cpu|is_sltiu_bltu_sltu                                                                 ; clk_50       ; clk_50      ; 0.000        ; 0.036      ; 0.314      ;
; 0.194 ; por_counter[0]                            ; por_counter[0]                                                                                    ; clk_50       ; clk_50      ; 0.000        ; 0.036      ; 0.314      ;
; 0.195 ; picorv32:u_cpu|instr_lhu                  ; picorv32:u_cpu|mem_wordsize.01                                                                    ; clk_50       ; clk_50      ; 0.000        ; 0.036      ; 0.315      ;
; 0.196 ; bootloader:u_boot|byte_idx[7]             ; bootloader:u_boot|byte_idx[7]                                                                     ; clk_50       ; clk_50      ; 0.000        ; 0.037      ; 0.317      ;
; 0.197 ; picorv32:u_cpu|instr_slti                 ; picorv32:u_cpu|is_slti_blt_slt                                                                    ; clk_50       ; clk_50      ; 0.000        ; 0.036      ; 0.317      ;
; 0.199 ; picorv32:u_cpu|reg_out[1]                 ; picorv32:u_cpu|cpuregs_rtl_1_bypass[12]                                                           ; clk_50       ; clk_50      ; 0.000        ; 0.036      ; 0.319      ;
; 0.200 ; picorv32:u_cpu|reg_out[23]                ; picorv32:u_cpu|mem_addr[23]                                                                       ; clk_50       ; clk_50      ; 0.000        ; 0.036      ; 0.320      ;
; 0.200 ; picorv32:u_cpu|instr_sw                   ; picorv32:u_cpu|mem_wordsize.00                                                                    ; clk_50       ; clk_50      ; 0.000        ; 0.036      ; 0.320      ;
; 0.202 ; bootloader:u_boot|hex_state.READ_TYPE_H   ; bootloader:u_boot|hex_state.READ_TYPE_L                                                           ; clk_50       ; clk_50      ; 0.000        ; 0.037      ; 0.323      ;
; 0.202 ; por_counter[4]                            ; por_reset_n                                                                                       ; clk_50       ; clk_50      ; 0.000        ; 0.036      ; 0.322      ;
; 0.205 ; picorv32:u_cpu|mem_rdata_q[10]            ; picorv32:u_cpu|decoded_rd[3]                                                                      ; clk_50       ; clk_50      ; 0.000        ; 0.036      ; 0.325      ;
; 0.205 ; picorv32:u_cpu|cpu_state.cpu_state_trap   ; picorv32:u_cpu|trap                                                                               ; clk_50       ; clk_50      ; 0.000        ; 0.037      ; 0.326      ;
; 0.207 ; picorv32:u_cpu|mem_rdata_q[11]            ; picorv32:u_cpu|decoded_rd[4]                                                                      ; clk_50       ; clk_50      ; 0.000        ; 0.036      ; 0.327      ;
+-------+-------------------------------------------+---------------------------------------------------------------------------------------------------+--------------+-------------+--------------+------------+------------+


+-----------------------------------------------------------------------------------------------------------------------------+
; Fast 1200mV 0C Model Recovery: 'clk_50'                                                                                     ;
+--------+-------------+--------------------------------+--------------+-------------+--------------+------------+------------+
; Slack  ; From Node   ; To Node                        ; Launch Clock ; Latch Clock ; Relationship ; Clock Skew ; Data Delay ;
+--------+-------------+--------------------------------+--------------+-------------+--------------+------------+------------+
; 11.452 ; reset_n     ; uart:u_uart|tx_reg[0]          ; clk_50       ; clk_50      ; 20.000       ; 1.105      ; 4.612      ;
; 11.684 ; reset_n     ; uart:u_uart|tx_clk_cnt[0]      ; clk_50       ; clk_50      ; 20.000       ; 1.093      ; 4.416      ;
; 11.684 ; reset_n     ; uart:u_uart|tx_clk_cnt[1]      ; clk_50       ; clk_50      ; 20.000       ; 1.093      ; 4.416      ;
; 11.684 ; reset_n     ; uart:u_uart|tx_clk_cnt[2]      ; clk_50       ; clk_50      ; 20.000       ; 1.093      ; 4.416      ;
; 11.684 ; reset_n     ; uart:u_uart|tx_clk_cnt[3]      ; clk_50       ; clk_50      ; 20.000       ; 1.093      ; 4.416      ;
; 11.684 ; reset_n     ; uart:u_uart|tx_clk_cnt[4]      ; clk_50       ; clk_50      ; 20.000       ; 1.093      ; 4.416      ;
; 11.684 ; reset_n     ; uart:u_uart|tx_clk_cnt[5]      ; clk_50       ; clk_50      ; 20.000       ; 1.093      ; 4.416      ;
; 11.684 ; reset_n     ; uart:u_uart|tx_clk_cnt[6]      ; clk_50       ; clk_50      ; 20.000       ; 1.093      ; 4.416      ;
; 11.684 ; reset_n     ; uart:u_uart|tx_clk_cnt[7]      ; clk_50       ; clk_50      ; 20.000       ; 1.093      ; 4.416      ;
; 11.684 ; reset_n     ; uart:u_uart|tx_clk_cnt[8]      ; clk_50       ; clk_50      ; 20.000       ; 1.093      ; 4.416      ;
; 11.684 ; reset_n     ; uart:u_uart|tx_clk_cnt[9]      ; clk_50       ; clk_50      ; 20.000       ; 1.093      ; 4.416      ;
; 11.684 ; reset_n     ; uart:u_uart|tx_clk_cnt[10]     ; clk_50       ; clk_50      ; 20.000       ; 1.093      ; 4.416      ;
; 11.684 ; reset_n     ; uart:u_uart|tx_clk_cnt[11]     ; clk_50       ; clk_50      ; 20.000       ; 1.093      ; 4.416      ;
; 11.684 ; reset_n     ; uart:u_uart|tx_clk_cnt[12]     ; clk_50       ; clk_50      ; 20.000       ; 1.093      ; 4.416      ;
; 11.691 ; reset_n     ; uart:u_uart|rx_state.R_DATA    ; clk_50       ; clk_50      ; 20.000       ; 1.095      ; 4.411      ;
; 11.691 ; reset_n     ; uart:u_uart|rx_state.WAIT_HALF ; clk_50       ; clk_50      ; 20.000       ; 1.095      ; 4.411      ;
; 11.691 ; reset_n     ; uart:u_uart|rx_state.STOP_BIT  ; clk_50       ; clk_50      ; 20.000       ; 1.095      ; 4.411      ;
; 11.691 ; reset_n     ; uart:u_uart|rx_state.IDLE      ; clk_50       ; clk_50      ; 20.000       ; 1.095      ; 4.411      ;
; 11.693 ; reset_n     ; uart:u_uart|rx_clk_cnt[0]      ; clk_50       ; clk_50      ; 20.000       ; 1.095      ; 4.409      ;
; 11.693 ; reset_n     ; uart:u_uart|rx_clk_cnt[1]      ; clk_50       ; clk_50      ; 20.000       ; 1.095      ; 4.409      ;
; 11.693 ; reset_n     ; uart:u_uart|rx_clk_cnt[2]      ; clk_50       ; clk_50      ; 20.000       ; 1.095      ; 4.409      ;
; 11.693 ; reset_n     ; uart:u_uart|rx_clk_cnt[3]      ; clk_50       ; clk_50      ; 20.000       ; 1.095      ; 4.409      ;
; 11.693 ; reset_n     ; uart:u_uart|rx_clk_cnt[4]      ; clk_50       ; clk_50      ; 20.000       ; 1.095      ; 4.409      ;
; 11.693 ; reset_n     ; uart:u_uart|rx_clk_cnt[5]      ; clk_50       ; clk_50      ; 20.000       ; 1.095      ; 4.409      ;
; 11.693 ; reset_n     ; uart:u_uart|rx_clk_cnt[6]      ; clk_50       ; clk_50      ; 20.000       ; 1.095      ; 4.409      ;
; 11.693 ; reset_n     ; uart:u_uart|rx_clk_cnt[7]      ; clk_50       ; clk_50      ; 20.000       ; 1.095      ; 4.409      ;
; 11.693 ; reset_n     ; uart:u_uart|rx_clk_cnt[8]      ; clk_50       ; clk_50      ; 20.000       ; 1.095      ; 4.409      ;
; 11.693 ; reset_n     ; uart:u_uart|rx_clk_cnt[9]      ; clk_50       ; clk_50      ; 20.000       ; 1.095      ; 4.409      ;
; 11.693 ; reset_n     ; uart:u_uart|rx_clk_cnt[10]     ; clk_50       ; clk_50      ; 20.000       ; 1.095      ; 4.409      ;
; 11.693 ; reset_n     ; uart:u_uart|rx_clk_cnt[12]     ; clk_50       ; clk_50      ; 20.000       ; 1.095      ; 4.409      ;
; 11.693 ; reset_n     ; uart:u_uart|rx_clk_cnt[11]     ; clk_50       ; clk_50      ; 20.000       ; 1.095      ; 4.409      ;
; 11.860 ; reset_n     ; uart:u_uart|tx_bit_cnt[0]      ; clk_50       ; clk_50      ; 20.000       ; 1.096      ; 4.243      ;
; 11.860 ; reset_n     ; uart:u_uart|tx_bit_cnt[1]      ; clk_50       ; clk_50      ; 20.000       ; 1.096      ; 4.243      ;
; 11.860 ; reset_n     ; uart:u_uart|tx_bit_cnt[2]      ; clk_50       ; clk_50      ; 20.000       ; 1.096      ; 4.243      ;
; 11.860 ; reset_n     ; uart:u_uart|tx_bit_cnt[3]      ; clk_50       ; clk_50      ; 20.000       ; 1.096      ; 4.243      ;
; 11.860 ; reset_n     ; uart:u_uart|tx_busy_int        ; clk_50       ; clk_50      ; 20.000       ; 1.096      ; 4.243      ;
; 11.871 ; reset_n     ; uart:u_uart|rx_bit_cnt[2]      ; clk_50       ; clk_50      ; 20.000       ; 1.100      ; 4.236      ;
; 11.871 ; reset_n     ; uart:u_uart|rx_bit_cnt[0]      ; clk_50       ; clk_50      ; 20.000       ; 1.100      ; 4.236      ;
; 11.871 ; reset_n     ; uart:u_uart|rx_bit_cnt[1]      ; clk_50       ; clk_50      ; 20.000       ; 1.100      ; 4.236      ;
; 11.871 ; reset_n     ; uart:u_uart|rx_shift[7]        ; clk_50       ; clk_50      ; 20.000       ; 1.100      ; 4.236      ;
; 11.871 ; reset_n     ; uart:u_uart|rx_shift[6]        ; clk_50       ; clk_50      ; 20.000       ; 1.100      ; 4.236      ;
; 11.871 ; reset_n     ; uart:u_uart|rx_shift[5]        ; clk_50       ; clk_50      ; 20.000       ; 1.100      ; 4.236      ;
; 11.871 ; reset_n     ; uart:u_uart|rx_shift[4]        ; clk_50       ; clk_50      ; 20.000       ; 1.100      ; 4.236      ;
; 11.871 ; reset_n     ; uart:u_uart|rx_shift[3]        ; clk_50       ; clk_50      ; 20.000       ; 1.100      ; 4.236      ;
; 11.871 ; reset_n     ; uart:u_uart|rx_shift[2]        ; clk_50       ; clk_50      ; 20.000       ; 1.100      ; 4.236      ;
; 11.871 ; reset_n     ; uart:u_uart|rx_shift[1]        ; clk_50       ; clk_50      ; 20.000       ; 1.100      ; 4.236      ;
; 11.871 ; reset_n     ; uart:u_uart|rx_shift[0]        ; clk_50       ; clk_50      ; 20.000       ; 1.100      ; 4.236      ;
; 11.882 ; reset_n     ; uart:u_uart|rx_done_int        ; clk_50       ; clk_50      ; 20.000       ; 1.100      ; 4.225      ;
; 12.179 ; reset_n     ; uart:u_uart|tx_reg[8]          ; clk_50       ; clk_50      ; 20.000       ; 1.106      ; 3.934      ;
; 12.179 ; reset_n     ; uart:u_uart|tx_reg[7]          ; clk_50       ; clk_50      ; 20.000       ; 1.106      ; 3.934      ;
; 12.179 ; reset_n     ; uart:u_uart|tx_reg[6]          ; clk_50       ; clk_50      ; 20.000       ; 1.106      ; 3.934      ;
; 12.179 ; reset_n     ; uart:u_uart|tx_reg[5]          ; clk_50       ; clk_50      ; 20.000       ; 1.106      ; 3.934      ;
; 12.179 ; reset_n     ; uart:u_uart|tx_reg[4]          ; clk_50       ; clk_50      ; 20.000       ; 1.106      ; 3.934      ;
; 12.179 ; reset_n     ; uart:u_uart|tx_reg[3]          ; clk_50       ; clk_50      ; 20.000       ; 1.106      ; 3.934      ;
; 12.179 ; reset_n     ; uart:u_uart|tx_reg[2]          ; clk_50       ; clk_50      ; 20.000       ; 1.106      ; 3.934      ;
; 12.179 ; reset_n     ; uart:u_uart|tx_reg[1]          ; clk_50       ; clk_50      ; 20.000       ; 1.106      ; 3.934      ;
; 18.096 ; por_reset_n ; uart:u_uart|tx_reg[0]          ; clk_50       ; clk_50      ; 20.000       ; -0.031     ; 1.832      ;
; 18.318 ; por_reset_n ; uart:u_uart|tx_clk_cnt[11]     ; clk_50       ; clk_50      ; 20.000       ; -0.043     ; 1.646      ;
; 18.318 ; por_reset_n ; uart:u_uart|tx_clk_cnt[0]      ; clk_50       ; clk_50      ; 20.000       ; -0.043     ; 1.646      ;
; 18.318 ; por_reset_n ; uart:u_uart|tx_clk_cnt[1]      ; clk_50       ; clk_50      ; 20.000       ; -0.043     ; 1.646      ;
; 18.318 ; por_reset_n ; uart:u_uart|tx_clk_cnt[2]      ; clk_50       ; clk_50      ; 20.000       ; -0.043     ; 1.646      ;
; 18.318 ; por_reset_n ; uart:u_uart|tx_clk_cnt[3]      ; clk_50       ; clk_50      ; 20.000       ; -0.043     ; 1.646      ;
; 18.318 ; por_reset_n ; uart:u_uart|tx_clk_cnt[4]      ; clk_50       ; clk_50      ; 20.000       ; -0.043     ; 1.646      ;
; 18.318 ; por_reset_n ; uart:u_uart|tx_clk_cnt[5]      ; clk_50       ; clk_50      ; 20.000       ; -0.043     ; 1.646      ;
; 18.318 ; por_reset_n ; uart:u_uart|tx_clk_cnt[6]      ; clk_50       ; clk_50      ; 20.000       ; -0.043     ; 1.646      ;
; 18.318 ; por_reset_n ; uart:u_uart|tx_clk_cnt[7]      ; clk_50       ; clk_50      ; 20.000       ; -0.043     ; 1.646      ;
; 18.318 ; por_reset_n ; uart:u_uart|tx_clk_cnt[8]      ; clk_50       ; clk_50      ; 20.000       ; -0.043     ; 1.646      ;
; 18.318 ; por_reset_n ; uart:u_uart|tx_clk_cnt[9]      ; clk_50       ; clk_50      ; 20.000       ; -0.043     ; 1.646      ;
; 18.318 ; por_reset_n ; uart:u_uart|tx_clk_cnt[10]     ; clk_50       ; clk_50      ; 20.000       ; -0.043     ; 1.646      ;
; 18.318 ; por_reset_n ; uart:u_uart|tx_clk_cnt[12]     ; clk_50       ; clk_50      ; 20.000       ; -0.043     ; 1.646      ;
; 18.325 ; por_reset_n ; uart:u_uart|rx_clk_cnt[12]     ; clk_50       ; clk_50      ; 20.000       ; -0.041     ; 1.641      ;
; 18.325 ; por_reset_n ; uart:u_uart|rx_clk_cnt[11]     ; clk_50       ; clk_50      ; 20.000       ; -0.041     ; 1.641      ;
; 18.325 ; por_reset_n ; uart:u_uart|rx_clk_cnt[6]      ; clk_50       ; clk_50      ; 20.000       ; -0.041     ; 1.641      ;
; 18.325 ; por_reset_n ; uart:u_uart|rx_clk_cnt[0]      ; clk_50       ; clk_50      ; 20.000       ; -0.041     ; 1.641      ;
; 18.325 ; por_reset_n ; uart:u_uart|rx_clk_cnt[1]      ; clk_50       ; clk_50      ; 20.000       ; -0.041     ; 1.641      ;
; 18.325 ; por_reset_n ; uart:u_uart|rx_clk_cnt[2]      ; clk_50       ; clk_50      ; 20.000       ; -0.041     ; 1.641      ;
; 18.325 ; por_reset_n ; uart:u_uart|rx_clk_cnt[3]      ; clk_50       ; clk_50      ; 20.000       ; -0.041     ; 1.641      ;
; 18.325 ; por_reset_n ; uart:u_uart|rx_clk_cnt[4]      ; clk_50       ; clk_50      ; 20.000       ; -0.041     ; 1.641      ;
; 18.325 ; por_reset_n ; uart:u_uart|rx_clk_cnt[5]      ; clk_50       ; clk_50      ; 20.000       ; -0.041     ; 1.641      ;
; 18.325 ; por_reset_n ; uart:u_uart|rx_clk_cnt[10]     ; clk_50       ; clk_50      ; 20.000       ; -0.041     ; 1.641      ;
; 18.325 ; por_reset_n ; uart:u_uart|rx_clk_cnt[7]      ; clk_50       ; clk_50      ; 20.000       ; -0.041     ; 1.641      ;
; 18.325 ; por_reset_n ; uart:u_uart|rx_clk_cnt[8]      ; clk_50       ; clk_50      ; 20.000       ; -0.041     ; 1.641      ;
; 18.325 ; por_reset_n ; uart:u_uart|rx_clk_cnt[9]      ; clk_50       ; clk_50      ; 20.000       ; -0.041     ; 1.641      ;
; 18.326 ; por_reset_n ; uart:u_uart|rx_state.WAIT_HALF ; clk_50       ; clk_50      ; 20.000       ; -0.041     ; 1.640      ;
; 18.326 ; por_reset_n ; uart:u_uart|rx_state.R_DATA    ; clk_50       ; clk_50      ; 20.000       ; -0.041     ; 1.640      ;
; 18.326 ; por_reset_n ; uart:u_uart|rx_state.STOP_BIT  ; clk_50       ; clk_50      ; 20.000       ; -0.041     ; 1.640      ;
; 18.326 ; por_reset_n ; uart:u_uart|rx_state.IDLE      ; clk_50       ; clk_50      ; 20.000       ; -0.041     ; 1.640      ;
; 18.519 ; por_reset_n ; uart:u_uart|tx_bit_cnt[3]      ; clk_50       ; clk_50      ; 20.000       ; -0.040     ; 1.448      ;
; 18.519 ; por_reset_n ; uart:u_uart|tx_bit_cnt[2]      ; clk_50       ; clk_50      ; 20.000       ; -0.040     ; 1.448      ;
; 18.519 ; por_reset_n ; uart:u_uart|tx_bit_cnt[1]      ; clk_50       ; clk_50      ; 20.000       ; -0.040     ; 1.448      ;
; 18.519 ; por_reset_n ; uart:u_uart|tx_bit_cnt[0]      ; clk_50       ; clk_50      ; 20.000       ; -0.040     ; 1.448      ;
; 18.519 ; por_reset_n ; uart:u_uart|tx_busy_int        ; clk_50       ; clk_50      ; 20.000       ; -0.040     ; 1.448      ;
; 18.532 ; por_reset_n ; uart:u_uart|rx_shift[0]        ; clk_50       ; clk_50      ; 20.000       ; -0.036     ; 1.439      ;
; 18.532 ; por_reset_n ; uart:u_uart|rx_shift[1]        ; clk_50       ; clk_50      ; 20.000       ; -0.036     ; 1.439      ;
; 18.532 ; por_reset_n ; uart:u_uart|rx_shift[2]        ; clk_50       ; clk_50      ; 20.000       ; -0.036     ; 1.439      ;
; 18.532 ; por_reset_n ; uart:u_uart|rx_shift[3]        ; clk_50       ; clk_50      ; 20.000       ; -0.036     ; 1.439      ;
; 18.532 ; por_reset_n ; uart:u_uart|rx_shift[4]        ; clk_50       ; clk_50      ; 20.000       ; -0.036     ; 1.439      ;
; 18.532 ; por_reset_n ; uart:u_uart|rx_shift[5]        ; clk_50       ; clk_50      ; 20.000       ; -0.036     ; 1.439      ;
; 18.532 ; por_reset_n ; uart:u_uart|rx_shift[6]        ; clk_50       ; clk_50      ; 20.000       ; -0.036     ; 1.439      ;
; 18.532 ; por_reset_n ; uart:u_uart|rx_bit_cnt[0]      ; clk_50       ; clk_50      ; 20.000       ; -0.036     ; 1.439      ;
+--------+-------------+--------------------------------+--------------+-------------+--------------+------------+------------+


+----------------------------------------------------------------------------------------------------------------------------+
; Fast 1200mV 0C Model Removal: 'clk_50'                                                                                     ;
+-------+-------------+--------------------------------+--------------+-------------+--------------+------------+------------+
; Slack ; From Node   ; To Node                        ; Launch Clock ; Latch Clock ; Relationship ; Clock Skew ; Data Delay ;
+-------+-------------+--------------------------------+--------------+-------------+--------------+------------+------------+
; 0.906 ; por_reset_n ; uart:u_uart|tx_reg[6]          ; clk_50       ; clk_50      ; 0.000        ; 0.052      ; 1.042      ;
; 0.906 ; por_reset_n ; uart:u_uart|tx_reg[8]          ; clk_50       ; clk_50      ; 0.000        ; 0.052      ; 1.042      ;
; 0.906 ; por_reset_n ; uart:u_uart|tx_reg[7]          ; clk_50       ; clk_50      ; 0.000        ; 0.052      ; 1.042      ;
; 0.906 ; por_reset_n ; uart:u_uart|tx_reg[5]          ; clk_50       ; clk_50      ; 0.000        ; 0.052      ; 1.042      ;
; 0.906 ; por_reset_n ; uart:u_uart|tx_reg[4]          ; clk_50       ; clk_50      ; 0.000        ; 0.052      ; 1.042      ;
; 0.906 ; por_reset_n ; uart:u_uart|tx_reg[3]          ; clk_50       ; clk_50      ; 0.000        ; 0.052      ; 1.042      ;
; 0.906 ; por_reset_n ; uart:u_uart|tx_reg[2]          ; clk_50       ; clk_50      ; 0.000        ; 0.052      ; 1.042      ;
; 0.906 ; por_reset_n ; uart:u_uart|tx_reg[1]          ; clk_50       ; clk_50      ; 0.000        ; 0.052      ; 1.042      ;
; 1.208 ; por_reset_n ; uart:u_uart|rx_done_int        ; clk_50       ; clk_50      ; 0.000        ; 0.037      ; 1.329      ;
; 1.219 ; por_reset_n ; uart:u_uart|rx_shift[0]        ; clk_50       ; clk_50      ; 0.000        ; 0.036      ; 1.339      ;
; 1.219 ; por_reset_n ; uart:u_uart|rx_shift[1]        ; clk_50       ; clk_50      ; 0.000        ; 0.036      ; 1.339      ;
; 1.219 ; por_reset_n ; uart:u_uart|rx_shift[2]        ; clk_50       ; clk_50      ; 0.000        ; 0.036      ; 1.339      ;
; 1.219 ; por_reset_n ; uart:u_uart|rx_shift[3]        ; clk_50       ; clk_50      ; 0.000        ; 0.036      ; 1.339      ;
; 1.219 ; por_reset_n ; uart:u_uart|rx_shift[4]        ; clk_50       ; clk_50      ; 0.000        ; 0.036      ; 1.339      ;
; 1.219 ; por_reset_n ; uart:u_uart|rx_shift[5]        ; clk_50       ; clk_50      ; 0.000        ; 0.036      ; 1.339      ;
; 1.219 ; por_reset_n ; uart:u_uart|rx_shift[6]        ; clk_50       ; clk_50      ; 0.000        ; 0.036      ; 1.339      ;
; 1.219 ; por_reset_n ; uart:u_uart|rx_bit_cnt[0]      ; clk_50       ; clk_50      ; 0.000        ; 0.036      ; 1.339      ;
; 1.219 ; por_reset_n ; uart:u_uart|rx_bit_cnt[2]      ; clk_50       ; clk_50      ; 0.000        ; 0.036      ; 1.339      ;
; 1.219 ; por_reset_n ; uart:u_uart|rx_bit_cnt[1]      ; clk_50       ; clk_50      ; 0.000        ; 0.036      ; 1.339      ;
; 1.219 ; por_reset_n ; uart:u_uart|rx_shift[7]        ; clk_50       ; clk_50      ; 0.000        ; 0.036      ; 1.339      ;
; 1.230 ; por_reset_n ; uart:u_uart|tx_bit_cnt[3]      ; clk_50       ; clk_50      ; 0.000        ; 0.032      ; 1.346      ;
; 1.230 ; por_reset_n ; uart:u_uart|tx_bit_cnt[2]      ; clk_50       ; clk_50      ; 0.000        ; 0.032      ; 1.346      ;
; 1.230 ; por_reset_n ; uart:u_uart|tx_bit_cnt[1]      ; clk_50       ; clk_50      ; 0.000        ; 0.032      ; 1.346      ;
; 1.230 ; por_reset_n ; uart:u_uart|tx_bit_cnt[0]      ; clk_50       ; clk_50      ; 0.000        ; 0.032      ; 1.346      ;
; 1.230 ; por_reset_n ; uart:u_uart|tx_busy_int        ; clk_50       ; clk_50      ; 0.000        ; 0.032      ; 1.346      ;
; 1.390 ; por_reset_n ; uart:u_uart|rx_clk_cnt[12]     ; clk_50       ; clk_50      ; 0.000        ; 0.031      ; 1.505      ;
; 1.390 ; por_reset_n ; uart:u_uart|rx_clk_cnt[11]     ; clk_50       ; clk_50      ; 0.000        ; 0.031      ; 1.505      ;
; 1.390 ; por_reset_n ; uart:u_uart|rx_clk_cnt[6]      ; clk_50       ; clk_50      ; 0.000        ; 0.031      ; 1.505      ;
; 1.390 ; por_reset_n ; uart:u_uart|rx_clk_cnt[0]      ; clk_50       ; clk_50      ; 0.000        ; 0.031      ; 1.505      ;
; 1.390 ; por_reset_n ; uart:u_uart|rx_clk_cnt[1]      ; clk_50       ; clk_50      ; 0.000        ; 0.031      ; 1.505      ;
; 1.390 ; por_reset_n ; uart:u_uart|rx_clk_cnt[2]      ; clk_50       ; clk_50      ; 0.000        ; 0.031      ; 1.505      ;
; 1.390 ; por_reset_n ; uart:u_uart|rx_clk_cnt[3]      ; clk_50       ; clk_50      ; 0.000        ; 0.031      ; 1.505      ;
; 1.390 ; por_reset_n ; uart:u_uart|rx_clk_cnt[4]      ; clk_50       ; clk_50      ; 0.000        ; 0.031      ; 1.505      ;
; 1.390 ; por_reset_n ; uart:u_uart|rx_clk_cnt[5]      ; clk_50       ; clk_50      ; 0.000        ; 0.031      ; 1.505      ;
; 1.390 ; por_reset_n ; uart:u_uart|rx_clk_cnt[10]     ; clk_50       ; clk_50      ; 0.000        ; 0.031      ; 1.505      ;
; 1.390 ; por_reset_n ; uart:u_uart|rx_clk_cnt[7]      ; clk_50       ; clk_50      ; 0.000        ; 0.031      ; 1.505      ;
; 1.390 ; por_reset_n ; uart:u_uart|rx_clk_cnt[8]      ; clk_50       ; clk_50      ; 0.000        ; 0.031      ; 1.505      ;
; 1.390 ; por_reset_n ; uart:u_uart|rx_clk_cnt[9]      ; clk_50       ; clk_50      ; 0.000        ; 0.031      ; 1.505      ;
; 1.392 ; por_reset_n ; uart:u_uart|rx_state.WAIT_HALF ; clk_50       ; clk_50      ; 0.000        ; 0.031      ; 1.507      ;
; 1.392 ; por_reset_n ; uart:u_uart|rx_state.R_DATA    ; clk_50       ; clk_50      ; 0.000        ; 0.031      ; 1.507      ;
; 1.392 ; por_reset_n ; uart:u_uart|rx_state.STOP_BIT  ; clk_50       ; clk_50      ; 0.000        ; 0.031      ; 1.507      ;
; 1.392 ; por_reset_n ; uart:u_uart|rx_state.IDLE      ; clk_50       ; clk_50      ; 0.000        ; 0.031      ; 1.507      ;
; 1.399 ; por_reset_n ; uart:u_uart|tx_clk_cnt[11]     ; clk_50       ; clk_50      ; 0.000        ; 0.029      ; 1.512      ;
; 1.399 ; por_reset_n ; uart:u_uart|tx_clk_cnt[0]      ; clk_50       ; clk_50      ; 0.000        ; 0.029      ; 1.512      ;
; 1.399 ; por_reset_n ; uart:u_uart|tx_clk_cnt[1]      ; clk_50       ; clk_50      ; 0.000        ; 0.029      ; 1.512      ;
; 1.399 ; por_reset_n ; uart:u_uart|tx_clk_cnt[2]      ; clk_50       ; clk_50      ; 0.000        ; 0.029      ; 1.512      ;
; 1.399 ; por_reset_n ; uart:u_uart|tx_clk_cnt[3]      ; clk_50       ; clk_50      ; 0.000        ; 0.029      ; 1.512      ;
; 1.399 ; por_reset_n ; uart:u_uart|tx_clk_cnt[4]      ; clk_50       ; clk_50      ; 0.000        ; 0.029      ; 1.512      ;
; 1.399 ; por_reset_n ; uart:u_uart|tx_clk_cnt[5]      ; clk_50       ; clk_50      ; 0.000        ; 0.029      ; 1.512      ;
; 1.399 ; por_reset_n ; uart:u_uart|tx_clk_cnt[6]      ; clk_50       ; clk_50      ; 0.000        ; 0.029      ; 1.512      ;
; 1.399 ; por_reset_n ; uart:u_uart|tx_clk_cnt[7]      ; clk_50       ; clk_50      ; 0.000        ; 0.029      ; 1.512      ;
; 1.399 ; por_reset_n ; uart:u_uart|tx_clk_cnt[8]      ; clk_50       ; clk_50      ; 0.000        ; 0.029      ; 1.512      ;
; 1.399 ; por_reset_n ; uart:u_uart|tx_clk_cnt[9]      ; clk_50       ; clk_50      ; 0.000        ; 0.029      ; 1.512      ;
; 1.399 ; por_reset_n ; uart:u_uart|tx_clk_cnt[10]     ; clk_50       ; clk_50      ; 0.000        ; 0.029      ; 1.512      ;
; 1.399 ; por_reset_n ; uart:u_uart|tx_clk_cnt[12]     ; clk_50       ; clk_50      ; 0.000        ; 0.029      ; 1.512      ;
; 1.595 ; por_reset_n ; uart:u_uart|tx_reg[0]          ; clk_50       ; clk_50      ; 0.000        ; 0.031      ; 1.682      ;
; 2.767 ; reset_n     ; uart:u_uart|tx_reg[8]          ; clk_50       ; clk_50      ; 0.000        ; 1.156      ; 3.007      ;
; 2.767 ; reset_n     ; uart:u_uart|tx_reg[7]          ; clk_50       ; clk_50      ; 0.000        ; 1.156      ; 3.007      ;
; 2.767 ; reset_n     ; uart:u_uart|tx_reg[6]          ; clk_50       ; clk_50      ; 0.000        ; 1.156      ; 3.007      ;
; 2.767 ; reset_n     ; uart:u_uart|tx_reg[5]          ; clk_50       ; clk_50      ; 0.000        ; 1.156      ; 3.007      ;
; 2.767 ; reset_n     ; uart:u_uart|tx_reg[4]          ; clk_50       ; clk_50      ; 0.000        ; 1.156      ; 3.007      ;
; 2.767 ; reset_n     ; uart:u_uart|tx_reg[3]          ; clk_50       ; clk_50      ; 0.000        ; 1.156      ; 3.007      ;
; 2.767 ; reset_n     ; uart:u_uart|tx_reg[2]          ; clk_50       ; clk_50      ; 0.000        ; 1.156      ; 3.007      ;
; 2.767 ; reset_n     ; uart:u_uart|tx_reg[1]          ; clk_50       ; clk_50      ; 0.000        ; 1.156      ; 3.007      ;
; 3.084 ; reset_n     ; uart:u_uart|rx_done_int        ; clk_50       ; clk_50      ; 0.000        ; 1.151      ; 3.319      ;
; 3.108 ; reset_n     ; uart:u_uart|rx_bit_cnt[2]      ; clk_50       ; clk_50      ; 0.000        ; 1.150      ; 3.342      ;
; 3.108 ; reset_n     ; uart:u_uart|rx_bit_cnt[0]      ; clk_50       ; clk_50      ; 0.000        ; 1.150      ; 3.342      ;
; 3.108 ; reset_n     ; uart:u_uart|rx_bit_cnt[1]      ; clk_50       ; clk_50      ; 0.000        ; 1.150      ; 3.342      ;
; 3.108 ; reset_n     ; uart:u_uart|rx_shift[7]        ; clk_50       ; clk_50      ; 0.000        ; 1.150      ; 3.342      ;
; 3.108 ; reset_n     ; uart:u_uart|rx_shift[6]        ; clk_50       ; clk_50      ; 0.000        ; 1.150      ; 3.342      ;
; 3.108 ; reset_n     ; uart:u_uart|rx_shift[5]        ; clk_50       ; clk_50      ; 0.000        ; 1.150      ; 3.342      ;
; 3.108 ; reset_n     ; uart:u_uart|rx_shift[4]        ; clk_50       ; clk_50      ; 0.000        ; 1.150      ; 3.342      ;
; 3.108 ; reset_n     ; uart:u_uart|rx_shift[3]        ; clk_50       ; clk_50      ; 0.000        ; 1.150      ; 3.342      ;
; 3.108 ; reset_n     ; uart:u_uart|rx_shift[2]        ; clk_50       ; clk_50      ; 0.000        ; 1.150      ; 3.342      ;
; 3.108 ; reset_n     ; uart:u_uart|rx_shift[1]        ; clk_50       ; clk_50      ; 0.000        ; 1.150      ; 3.342      ;
; 3.108 ; reset_n     ; uart:u_uart|rx_shift[0]        ; clk_50       ; clk_50      ; 0.000        ; 1.150      ; 3.342      ;
; 3.121 ; reset_n     ; uart:u_uart|tx_bit_cnt[0]      ; clk_50       ; clk_50      ; 0.000        ; 1.146      ; 3.351      ;
; 3.121 ; reset_n     ; uart:u_uart|tx_bit_cnt[1]      ; clk_50       ; clk_50      ; 0.000        ; 1.146      ; 3.351      ;
; 3.121 ; reset_n     ; uart:u_uart|tx_bit_cnt[2]      ; clk_50       ; clk_50      ; 0.000        ; 1.146      ; 3.351      ;
; 3.121 ; reset_n     ; uart:u_uart|tx_bit_cnt[3]      ; clk_50       ; clk_50      ; 0.000        ; 1.146      ; 3.351      ;
; 3.121 ; reset_n     ; uart:u_uart|tx_busy_int        ; clk_50       ; clk_50      ; 0.000        ; 1.146      ; 3.351      ;
; 3.307 ; reset_n     ; uart:u_uart|rx_state.R_DATA    ; clk_50       ; clk_50      ; 0.000        ; 1.145      ; 3.536      ;
; 3.307 ; reset_n     ; uart:u_uart|rx_state.WAIT_HALF ; clk_50       ; clk_50      ; 0.000        ; 1.145      ; 3.536      ;
; 3.307 ; reset_n     ; uart:u_uart|rx_state.STOP_BIT  ; clk_50       ; clk_50      ; 0.000        ; 1.145      ; 3.536      ;
; 3.307 ; reset_n     ; uart:u_uart|rx_state.IDLE      ; clk_50       ; clk_50      ; 0.000        ; 1.145      ; 3.536      ;
; 3.308 ; reset_n     ; uart:u_uart|rx_clk_cnt[0]      ; clk_50       ; clk_50      ; 0.000        ; 1.145      ; 3.537      ;
; 3.308 ; reset_n     ; uart:u_uart|rx_clk_cnt[1]      ; clk_50       ; clk_50      ; 0.000        ; 1.145      ; 3.537      ;
; 3.308 ; reset_n     ; uart:u_uart|rx_clk_cnt[2]      ; clk_50       ; clk_50      ; 0.000        ; 1.145      ; 3.537      ;
; 3.308 ; reset_n     ; uart:u_uart|rx_clk_cnt[3]      ; clk_50       ; clk_50      ; 0.000        ; 1.145      ; 3.537      ;
; 3.308 ; reset_n     ; uart:u_uart|rx_clk_cnt[4]      ; clk_50       ; clk_50      ; 0.000        ; 1.145      ; 3.537      ;
; 3.308 ; reset_n     ; uart:u_uart|rx_clk_cnt[5]      ; clk_50       ; clk_50      ; 0.000        ; 1.145      ; 3.537      ;
; 3.308 ; reset_n     ; uart:u_uart|rx_clk_cnt[6]      ; clk_50       ; clk_50      ; 0.000        ; 1.145      ; 3.537      ;
; 3.308 ; reset_n     ; uart:u_uart|rx_clk_cnt[7]      ; clk_50       ; clk_50      ; 0.000        ; 1.145      ; 3.537      ;
; 3.308 ; reset_n     ; uart:u_uart|rx_clk_cnt[8]      ; clk_50       ; clk_50      ; 0.000        ; 1.145      ; 3.537      ;
; 3.308 ; reset_n     ; uart:u_uart|rx_clk_cnt[9]      ; clk_50       ; clk_50      ; 0.000        ; 1.145      ; 3.537      ;
; 3.308 ; reset_n     ; uart:u_uart|rx_clk_cnt[10]     ; clk_50       ; clk_50      ; 0.000        ; 1.145      ; 3.537      ;
; 3.308 ; reset_n     ; uart:u_uart|rx_clk_cnt[12]     ; clk_50       ; clk_50      ; 0.000        ; 1.145      ; 3.537      ;
; 3.308 ; reset_n     ; uart:u_uart|rx_clk_cnt[11]     ; clk_50       ; clk_50      ; 0.000        ; 1.145      ; 3.537      ;
; 3.314 ; reset_n     ; uart:u_uart|tx_clk_cnt[0]      ; clk_50       ; clk_50      ; 0.000        ; 1.143      ; 3.541      ;
; 3.314 ; reset_n     ; uart:u_uart|tx_clk_cnt[1]      ; clk_50       ; clk_50      ; 0.000        ; 1.143      ; 3.541      ;
+-------+-------------+--------------------------------+--------------+-------------+--------------+------------+------------+


----------------------------------------------
; Fast 1200mV 0C Model Metastability Summary ;
----------------------------------------------
No synchronizer chains to report.


+-----------------------------------------------------------------------------+
; Multicorner Timing Analysis Summary                                         ;
+------------------+-------+-------+----------+---------+---------------------+
; Clock            ; Setup ; Hold  ; Recovery ; Removal ; Minimum Pulse Width ;
+------------------+-------+-------+----------+---------+---------------------+
; Worst-case Slack ; 4.590 ; 0.145 ; 9.653    ; 0.906   ; 9.208               ;
;  clk_50          ; 4.590 ; 0.145 ; 9.653    ; 0.906   ; 9.208               ;
; Design-wide TNS  ; 0.0   ; 0.0   ; 0.0      ; 0.0     ; 0.0                 ;
;  clk_50          ; 0.000 ; 0.000 ; 0.000    ; 0.000   ; 0.000               ;
+------------------+-------+-------+----------+---------+---------------------+


+------------------------------------------------------------------------------------------------------------------------------------------------------------------------------------------------------------------------------------------------------------------------------------------------------------------------------------------------------------------------------------------------------------------+
; Board Trace Model Assignments                                                                                                                                                                                                                                                                                                                                                                                    ;
+---------------+--------------+-------------------+-------------------------+-------------------------+---------------+---------------------+----------------+------------------+--------+------------------+------------------------+------------------------+--------------+---------------+-----------------+-------+---------------------+--------------------+---------------+-----------------+-------------+
; Pin           ; I/O Standard ; Near Tline Length ; Near Tline L per Length ; Near Tline C per Length ; Near Series R ; Near Differential R ; Near Pull-up R ; Near Pull-down R ; Near C ; Far Tline Length ; Far Tline L per Length ; Far Tline C per Length ; Far Series R ; Far Pull-up R ; Far Pull-down R ; Far C ; Termination Voltage ; Far Differential R ; EBD File Name ; EBD Signal Name ; EBD Far-end ;
+---------------+--------------+-------------------+-------------------------+-------------------------+---------------+---------------------+----------------+------------------+--------+------------------+------------------------+------------------------+--------------+---------------+-----------------+-------+---------------------+--------------------+---------------+-----------------+-------------+
; tx            ; 3.3-V LVTTL  ; 0 in              ; 0 H/in                  ; 0 F/in                  ; short         ; -                   ; open           ; open             ; open   ; 0 in             ; 0 H/in                 ; 0 F/in                 ; short        ; open          ; open            ; open  ; 0 V                 ; -                  ; n/a           ; n/a             ; n/a         ;
; led[0]        ; 3.3-V LVTTL  ; 0 in              ; 0 H/in                  ; 0 F/in                  ; short         ; -                   ; open           ; open             ; open   ; 0 in             ; 0 H/in                 ; 0 F/in                 ; short        ; open          ; open            ; open  ; 0 V                 ; -                  ; n/a           ; n/a             ; n/a         ;
; led[1]        ; 3.3-V LVTTL  ; 0 in              ; 0 H/in                  ; 0 F/in                  ; short         ; -                   ; open           ; open             ; open   ; 0 in             ; 0 H/in                 ; 0 F/in                 ; short        ; open          ; open            ; open  ; 0 V                 ; -                  ; n/a           ; n/a             ; n/a         ;
; led[2]        ; 3.3-V LVTTL  ; 0 in              ; 0 H/in                  ; 0 F/in                  ; short         ; -                   ; open           ; open             ; open   ; 0 in             ; 0 H/in                 ; 0 F/in                 ; short        ; open          ; open            ; open  ; 0 V                 ; -                  ; n/a           ; n/a             ; n/a         ;
; led[3]        ; 3.3-V LVTTL  ; 0 in              ; 0 H/in                  ; 0 F/in                  ; short         ; -                   ; open           ; open             ; open   ; 0 in             ; 0 H/in                 ; 0 F/in                 ; short        ; open          ; open            ; open  ; 0 V                 ; -                  ; n/a           ; n/a             ; n/a         ;
; led[4]        ; 3.3-V LVTTL  ; 0 in              ; 0 H/in                  ; 0 F/in                  ; short         ; -                   ; open           ; open             ; open   ; 0 in             ; 0 H/in                 ; 0 F/in                 ; short        ; open          ; open            ; open  ; 0 V                 ; -                  ; n/a           ; n/a             ; n/a         ;
; led[5]        ; 3.3-V LVTTL  ; 0 in              ; 0 H/in                  ; 0 F/in                  ; short         ; -                   ; open           ; open             ; open   ; 0 in             ; 0 H/in                 ; 0 F/in                 ; short        ; open          ; open            ; open  ; 0 V                 ; -                  ; n/a           ; n/a             ; n/a         ;
; led[6]        ; 3.3-V LVTTL  ; 0 in              ; 0 H/in                  ; 0 F/in                  ; short         ; -                   ; open           ; open             ; open   ; 0 in             ; 0 H/in                 ; 0 F/in                 ; short        ; open          ; open            ; open  ; 0 V                 ; -                  ; n/a           ; n/a             ; n/a         ;
; led[7]        ; 3.3-V LVTTL  ; 0 in              ; 0 H/in                  ; 0 F/in                  ; short         ; -                   ; open           ; open             ; open   ; 0 in             ; 0 H/in                 ; 0 F/in                 ; short        ; open          ; open            ; open  ; 0 V                 ; -                  ; n/a           ; n/a             ; n/a         ;
; ~ALTERA_DCLK~ ; 3.3-V LVTTL  ; 0 in              ; 0 H/in                  ; 0 F/in                  ; short         ; -                   ; open           ; open             ; open   ; 0 in             ; 0 H/in                 ; 0 F/in                 ; short        ; open          ; open            ; open  ; 0 V                 ; -                  ; n/a           ; n/a             ; n/a         ;
; ~ALTERA_nCEO~ ; 2.5 V        ; 0 in              ; 0 H/in                  ; 0 F/in                  ; short         ; -                   ; open           ; open             ; open   ; 0 in             ; 0 H/in                 ; 0 F/in                 ; short        ; open          ; open            ; open  ; 0 V                 ; -                  ; n/a           ; n/a             ; n/a         ;
+---------------+--------------+-------------------+-------------------------+-------------------------+---------------+---------------------+----------------+------------------+--------+------------------+------------------------+------------------------+--------------+---------------+-----------------+-------+---------------------+--------------------+---------------+-----------------+-------------+


+----------------------------------------------------------------------------+
; Input Transition Times                                                     ;
+-------------------------+--------------+-----------------+-----------------+
; Pin                     ; I/O Standard ; 10-90 Rise Time ; 90-10 Fall Time ;
+-------------------------+--------------+-----------------+-----------------+
; clk                     ; 3.3-V LVTTL  ; 2640 ps         ; 2640 ps         ;
; reset_n                 ; 3.3-V LVTTL  ; 2640 ps         ; 2640 ps         ;
; sw[2]                   ; 3.3-V LVTTL  ; 2640 ps         ; 2640 ps         ;
; sw[3]                   ; 3.3-V LVTTL  ; 2640 ps         ; 2640 ps         ;
; sw[0]                   ; 3.3-V LVTTL  ; 2640 ps         ; 2640 ps         ;
; sw[1]                   ; 3.3-V LVTTL  ; 2640 ps         ; 2640 ps         ;
; rx                      ; 3.3-V LVTTL  ; 2640 ps         ; 2640 ps         ;
; ~ALTERA_ASDO_DATA1~     ; 3.3-V LVTTL  ; 2640 ps         ; 2640 ps         ;
; ~ALTERA_FLASH_nCE_nCSO~ ; 3.3-V LVTTL  ; 2640 ps         ; 2640 ps         ;
; ~ALTERA_DATA0~          ; 3.3-V LVTTL  ; 2640 ps         ; 2640 ps         ;
+-------------------------+--------------+-----------------+-----------------+


+--------------------------------------------------------------------------------------------------------------------------------------------------------------------------------------------------------------------------------------------------------------------------------------------------------------------------------------------------------------------------------------------------------------------------------------------------------------------------------------------------------------------------------------------------------------------------------------------------------------------------------------------------------------------------------------------+
; Signal Integrity Metrics (Slow 1200mv 0c Model)                                                                                                                                                                                                                                                                                                                                                                                                                                                                                                                                                                                                                                            ;
+---------------+--------------+---------------------+---------------------+------------------------------+------------------------------+---------------------+---------------------+--------------------------------------+--------------------------------------+-----------------------------+-----------------------------+----------------------------+----------------------------+-----------------------------+-----------------------------+--------------------+--------------------+-------------------------------------+-------------------------------------+----------------------------+----------------------------+---------------------------+---------------------------+
; Pin           ; I/O Standard ; Board Delay on Rise ; Board Delay on Fall ; Steady State Voh at FPGA Pin ; Steady State Vol at FPGA Pin ; Voh Max at FPGA Pin ; Vol Min at FPGA Pin ; Ringback Voltage on Rise at FPGA Pin ; Ringback Voltage on Fall at FPGA Pin ; 10-90 Rise Time at FPGA Pin ; 90-10 Fall Time at FPGA Pin ; Monotonic Rise at FPGA Pin ; Monotonic Fall at FPGA Pin ; Steady State Voh at Far-end ; Steady State Vol at Far-end ; Voh Max at Far-end ; Vol Min at Far-end ; Ringback Voltage on Rise at Far-end ; Ringback Voltage on Fall at Far-end ; 10-90 Rise Time at Far-end ; 90-10 Fall Time at Far-end ; Monotonic Rise at Far-end ; Monotonic Fall at Far-end ;
+---------------+--------------+---------------------+---------------------+------------------------------+------------------------------+---------------------+---------------------+--------------------------------------+--------------------------------------+-----------------------------+-----------------------------+----------------------------+----------------------------+-----------------------------+-----------------------------+--------------------+--------------------+-------------------------------------+-------------------------------------+----------------------------+----------------------------+---------------------------+---------------------------+
; tx            ; 3.3-V LVTTL  ; 0 s                 ; 0 s                 ; 3.08 V                       ; 2.24e-08 V                   ; 3.14 V              ; -0.115 V            ; 0.31 V                               ; 0.241 V                              ; 5.06e-10 s                  ; 4.37e-10 s                  ; No                         ; No                         ; 3.08 V                      ; 2.24e-08 V                  ; 3.14 V             ; -0.115 V           ; 0.31 V                              ; 0.241 V                             ; 5.06e-10 s                 ; 4.37e-10 s                 ; No                        ; No                        ;
; led[0]        ; 3.3-V LVTTL  ; 0 s                 ; 0 s                 ; 3.08 V                       ; 2.24e-08 V                   ; 3.14 V              ; -0.115 V            ; 0.31 V                               ; 0.241 V                              ; 5.06e-10 s                  ; 4.37e-10 s                  ; No                         ; No                         ; 3.08 V                      ; 2.24e-08 V                  ; 3.14 V             ; -0.115 V           ; 0.31 V                              ; 0.241 V                             ; 5.06e-10 s                 ; 4.37e-10 s                 ; No                        ; No                        ;
; led[1]        ; 3.3-V LVTTL  ; 0 s                 ; 0 s                 ; 3.08 V                       ; 2.24e-08 V                   ; 3.14 V              ; -0.115 V            ; 0.31 V                               ; 0.241 V                              ; 5.06e-10 s                  ; 4.37e-10 s                  ; No                         ; No                         ; 3.08 V                      ; 2.24e-08 V                  ; 3.14 V             ; -0.115 V           ; 0.31 V                              ; 0.241 V                             ; 5.06e-10 s                 ; 4.37e-10 s                 ; No                        ; No                        ;
; led[2]        ; 3.3-V LVTTL  ; 0 s                 ; 0 s                 ; 3.08 V                       ; 2.24e-08 V                   ; 3.14 V              ; -0.115 V            ; 0.31 V                               ; 0.241 V                              ; 5.06e-10 s                  ; 4.37e-10 s                  ; No                         ; No                         ; 3.08 V                      ; 2.24e-08 V                  ; 3.14 V             ; -0.115 V           ; 0.31 V                              ; 0.241 V                             ; 5.06e-10 s                 ; 4.37e-10 s                 ; No                        ; No                        ;
; led[3]        ; 3.3-V LVTTL  ; 0 s                 ; 0 s                 ; 3.08 V                       ; 2.24e-08 V                   ; 3.14 V              ; -0.115 V            ; 0.31 V                               ; 0.241 V                              ; 5.06e-10 s                  ; 4.37e-10 s                  ; No                         ; No                         ; 3.08 V                      ; 2.24e-08 V                  ; 3.14 V             ; -0.115 V           ; 0.31 V                              ; 0.241 V                             ; 5.06e-10 s                 ; 4.37e-10 s                 ; No                        ; No                        ;
; led[4]        ; 3.3-V LVTTL  ; 0 s                 ; 0 s                 ; 3.08 V                       ; 1.54e-08 V                   ; 3.14 V              ; -0.074 V            ; 0.343 V                              ; 0.194 V                              ; 7.35e-10 s                  ; 6.36e-10 s                  ; No                         ; No                         ; 3.08 V                      ; 1.54e-08 V                  ; 3.14 V             ; -0.074 V           ; 0.343 V                             ; 0.194 V                             ; 7.35e-10 s                 ; 6.36e-10 s                 ; No                        ; No                        ;
; led[5]        ; 3.3-V LVTTL  ; 0 s                 ; 0 s                 ; 3.08 V                       ; 1.54e-08 V                   ; 3.09 V              ; -0.0119 V           ; 0.277 V                              ; 0.297 V                              ; 4.54e-09 s                  ; 3.32e-09 s                  ; No                         ; No                         ; 3.08 V                      ; 1.54e-08 V                  ; 3.09 V             ; -0.0119 V          ; 0.277 V                             ; 0.297 V                             ; 4.54e-09 s                 ; 3.32e-09 s                 ; No                        ; No                        ;
; led[6]        ; 3.3-V LVTTL  ; 0 s                 ; 0 s                 ; 3.08 V                       ; 1.54e-08 V                   ; 3.16 V              ; -0.11 V             ; 0.302 V                              ; 0.22 V                               ; 4.82e-10 s                  ; 4.27e-10 s                  ; Yes                        ; No                         ; 3.08 V                      ; 1.54e-08 V                  ; 3.16 V             ; -0.11 V            ; 0.302 V                             ; 0.22 V                              ; 4.82e-10 s                 ; 4.27e-10 s                 ; Yes                       ; No                        ;
; led[7]        ; 3.3-V LVTTL  ; 0 s                 ; 0 s                 ; 3.08 V                       ; 1.54e-08 V                   ; 3.09 V              ; -0.0119 V           ; 0.277 V                              ; 0.297 V                              ; 4.54e-09 s                  ; 3.32e-09 s                  ; No                         ; No                         ; 3.08 V                      ; 1.54e-08 V                  ; 3.09 V             ; -0.0119 V          ; 0.277 V                             ; 0.297 V                             ; 4.54e-09 s                 ; 3.32e-09 s                 ; No                        ; No                        ;
; ~ALTERA_DCLK~ ; 3.3-V LVTTL  ; 0 s                 ; 0 s                 ; 3.08 V                       ; 8.05e-09 V                   ; 3.21 V              ; -0.181 V            ; 0.16 V                               ; 0.253 V                              ; 2.77e-10 s                  ; 2.32e-10 s                  ; No                         ; Yes                        ; 3.08 V                      ; 8.05e-09 V                  ; 3.21 V             ; -0.181 V           ; 0.16 V                              ; 0.253 V                             ; 2.77e-10 s                 ; 2.32e-10 s                 ; No                        ; Yes                       ;
; ~ALTERA_nCEO~ ; 2.5 V        ; 0 s                 ; 0 s                 ; 2.32 V                       ; 5.61e-09 V                   ; 2.38 V              ; -0.00274 V          ; 0.141 V                              ; 0.006 V                              ; 4.7e-10 s                   ; 6.02e-10 s                  ; Yes                        ; Yes                        ; 2.32 V                      ; 5.61e-09 V                  ; 2.38 V             ; -0.00274 V         ; 0.141 V                             ; 0.006 V                             ; 4.7e-10 s                  ; 6.02e-10 s                 ; Yes                       ; Yes                       ;
+---------------+--------------+---------------------+---------------------+------------------------------+------------------------------+---------------------+---------------------+--------------------------------------+--------------------------------------+-----------------------------+-----------------------------+----------------------------+----------------------------+-----------------------------+-----------------------------+--------------------+--------------------+-------------------------------------+-------------------------------------+----------------------------+----------------------------+---------------------------+---------------------------+


+--------------------------------------------------------------------------------------------------------------------------------------------------------------------------------------------------------------------------------------------------------------------------------------------------------------------------------------------------------------------------------------------------------------------------------------------------------------------------------------------------------------------------------------------------------------------------------------------------------------------------------------------------------------------------------------------+
; Signal Integrity Metrics (Slow 1200mv 85c Model)                                                                                                                                                                                                                                                                                                                                                                                                                                                                                                                                                                                                                                           ;
+---------------+--------------+---------------------+---------------------+------------------------------+------------------------------+---------------------+---------------------+--------------------------------------+--------------------------------------+-----------------------------+-----------------------------+----------------------------+----------------------------+-----------------------------+-----------------------------+--------------------+--------------------+-------------------------------------+-------------------------------------+----------------------------+----------------------------+---------------------------+---------------------------+
; Pin           ; I/O Standard ; Board Delay on Rise ; Board Delay on Fall ; Steady State Voh at FPGA Pin ; Steady State Vol at FPGA Pin ; Voh Max at FPGA Pin ; Vol Min at FPGA Pin ; Ringback Voltage on Rise at FPGA Pin ; Ringback Voltage on Fall at FPGA Pin ; 10-90 Rise Time at FPGA Pin ; 90-10 Fall Time at FPGA Pin ; Monotonic Rise at FPGA Pin ; Monotonic Fall at FPGA Pin ; Steady State Voh at Far-end ; Steady State Vol at Far-end ; Voh Max at Far-end ; Vol Min at Far-end ; Ringback Voltage on Rise at Far-end ; Ringback Voltage on Fall at Far-end ; 10-90 Rise Time at Far-end ; 90-10 Fall Time at Far-end ; Monotonic Rise at Far-end ; Monotonic Fall at Far-end ;
+---------------+--------------+---------------------+---------------------+------------------------------+------------------------------+---------------------+---------------------+--------------------------------------+--------------------------------------+-----------------------------+-----------------------------+----------------------------+----------------------------+-----------------------------+-----------------------------+--------------------+--------------------+-------------------------------------+-------------------------------------+----------------------------+----------------------------+---------------------------+---------------------------+
; tx            ; 3.3-V LVTTL  ; 0 s                 ; 0 s                 ; 3.08 V                       ; 2.99e-06 V                   ; 3.11 V              ; -0.0717 V           ; 0.209 V                              ; 0.168 V                              ; 6.66e-10 s                  ; 6.19e-10 s                  ; Yes                        ; No                         ; 3.08 V                      ; 2.99e-06 V                  ; 3.11 V             ; -0.0717 V          ; 0.209 V                             ; 0.168 V                             ; 6.66e-10 s                 ; 6.19e-10 s                 ; Yes                       ; No                        ;
; led[0]        ; 3.3-V LVTTL  ; 0 s                 ; 0 s                 ; 3.08 V                       ; 2.99e-06 V                   ; 3.11 V              ; -0.0717 V           ; 0.209 V                              ; 0.168 V                              ; 6.66e-10 s                  ; 6.19e-10 s                  ; Yes                        ; No                         ; 3.08 V                      ; 2.99e-06 V                  ; 3.11 V             ; -0.0717 V          ; 0.209 V                             ; 0.168 V                             ; 6.66e-10 s                 ; 6.19e-10 s                 ; Yes                       ; No                        ;
; led[1]        ; 3.3-V LVTTL  ; 0 s                 ; 0 s                 ; 3.08 V                       ; 2.99e-06 V                   ; 3.11 V              ; -0.0717 V           ; 0.209 V                              ; 0.168 V                              ; 6.66e-10 s                  ; 6.19e-10 s                  ; Yes                        ; No                         ; 3.08 V                      ; 2.99e-06 V                  ; 3.11 V             ; -0.0717 V          ; 0.209 V                             ; 0.168 V                             ; 6.66e-10 s                 ; 6.19e-10 s                 ; Yes                       ; No                        ;
; led[2]        ; 3.3-V LVTTL  ; 0 s                 ; 0 s                 ; 3.08 V                       ; 2.99e-06 V                   ; 3.11 V              ; -0.0717 V           ; 0.209 V                              ; 0.168 V                              ; 6.66e-10 s                  ; 6.19e-10 s                  ; Yes                        ; No                         ; 3.08 V                      ; 2.99e-06 V                  ; 3.11 V             ; -0.0717 V          ; 0.209 V                             ; 0.168 V                             ; 6.66e-10 s                 ; 6.19e-10 s                 ; Yes                       ; No                        ;
; led[3]        ; 3.3-V LVTTL  ; 0 s                 ; 0 s                 ; 3.08 V                       ; 2.99e-06 V                   ; 3.11 V              ; -0.0717 V           ; 0.209 V                              ; 0.168 V                              ; 6.66e-10 s                  ; 6.19e-10 s                  ; Yes                        ; No                         ; 3.08 V                      ; 2.99e-06 V                  ; 3.11 V             ; -0.0717 V          ; 0.209 V                             ; 0.168 V                             ; 6.66e-10 s                 ; 6.19e-10 s                 ; Yes                       ; No                        ;
; led[4]        ; 3.3-V LVTTL  ; 0 s                 ; 0 s                 ; 3.08 V                       ; 2e-06 V                      ; 3.12 V              ; -0.0547 V           ; 0.276 V                              ; 0.181 V                              ; 9.17e-10 s                  ; 8.31e-10 s                  ; Yes                        ; No                         ; 3.08 V                      ; 2e-06 V                     ; 3.12 V             ; -0.0547 V          ; 0.276 V                             ; 0.181 V                             ; 9.17e-10 s                 ; 8.31e-10 s                 ; Yes                       ; No                        ;
; led[5]        ; 3.3-V LVTTL  ; 0 s                 ; 0 s                 ; 3.08 V                       ; 2e-06 V                      ; 3.08 V              ; -0.00666 V          ; 0.298 V                              ; 0.277 V                              ; 5.29e-09 s                  ; 4.2e-09 s                   ; Yes                        ; No                         ; 3.08 V                      ; 2e-06 V                     ; 3.08 V             ; -0.00666 V         ; 0.298 V                             ; 0.277 V                             ; 5.29e-09 s                 ; 4.2e-09 s                  ; Yes                       ; No                        ;
; led[6]        ; 3.3-V LVTTL  ; 0 s                 ; 0 s                 ; 3.08 V                       ; 2e-06 V                      ; 3.13 V              ; -0.0781 V           ; 0.202 V                              ; 0.359 V                              ; 6.54e-10 s                  ; 5e-10 s                     ; No                         ; No                         ; 3.08 V                      ; 2e-06 V                     ; 3.13 V             ; -0.0781 V          ; 0.202 V                             ; 0.359 V                             ; 6.54e-10 s                 ; 5e-10 s                    ; No                        ; No                        ;
; led[7]        ; 3.3-V LVTTL  ; 0 s                 ; 0 s                 ; 3.08 V                       ; 2e-06 V                      ; 3.08 V              ; -0.00666 V          ; 0.298 V                              ; 0.277 V                              ; 5.29e-09 s                  ; 4.2e-09 s                   ; Yes                        ; No                         ; 3.08 V                      ; 2e-06 V                     ; 3.08 V             ; -0.00666 V         ; 0.298 V                             ; 0.277 V                             ; 5.29e-09 s                 ; 4.2e-09 s                  ; Yes                       ; No                        ;
; ~ALTERA_DCLK~ ; 3.3-V LVTTL  ; 0 s                 ; 0 s                 ; 3.08 V                       ; 1.02e-06 V                   ; 3.14 V              ; -0.123 V            ; 0.134 V                              ; 0.323 V                              ; 3.02e-10 s                  ; 2.85e-10 s                  ; Yes                        ; No                         ; 3.08 V                      ; 1.02e-06 V                  ; 3.14 V             ; -0.123 V           ; 0.134 V                             ; 0.323 V                             ; 3.02e-10 s                 ; 2.85e-10 s                 ; Yes                       ; No                        ;
; ~ALTERA_nCEO~ ; 2.5 V        ; 0 s                 ; 0 s                 ; 2.32 V                       ; 9.45e-07 V                   ; 2.35 V              ; -0.00643 V          ; 0.081 V                              ; 0.031 V                              ; 5.31e-10 s                  ; 7.59e-10 s                  ; Yes                        ; Yes                        ; 2.32 V                      ; 9.45e-07 V                  ; 2.35 V             ; -0.00643 V         ; 0.081 V                             ; 0.031 V                             ; 5.31e-10 s                 ; 7.59e-10 s                 ; Yes                       ; Yes                       ;
+---------------+--------------+---------------------+---------------------+------------------------------+------------------------------+---------------------+---------------------+--------------------------------------+--------------------------------------+-----------------------------+-----------------------------+----------------------------+----------------------------+-----------------------------+-----------------------------+--------------------+--------------------+-------------------------------------+-------------------------------------+----------------------------+----------------------------+---------------------------+---------------------------+


+--------------------------------------------------------------------------------------------------------------------------------------------------------------------------------------------------------------------------------------------------------------------------------------------------------------------------------------------------------------------------------------------------------------------------------------------------------------------------------------------------------------------------------------------------------------------------------------------------------------------------------------------------------------------------------------------+
; Signal Integrity Metrics (Fast 1200mv 0c Model)                                                                                                                                                                                                                                                                                                                                                                                                                                                                                                                                                                                                                                            ;
+---------------+--------------+---------------------+---------------------+------------------------------+------------------------------+---------------------+---------------------+--------------------------------------+--------------------------------------+-----------------------------+-----------------------------+----------------------------+----------------------------+-----------------------------+-----------------------------+--------------------+--------------------+-------------------------------------+-------------------------------------+----------------------------+----------------------------+---------------------------+---------------------------+
; Pin           ; I/O Standard ; Board Delay on Rise ; Board Delay on Fall ; Steady State Voh at FPGA Pin ; Steady State Vol at FPGA Pin ; Voh Max at FPGA Pin ; Vol Min at FPGA Pin ; Ringback Voltage on Rise at FPGA Pin ; Ringback Voltage on Fall at FPGA Pin ; 10-90 Rise Time at FPGA Pin ; 90-10 Fall Time at FPGA Pin ; Monotonic Rise at FPGA Pin ; Monotonic Fall at FPGA Pin ; Steady State Voh at Far-end ; Steady State Vol at Far-end ; Voh Max at Far-end ; Vol Min at Far-end ; Ringback Voltage on Rise at Far-end ; Ringback Voltage on Fall at Far-end ; 10-90 Rise Time at Far-end ; 90-10 Fall Time at Far-end ; Monotonic Rise at Far-end ; Monotonic Fall at Far-end ;
+---------------+--------------+---------------------+---------------------+------------------------------+------------------------------+---------------------+---------------------+--------------------------------------+--------------------------------------+-----------------------------+-----------------------------+----------------------------+----------------------------+-----------------------------+-----------------------------+--------------------+--------------------+-------------------------------------+-------------------------------------+----------------------------+----------------------------+---------------------------+---------------------------+
; tx            ; 3.3-V LVTTL  ; 0 s                 ; 0 s                 ; 3.46 V                       ; 1.85e-07 V                   ; 3.57 V              ; -0.141 V            ; 0.301 V                              ; 0.239 V                              ; 4.61e-10 s                  ; 4.2e-10 s                   ; No                         ; No                         ; 3.46 V                      ; 1.85e-07 V                  ; 3.57 V             ; -0.141 V           ; 0.301 V                             ; 0.239 V                             ; 4.61e-10 s                 ; 4.2e-10 s                  ; No                        ; No                        ;
; led[0]        ; 3.3-V LVTTL  ; 0 s                 ; 0 s                 ; 3.46 V                       ; 1.85e-07 V                   ; 3.57 V              ; -0.141 V            ; 0.301 V                              ; 0.239 V                              ; 4.61e-10 s                  ; 4.2e-10 s                   ; No                         ; No                         ; 3.46 V                      ; 1.85e-07 V                  ; 3.57 V             ; -0.141 V           ; 0.301 V                             ; 0.239 V                             ; 4.61e-10 s                 ; 4.2e-10 s                  ; No                        ; No                        ;
; led[1]        ; 3.3-V LVTTL  ; 0 s                 ; 0 s                 ; 3.46 V                       ; 1.85e-07 V                   ; 3.57 V              ; -0.141 V            ; 0.301 V                              ; 0.239 V                              ; 4.61e-10 s                  ; 4.2e-10 s                   ; No                         ; No                         ; 3.46 V                      ; 1.85e-07 V                  ; 3.57 V             ; -0.141 V           ; 0.301 V                             ; 0.239 V                             ; 4.61e-10 s                 ; 4.2e-10 s                  ; No                        ; No                        ;
; led[2]        ; 3.3-V LVTTL  ; 0 s                 ; 0 s                 ; 3.46 V                       ; 1.85e-07 V                   ; 3.57 V              ; -0.141 V            ; 0.301 V                              ; 0.239 V                              ; 4.61e-10 s                  ; 4.2e-10 s                   ; No                         ; No                         ; 3.46 V                      ; 1.85e-07 V                  ; 3.57 V             ; -0.141 V           ; 0.301 V                             ; 0.239 V                             ; 4.61e-10 s                 ; 4.2e-10 s                  ; No                        ; No                        ;
; led[3]        ; 3.3-V LVTTL  ; 0 s                 ; 0 s                 ; 3.46 V                       ; 1.85e-07 V                   ; 3.57 V              ; -0.141 V            ; 0.301 V                              ; 0.239 V                              ; 4.61e-10 s                  ; 4.2e-10 s                   ; No                         ; No                         ; 3.46 V                      ; 1.85e-07 V                  ; 3.57 V             ; -0.141 V           ; 0.301 V                             ; 0.239 V                             ; 4.61e-10 s                 ; 4.2e-10 s                  ; No                        ; No                        ;
; led[4]        ; 3.3-V LVTTL  ; 0 s                 ; 0 s                 ; 3.46 V                       ; 1.25e-07 V                   ; 3.57 V              ; -0.0855 V           ; 0.315 V                              ; 0.175 V                              ; 6.79e-10 s                  ; 6.15e-10 s                  ; No                         ; No                         ; 3.46 V                      ; 1.25e-07 V                  ; 3.57 V             ; -0.0855 V          ; 0.315 V                             ; 0.175 V                             ; 6.79e-10 s                 ; 6.15e-10 s                 ; No                        ; No                        ;
; led[5]        ; 3.3-V LVTTL  ; 0 s                 ; 0 s                 ; 3.46 V                       ; 1.25e-07 V                   ; 3.48 V              ; -0.0162 V           ; 0.354 V                              ; 0.317 V                              ; 3.88e-09 s                  ; 3.06e-09 s                  ; No                         ; No                         ; 3.46 V                      ; 1.25e-07 V                  ; 3.48 V             ; -0.0162 V          ; 0.354 V                             ; 0.317 V                             ; 3.88e-09 s                 ; 3.06e-09 s                 ; No                        ; No                        ;
; led[6]        ; 3.3-V LVTTL  ; 0 s                 ; 0 s                 ; 3.46 V                       ; 1.25e-07 V                   ; 3.6 V               ; -0.127 V            ; 0.302 V                              ; 0.21 V                               ; 4.55e-10 s                  ; 4.11e-10 s                  ; No                         ; No                         ; 3.46 V                      ; 1.25e-07 V                  ; 3.6 V              ; -0.127 V           ; 0.302 V                             ; 0.21 V                              ; 4.55e-10 s                 ; 4.11e-10 s                 ; No                        ; No                        ;
; led[7]        ; 3.3-V LVTTL  ; 0 s                 ; 0 s                 ; 3.46 V                       ; 1.25e-07 V                   ; 3.48 V              ; -0.0162 V           ; 0.354 V                              ; 0.317 V                              ; 3.88e-09 s                  ; 3.06e-09 s                  ; No                         ; No                         ; 3.46 V                      ; 1.25e-07 V                  ; 3.48 V             ; -0.0162 V          ; 0.354 V                             ; 0.317 V                             ; 3.88e-09 s                 ; 3.06e-09 s                 ; No                        ; No                        ;
; ~ALTERA_DCLK~ ; 3.3-V LVTTL  ; 0 s                 ; 0 s                 ; 3.46 V                       ; 6.54e-08 V                   ; 3.66 V              ; -0.26 V             ; 0.41 V                               ; 0.32 V                               ; 1.57e-10 s                  ; 2.15e-10 s                  ; No                         ; Yes                        ; 3.46 V                      ; 6.54e-08 V                  ; 3.66 V             ; -0.26 V            ; 0.41 V                              ; 0.32 V                              ; 1.57e-10 s                 ; 2.15e-10 s                 ; No                        ; Yes                       ;
; ~ALTERA_nCEO~ ; 2.5 V        ; 0 s                 ; 0 s                 ; 2.62 V                       ; 3.54e-08 V                   ; 2.7 V               ; -0.00943 V          ; 0.276 V                              ; 0.035 V                              ; 3.19e-10 s                  ; 4.99e-10 s                  ; No                         ; Yes                        ; 2.62 V                      ; 3.54e-08 V                  ; 2.7 V              ; -0.00943 V         ; 0.276 V                             ; 0.035 V                             ; 3.19e-10 s                 ; 4.99e-10 s                 ; No                        ; Yes                       ;
+---------------+--------------+---------------------+---------------------+------------------------------+------------------------------+---------------------+---------------------+--------------------------------------+--------------------------------------+-----------------------------+-----------------------------+----------------------------+----------------------------+-----------------------------+-----------------------------+--------------------+--------------------+-------------------------------------+-------------------------------------+----------------------------+----------------------------+---------------------------+---------------------------+


+-------------------------------------------------------------------+
; Setup Transfers                                                   ;
+------------+----------+----------+----------+----------+----------+
; From Clock ; To Clock ; RR Paths ; FR Paths ; RF Paths ; FF Paths ;
+------------+----------+----------+----------+----------+----------+
; clk_50     ; clk_50   ; 34153    ; 0        ; 0        ; 0        ;
+------------+----------+----------+----------+----------+----------+
Entries labeled "false path" only account for clock-to-clock false paths and not path-based false paths. As a result, actual path counts may be lower than reported.


+-------------------------------------------------------------------+
; Hold Transfers                                                    ;
+------------+----------+----------+----------+----------+----------+
; From Clock ; To Clock ; RR Paths ; FR Paths ; RF Paths ; FF Paths ;
+------------+----------+----------+----------+----------+----------+
; clk_50     ; clk_50   ; 34153    ; 0        ; 0        ; 0        ;
+------------+----------+----------+----------+----------+----------+
Entries labeled "false path" only account for clock-to-clock false paths and not path-based false paths. As a result, actual path counts may be lower than reported.


+-------------------------------------------------------------------+
; Recovery Transfers                                                ;
+------------+----------+----------+----------+----------+----------+
; From Clock ; To Clock ; RR Paths ; FR Paths ; RF Paths ; FF Paths ;
+------------+----------+----------+----------+----------+----------+
; clk_50     ; clk_50   ; 112      ; 0        ; 0        ; 0        ;
+------------+----------+----------+----------+----------+----------+
Entries labeled "false path" only account for clock-to-clock false paths and not path-based false paths. As a result, actual path counts may be lower than reported.


+-------------------------------------------------------------------+
; Removal Transfers                                                 ;
+------------+----------+----------+----------+----------+----------+
; From Clock ; To Clock ; RR Paths ; FR Paths ; RF Paths ; FF Paths ;
+------------+----------+----------+----------+----------+----------+
; clk_50     ; clk_50   ; 112      ; 0        ; 0        ; 0        ;
+------------+----------+----------+----------+----------+----------+
Entries labeled "false path" only account for clock-to-clock false paths and not path-based false paths. As a result, actual path counts may be lower than reported.


---------------
; Report TCCS ;
---------------
No dedicated SERDES Transmitter circuitry present in device or used in design


---------------
; Report RSKM ;
---------------
No non-DPA dedicated SERDES Receiver circuitry present in device or used in design


+------------------------------------------------+
; Unconstrained Paths Summary                    ;
+---------------------------------+-------+------+
; Property                        ; Setup ; Hold ;
+---------------------------------+-------+------+
; Illegal Clocks                  ; 0     ; 0    ;
; Unconstrained Clocks            ; 0     ; 0    ;
; Unconstrained Input Ports       ; 0     ; 0    ;
; Unconstrained Input Port Paths  ; 0     ; 0    ;
; Unconstrained Output Ports      ; 0     ; 0    ;
; Unconstrained Output Port Paths ; 0     ; 0    ;
+---------------------------------+-------+------+


+--------------------------------------+
; Clock Status Summary                 ;
+--------+--------+------+-------------+
; Target ; Clock  ; Type ; Status      ;
+--------+--------+------+-------------+
; clk    ; clk_50 ; Base ; Constrained ;
+--------+--------+------+-------------+


+--------------------------+
; Timing Analyzer Messages ;
+--------------------------+
Info: *******************************************************************
Info: Running Quartus Prime Timing Analyzer
    Info: Version 22.1std.1 Build 917 02/14/2023 SC Lite Edition
    Info: Processing started: Fri Sep 11 01:31:24 2026
Info: Command: quartus_sta week6 -c week6
Info: qsta_default_script.tcl version: #1
Warning (18236): Number of processors has not been specified which may cause overloading on shared machines.  Set the global assignment NUM_PARALLEL_PROCESSORS in your QSF to an appropriate value for best performance.
Info (20030): Parallel compilation is enabled and will use 2 of the 2 processors detected
Info (21077): Low junction temperature is 0 degrees C
Info (21077): High junction temperature is 85 degrees C
Info (332104): Reading SDC File: 'week6.sdc'
Critical Warning (332168): The following clock transfers have no clock uncertainty assignment. For more accurate results, apply clock uncertainty assignments or use the derive_clock_uncertainty command.
    Critical Warning (332169): From clk_50 (Rise) to clk_50 (Rise) (setup and hold)
Info: Found TIMING_ANALYZER_REPORT_SCRIPT_INCLUDE_DEFAULT_ANALYSIS = ON
Info: Analyzing Slow 1200mV 85C Model
Info (332146): Worst-case setup slack is 4.590
    Info (332119):     Slack       End Point TNS Clock 
    Info (332119): ========= =================== =====================
    Info (332119):     4.590               0.000 clk_50 
Info (332146): Worst-case hold slack is 0.320
    Info (332119):     Slack       End Point TNS Clock 
    Info (332119): ========= =================== =====================
    Info (332119):     0.320               0.000 clk_50 
Info (332146): Worst-case recovery slack is 9.653
    Info (332119):     Slack       End Point TNS Clock 
    Info (332119): ========= =================== =====================
    Info (332119):     9.653               0.000 clk_50 
Info (332146): Worst-case removal slack is 1.597
    Info (332119):     Slack       End Point TNS Clock 
    Info (332119): ========= =================== =====================
    Info (332119):     1.597               0.000 clk_50 
Info (332146): Worst-case minimum pulse width slack is 9.487
    Info (332119):     Slack       End Point TNS Clock 
    Info (332119): ========= =================== =====================
    Info (332119):     9.487               0.000 clk_50 
Info: Analyzing Slow 1200mV 0C Model
Info (334003): Started post-fitting delay annotation
Info (334004): Delay annotation completed successfully
Critical Warning (332168): The following clock transfers have no clock uncertainty assignment. For more accurate results, apply clock uncertainty assignments or use the derive_clock_uncertainty command.
    Critical Warning (332169): From clk_50 (Rise) to clk_50 (Rise) (setup and hold)
Info (332146): Worst-case setup slack is 5.621
    Info (332119):     Slack       End Point TNS Clock 
    Info (332119): ========= =================== =====================
    Info (332119):     5.621               0.000 clk_50 
Info (332146): Worst-case hold slack is 0.296
    Info (332119):     Slack       End Point TNS Clock 
    Info (332119): ========= =================== =====================
    Info (332119):     0.296               0.000 clk_50 
Info (332146): Worst-case recovery slack is 10.242
    Info (332119):     Slack       End Point TNS Clock 
    Info (332119): ========= =================== =====================
    Info (332119):    10.242               0.000 clk_50 
Info (332146): Worst-case removal slack is 1.440
    Info (332119):     Slack       End Point TNS Clock 
    Info (332119): ========= =================== =====================
    Info (332119):     1.440               0.000 clk_50 
Info (332146): Worst-case minimum pulse width slack is 9.489
    Info (332119):     Slack       End Point TNS Clock 
    Info (332119): ========= =================== =====================
    Info (332119):     9.489               0.000 clk_50 
Info: Analyzing Fast 1200mV 0C Model
Critical Warning (332168): The following clock transfers have no clock uncertainty assignment. For more accurate results, apply clock uncertainty assignments or use the derive_clock_uncertainty command.
    Critical Warning (332169): From clk_50 (Rise) to clk_50 (Rise) (setup and hold)
Info (332146): Worst-case setup slack is 8.549
    Info (332119):     Slack       End Point TNS Clock 
    Info (332119): ========= =================== =====================
    Info (332119):     8.549               0.000 clk_50 
Info (332146): Worst-case hold slack is 0.145
    Info (332119):     Slack       End Point TNS Clock 
    Info (332119): ========= =================== =====================
    Info (332119):     0.145               0.000 clk_50 
Info (332146): Worst-case recovery slack is 11.452
    Info (332119):     Slack       End Point TNS Clock 
    Info (332119): ========= =================== =====================
    Info (332119):    11.452               0.000 clk_50 
Info (332146): Worst-case removal slack is 0.906
    Info (332119):     Slack       End Point TNS Clock 
    Info (332119): ========= =================== =====================
    Info (332119):     0.906               0.000 clk_50 
Info (332146): Worst-case minimum pulse width slack is 9.208
    Info (332119):     Slack       End Point TNS Clock 
    Info (332119): ========= =================== =====================
    Info (332119):     9.208               0.000 clk_50 
Info (332101): Design is fully constrained for setup requirements
Info (332101): Design is fully constrained for hold requirements
Info: Quartus Prime Timing Analyzer was successful. 0 errors, 7 warnings
    Info: Peak virtual memory: 4799 megabytes
    Info: Processing ended: Fri Sep 11 01:31:29 2026
    Info: Elapsed time: 00:00:05
    Info: Total CPU time (on all processors): 00:00:04


